id,parent_id,level,name,slug,hs_code,isic_code,synonyms,natural_scale,facets
1000,,sector,"Leather, footwear and leather goods",leather-footwear-and-leather-goods,41;42;64,15,leather industry,city,tannage=chrome|vegetable|combination;hide_origin=local|imported
1001,1000,industry,Leather tanning and finishing,leather-tanning-and-finishing,41,1511,tanneries;leather processing,city,material=cowhide|buffalo|goat|sheep|pig|camel|exotic;process=chrome tanning|vegetable tanning|combination tanning|aldehyde (wet-white) tanning;cert=Leather Working Group|ISO 14001|ZDHC;spec=thickness mm|finish|colour
1002,1001,family,Bovine and buffalo leather,bovine-and-buffalo-leather,4107,1511,,national,
1003,1002,product,Full-grain crust and finished cowhide,full-grain-crust-and-finished-cowhide,410441,1511,crust leather;full grain cow leather,national,
1004,1003,variant,Aniline cowhide leather,aniline-cowhide-leather,,1511,,national,
1005,1003,variant,Semi-aniline cowhide leather,semi-aniline-cowhide-leather,,1511,,national,
1006,1003,variant,Pigmented (corrected-grain) cowhide leather,pigmented-corrected-grain-cowhide-leather,,1511,,national,
1007,1003,variant,Nubuck and suede cowhide leather,nubuck-and-suede-cowhide-leather,,1511,,national,
1008,1003,variant,Buffalo leather,buffalo-leather,410712,1511,buffalo hide leather,national,
1009,1002,product,Wet blue and wet white hides,wet-blue-and-wet-white-hides,410411,1511,wet-blue;wet-white,national,
1010,1002,product,Split leather,split-leather,410712,1511,suede split;cow split,national,
1011,1002,product,Embossed and printed bovine leather,embossed-and-printed-bovine-leather,410719,1511,,national,
1012,1001,family,Sheep and lamb leather,sheep-and-lamb-leather,4105,1511,,national,
1013,1012,product,Nappa sheep leather,nappa-sheep-leather,410530,1511,garment nappa,national,
1014,1012,product,Shearling and sheepskin with wool,shearling-and-sheepskin-with-wool,4302,1511,sheepskin shearling,national,
1015,1001,family,Goat and kid leather,goat-and-kid-leather,4106,1511,,national,
1016,1015,product,Goat glove and garment leather,goat-glove-and-garment-leather,410622,1511,goatskin,national,
1017,1015,product,Goat lining leather,goat-lining-leather,410622,1511,,national,
1018,1001,family,Exotic and reptile leather,exotic-and-reptile-leather,4106,1511,,global,
1019,1018,product,Crocodile and alligator leather,crocodile-and-alligator-leather,410640,1511,,global,
1020,1018,product,Snake and lizard leather,snake-and-lizard-leather,410640,1511,python leather,global,
1021,1018,product,Ostrich leather,ostrich-leather,410691,1511,,global,
1022,1001,family,"Patent, metallised and chamois leather",patent-metallised-and-chamois-leather,4114,1511,,national,
1023,1022,product,Patent leather,patent-leather,411420,1511,,national,
1024,1022,product,Metallised leather,metallised-leather,411420,1511,,national,
1025,1022,product,Chamois leather,chamois-leather,411410,1511,shammy,national,
1026,1001,family,Composition and reconstituted leather,composition-and-reconstituted-leather,411510,1511,bonded leather,national,
1027,1001,family,Sole and technical leather,sole-and-technical-leather,4107,1511,,national,
1028,1027,product,Vegetable-tanned sole leather,vegetable-tanned-sole-leather,410791,1511,bend leather,national,
1029,1027,product,Saddlery and strap leather,saddlery-and-strap-leather,410799,1511,harness leather;belt butts,national,
1030,1000,industry,Leather garments,leather-garments,4203,1410,leather apparel,city,material=lambskin|cowhide|goatskin|suede|PU-coated split;process=cut-and-sew|tumbling|garment dyeing;spec=size range|lining
1031,1030,family,Leather jackets,leather-jackets,420310,1410,,national,
1032,1031,product,Biker leather jackets,biker-leather-jackets,420310,1410,motorcycle jackets;racing jackets,national,also_under=motorcycle-riding-jackets-and-pants
1033,1031,product,Bomber and aviator leather jackets,bomber-and-aviator-leather-jackets,420310,1410,flight jackets,national,
1034,1031,product,Blazer and fashion leather jackets,blazer-and-fashion-leather-jackets,420310,1410,,national,
1035,1031,product,Trench and long leather coats,trench-and-long-leather-coats,420310,1410,leather overcoats,national,
1036,1031,product,Leather vests and waistcoats,leather-vests-and-waistcoats,420310,1410,gilets,national,
1037,1031,product,Shearling and sheepskin coats,shearling-and-sheepskin-coats,420310,1410,afghan coats;aviator shearling,national,
1038,1030,family,Leather trousers and shorts,leather-trousers-and-shorts,420310,1410,leather pants,national,
1039,1030,family,Leather skirts and dresses,leather-skirts-and-dresses,420310,1410,,national,
1040,1030,family,Leather aprons and protective garments,leather-aprons-and-protective-garments,420310,1410,welding aprons;chaps,national,
1041,1000,industry,Leather gloves,leather-gloves,4203,1410,glove makers,city,material=cowhide|goatskin|deerskin|sheepskin|pigskin|synthetic leather;process=cut-and-sew|pre-sewn|fourchette construction|welt;spec=size|lining|cuff;standard=EN 388|EN 407|EN 420|ISO 11999;cert=ISO 9001|OEKO-TEX
1042,1041,family,Fashion and dress leather gloves,fashion-and-dress-leather-gloves,420329,1410,,national,
1043,1042,product,Ladies dress leather gloves,ladies-dress-leather-gloves,420329,1410,,national,
1044,1042,product,Men's driving leather gloves,mens-driving-leather-gloves,420329,1410,driver gloves,national,
1045,1042,product,Lined winter leather gloves,lined-winter-leather-gloves,420329,1410,fur-lined gloves;thinsulate gloves,national,
1046,1042,product,Leather mittens,leather-mittens,420329,1410,,national,
1047,1041,family,Industrial and work leather gloves,industrial-and-work-leather-gloves,420329,1410,safety gloves;mechanics gloves,national,
1048,1047,product,Welders leather gloves,welders-leather-gloves,420329,1410,welding gauntlets,national,
1049,1047,product,Driver and general work leather gloves,driver-and-general-work-leather-gloves,420329,1410,cowhide work gloves,national,
1050,1047,product,Cut-resistant leather gloves,cut-resistant-leather-gloves,420329,1410,kevlar leather gloves,national,
1051,1047,product,Heat-resistant leather gloves,heat-resistant-leather-gloves,420329,1410,foundry gloves,national,
1052,1041,family,Sports leather gloves,sports-leather-gloves,420321,1410,,national,
1053,1052,product,Cricket batting gloves,cricket-batting-gloves,420321,1410,,national,also_under=cricket-protective-gear
1054,1052,product,Wicketkeeping gloves,wicketkeeping-gloves,420321,1410,,national,also_under=cricket-protective-gear
1055,1052,product,Football goalkeeper gloves,football-goalkeeper-gloves,420321,1410,goalie gloves,national,also_under=football-shin-guards-and-goalkeeper-gear
1056,1052,product,Boxing gloves,boxing-gloves,420321,1410,sparring gloves;bag gloves,national,also_under=boxing-hand-protection
1057,1052,product,MMA and grappling gloves,mma-and-grappling-gloves,420321,1410,,national,
1058,1052,product,Baseball and softball gloves,baseball-and-softball-gloves,420321,1410,fielding mitts,national,
1059,1052,product,Golf gloves,golf-gloves,420321,1410,,national,also_under=golf-clubs-balls-and-bags
1060,1052,product,Cycling and gym gloves,cycling-and-gym-gloves,420321,1410,weightlifting gloves,national,
1061,1052,product,Motorcycle riding gloves,motorcycle-riding-gloves,420321,1410,biker gloves,national,also_under=motorcycle-riding-gloves-and-boots
1062,1052,product,Equestrian riding gloves,equestrian-riding-gloves,420321,1410,,national,
1063,1052,product,Ski and snowboard gloves,ski-and-snowboard-gloves,420321,1410,,national,
1064,1000,industry,Belts and small leather goods,belts-and-small-leather-goods,4203;4202,1410;1512,leather accessories,city,material=cowhide|buffalo|PU|exotic;process=cut-and-stitch|edge painting|braiding|embossing;spec=width mm|buckle type
1065,1064,family,Leather belts,leather-belts,420330,1410,,national,
1066,1065,product,Dress leather belts,dress-leather-belts,420330,1410,,national,
1067,1065,product,Casual and jeans leather belts,casual-and-jeans-leather-belts,420330,1410,,national,
1068,1065,product,Reversible leather belts,reversible-leather-belts,420330,1410,,national,
1069,1065,product,Braided and woven leather belts,braided-and-woven-leather-belts,420330,1410,,national,
1070,1065,product,Military and tactical belts,military-and-tactical-belts,420330,1410,duty belts,national,
1071,1064,family,Leather wallets and purses,leather-wallets-and-purses,420231,1512,,national,
1072,1071,product,Bi-fold and tri-fold wallets,bi-fold-and-tri-fold-wallets,420231,1512,billfolds,national,
1073,1071,product,Card holders and money clips,card-holders-and-money-clips,420231,1512,,national,
1074,1071,product,Coin purses and pouches,coin-purses-and-pouches,420231,1512,,national,
1075,1071,product,Passport holders and travel wallets,passport-holders-and-travel-wallets,420231,1512,,national,
1076,1071,product,Ladies clutch wallets,ladies-clutch-wallets,420231,1512,,national,
1077,1064,family,Leather key cases and small cases,leather-key-cases-and-small-cases,420231,1512,key pouches,national,
1078,1064,family,Leather mobile phone and tablet cases,leather-mobile-phone-and-tablet-cases,420232,1512,phone covers,national,
1079,1064,family,"Leather pen, spectacle and cigar cases",leather-pen-spectacle-and-cigar-cases,420239,1512,,national,
1080,1064,family,Leather watch straps,leather-watch-straps,911390,1512,watch bands,national,
1081,1000,industry,Leather bags and luggage,leather-bags-and-luggage,4202,1512,bag manufacturers,city,material=cowhide|buffalo|goatskin|PU|canvas-leather combination;process=cut-and-stitch|hand-stitched|moulded;spec=capacity litres|hardware;cert=ISO 9001|BSCI
1082,1081,family,Leather handbags,leather-handbags,420221,1512,ladies bags,national,
1083,1082,product,Tote bags,tote-bags,420221,1512,shopper bags,national,
1084,1082,product,Satchel and messenger handbags,satchel-and-messenger-handbags,420221,1512,,national,
1085,1082,product,Shoulder and hobo bags,shoulder-and-hobo-bags,420221,1512,,national,
1086,1082,product,Crossbody and sling bags,crossbody-and-sling-bags,420221,1512,,national,
1087,1082,product,Clutch and evening bags,clutch-and-evening-bags,420221,1512,,national,
1088,1082,product,Bucket and bowling bags,bucket-and-bowling-bags,420221,1512,,national,
1089,1081,family,Leather business bags,leather-business-bags,420211,1512,,national,
1090,1089,product,Leather briefcases,leather-briefcases,420211,1512,attache cases,national,
1091,1089,product,Leather laptop bags,leather-laptop-bags,420211,1512,,national,
1092,1089,product,Leather portfolios and document cases,leather-portfolios-and-document-cases,420211,1512,,national,
1093,1081,family,Leather travel bags,leather-travel-bags,420211,1512,,national,
1094,1093,product,Leather duffel and weekender bags,leather-duffel-and-weekender-bags,420211,1512,holdalls,national,
1095,1093,product,Leather suitcases and trunks,leather-suitcases-and-trunks,420211,1512,,national,
1096,1093,product,Leather toiletry and cosmetic bags,leather-toiletry-and-cosmetic-bags,420211,1512,vanity cases,national,
1097,1081,family,Leather backpacks and rucksacks,leather-backpacks-and-rucksacks,420219,1512,,national,
1098,1081,family,Leather tool bags and tool belts,leather-tool-bags-and-tool-belts,420291,1512,,national,
1099,1081,family,Leather camera and instrument cases,leather-camera-and-instrument-cases,420291,1512,guitar cases;gun cases,national,
1100,1081,family,Leather jewellery and watch boxes,leather-jewellery-and-watch-boxes,420291,1512,,national,
1101,1000,industry,Leather footwear,leather-footwear,6403,1520,shoe makers;shoe manufacturers,city,material=cowhide|buffalo|goat|suede|nubuck|PU|TPR sole|leather sole|PVC sole;process=Goodyear welted|Blake stitched|cemented|injection moulded|vulcanised|hand-sewn;spec=size range|last|width fitting;standard=EN ISO 20345|EN ISO 20347|ASTM F2413;cert=ISO 9001|BSCI|LWG
1102,1101,family,Men's leather dress shoes,mens-leather-dress-shoes,640351,1520,formal shoes,national,
1103,1102,product,Oxford and derby shoes,oxford-and-derby-shoes,640359,1520,,national,
1104,1102,product,Loafers and moccasins,loafers-and-moccasins,640359,1520,,national,
1105,1102,product,Monk strap shoes,monk-strap-shoes,640359,1520,,national,
1106,1101,family,Women's leather shoes,womens-leather-shoes,640359,1520,,national,
1107,1106,product,Ballet flats and pumps,ballet-flats-and-pumps,640359,1520,,national,
1108,1106,product,Leather heels and court shoes,leather-heels-and-court-shoes,640359,1520,,national,
1109,1101,family,Leather sandals and open footwear,leather-sandals-and-open-footwear,640320,1520,,national,
1110,1109,product,Peshawari chappals,peshawari-chappals,640320,1520,charsadda chappal,national,
1111,1109,product,Kolhapuri and Indian leather sandals,kolhapuri-and-indian-leather-sandals,640320,1520,,national,
1112,1109,product,Leather slippers and khussa,leather-slippers-and-khussa,640359,1520,khussa;punjabi jutti,national,
1113,1109,product,Flip-flops and thongs of leather,flip-flops-and-thongs-of-leather,640320,1520,,national,
1114,1101,family,Leather boots,leather-boots,640351,1520,,national,
1115,1114,product,Chelsea and ankle boots,chelsea-and-ankle-boots,640351,1520,,national,
1116,1114,product,Hiking and trekking boots,hiking-and-trekking-boots,640351,1520,,national,
1117,1114,product,Combat and military boots,combat-and-military-boots,640351,1520,,national,
1118,1114,product,Cowboy and western boots,cowboy-and-western-boots,640351,1520,,national,
1119,1114,product,Riding and equestrian boots,riding-and-equestrian-boots,640351,1520,,national,
1120,1101,family,Safety and work footwear,safety-and-work-footwear,640340,1520,steel toe shoes,national,
1121,1120,product,Steel toe-cap safety shoes,steel-toe-cap-safety-shoes,640340,1520,,national,
1122,1120,product,Composite toe-cap safety boots,composite-toe-cap-safety-boots,640340,1520,,national,
1123,1120,product,Safety footwear for welders and foundries,safety-footwear-for-welders-and-foundries,640340,1520,,national,
1124,1101,family,Leather sports and casual shoes,leather-sports-and-casual-shoes,640319,1520,,national,
1125,1124,product,Leather football boots,leather-football-boots,640319,1520,soccer cleats;studs,national,also_under=football-boots
1126,1124,product,Cricket shoes,cricket-shoes,640319,1520,,national,
1127,1124,product,Leather sneakers,leather-sneakers,640319,1520,,national,
1128,1124,product,School and uniform shoes,school-and-uniform-shoes,640351,1520,,national,
1129,1101,family,Shoe components,shoe-components,6406,1520,footwear parts,national,
1130,1129,product,Shoe uppers and cut parts,shoe-uppers-and-cut-parts,640610,1520,,national,
1131,1129,product,Shoe soles and heels,shoe-soles-and-heels,640620,1520,,national,
1132,1129,product,Insoles and footbeds,insoles-and-footbeds,640690,1520,,national,
1133,1000,industry,"Saddlery, harness and animal goods",saddlery-harness-and-animal-goods,4201,1512,equestrian leather,city,material=cowhide|buffalo|synthetic;process=hand-stitched|machine-stitched;spec=size
1134,1133,family,Horse saddles,horse-saddles,420100,1512,,national,
1135,1133,family,"Bridles, reins and halters",bridles-reins-and-halters,420100,1512,,national,
1136,1133,family,Dog collars and leashes,dog-collars-and-leashes,420100,1512,pet leads,national,
1137,1133,family,Horse blankets and rugs,horse-blankets-and-rugs,420100,1512,,national,
1138,1000,industry,Fur and shearling products,fur-and-shearling-products,4303,1420,fur garments,city,
1139,1138,family,Fur coats and jackets,fur-coats-and-jackets,430310,1420,,national,
1140,1138,family,Fur trim and accessories,fur-trim-and-accessories,430390,1420,,national,
2000,,sector,Surgical and medical goods,surgical-and-medical-goods,9018;3005;3006;4015;9402,32,medical devices,city,regulatory_class=Class I|Class IIa|Class IIb|Class III;sterility=sterile|non-sterile;use=reusable|single-use
2001,2000,industry,Surgical instruments (reusable),surgical-instruments-reusable,9018,3250,surgical instrument makers;surgical instruments manufacturers,city,material=stainless steel 410|stainless steel 420|stainless steel 304|stainless steel 316L|titanium|tungsten carbide inserts;process=forging|die-cutting|CNC machining|hand-finishing|laser marking|heat treatment|electropolishing;spec=length mm|tip type|jaw pattern;standard=ISO 7153-1|DIN 58298|ASTM F899;cert=ISO 13485|CE MDR|FDA establishment registration|DRAP establishment licence
2002,2001,family,Forceps and clamps,forceps-and-clamps,901890,3250,haemostats,national,
2003,2002,product,Artery and haemostatic forceps,artery-and-haemostatic-forceps,901890,3250,haemostatic forceps,national,
2004,2003,variant,Kelly artery forceps,kelly-artery-forceps,901890,3250,Kelly haemostat,national,
2005,2003,variant,Halsted mosquito forceps,halsted-mosquito-forceps,901890,3250,mosquito haemostat,national,
2006,2003,variant,Rochester-Pean forceps,rochester-pean-forceps,901890,3250,Pean forceps,national,
2007,2003,variant,Crile artery forceps,crile-artery-forceps,901890,3250,,national,
2008,2003,variant,Kocher forceps,kocher-forceps,901890,3250,Kocher haemostat,national,
2009,2002,product,Tissue and dissecting forceps,tissue-and-dissecting-forceps,901890,3250,,national,
2010,2009,variant,Adson tissue forceps,adson-tissue-forceps,901890,3250,,national,
2011,2009,variant,Allis tissue forceps,allis-tissue-forceps,901890,3250,,national,
2012,2009,variant,Babcock intestinal forceps,babcock-intestinal-forceps,901890,3250,,national,
2013,2009,variant,DeBakey atraumatic forceps,debakey-atraumatic-forceps,901890,3250,,national,
2014,2009,variant,Russian tissue forceps,russian-tissue-forceps,901890,3250,,national,
2015,2009,variant,Dressing forceps,dressing-forceps,901890,3250,Cushing forceps,national,
2016,2002,product,Sponge and swab holding forceps,sponge-and-swab-holding-forceps,901890,3250,Foerster forceps,national,
2017,2002,product,Towel clamps,towel-clamps,901890,3250,Backhaus clamps,national,
2018,2002,product,Needle holders,needle-holders,901890,3250,needle drivers,national,
2019,2018,variant,Mayo-Hegar needle holders,mayo-hegar-needle-holders,901890,3250,,national,
2020,2018,variant,Olsen-Hegar needle holders,olsen-hegar-needle-holders,901890,3250,,national,
2021,2018,variant,Castroviejo needle holders,castroviejo-needle-holders,901850,3250,,global,
2022,2018,variant,Tungsten carbide needle holders,tungsten-carbide-needle-holders,901890,3250,TC needle holders,national,
2023,2002,product,Vascular clamps,vascular-clamps,901890,3250,,national,
2024,2023,variant,Satinsky vascular clamps,satinsky-vascular-clamps,901890,3250,,global,
2025,2023,variant,Bulldog clamps,bulldog-clamps,901890,3250,,national,
2026,2023,variant,DeBakey vascular clamps,debakey-vascular-clamps,901890,3250,,global,
2027,2002,product,Intestinal and bowel clamps,intestinal-and-bowel-clamps,901890,3250,Doyen clamps,national,
2028,2001,family,Surgical scissors,surgical-scissors,901890,3250,,national,
2029,2028,product,Mayo surgical scissors,mayo-surgical-scissors,901890,3250,,national,
2030,2028,product,Metzenbaum scissors,metzenbaum-scissors,901890,3250,,national,
2031,2028,product,Iris scissors,iris-scissors,901890,3250,,national,
2032,2028,product,Operating scissors,operating-scissors,901890,3250,,national,
2033,2028,product,Dressing and bandage scissors,dressing-and-bandage-scissors,901890,3250,Lister bandage scissors,national,
2034,2028,product,Suture removal scissors,suture-removal-scissors,901890,3250,stitch scissors,national,
2035,2028,product,Episiotomy scissors,episiotomy-scissors,901890,3250,,national,
2036,2028,product,Tungsten carbide scissors,tungsten-carbide-scissors,901890,3250,,national,
2037,2001,family,"Scalpels, blades and knives",scalpels-blades-and-knives,901890,3250,,national,
2038,2037,product,Scalpel handles,scalpel-handles,901890,3250,BP handles,national,
2039,2037,product,Surgical blades,surgical-blades,901890,3250,scalpel blades,national,
2040,2037,product,Disposable scalpels,disposable-scalpels,901890,3250,,national,
2041,2037,product,Amputation and cartilage knives,amputation-and-cartilage-knives,901890,3250,,national,
2042,2001,family,Retractors,retractors,901890,3250,,national,
2043,2042,product,Self-retaining retractors,self-retaining-retractors,901890,3250,,national,
2044,2043,variant,Weitlaner retractors,weitlaner-retractors,901890,3250,,national,
2045,2043,variant,Gelpi retractors,gelpi-retractors,901890,3250,,national,
2046,2043,variant,Balfour abdominal retractors,balfour-abdominal-retractors,901890,3250,,national,
2047,2043,variant,Finochietto rib spreaders,finochietto-rib-spreaders,901890,3250,,global,
2048,2042,product,Hand-held retractors,hand-held-retractors,901890,3250,,national,
2049,2048,variant,Langenbeck retractors,langenbeck-retractors,901890,3250,,national,
2050,2048,variant,Deaver retractors,deaver-retractors,901890,3250,,national,
2051,2048,variant,Army-Navy retractors,army-navy-retractors,901890,3250,,national,
2052,2048,variant,Senn and rake retractors,senn-and-rake-retractors,901890,3250,,national,
2053,2001,family,Bone and orthopaedic surgical instruments,bone-and-orthopaedic-surgical-instruments,901890,3250,orthopaedic instruments,national,
2054,2053,product,Bone rongeurs,bone-rongeurs,901890,3250,Luer rongeurs;Kerrison rongeurs,national,
2055,2053,product,Bone cutting forceps and cutters,bone-cutting-forceps-and-cutters,901890,3250,Liston bone cutters,national,
2056,2053,product,Bone holding and reduction forceps,bone-holding-and-reduction-forceps,901890,3250,Lowman forceps,national,
2057,2053,product,Osteotomes and chisels,osteotomes-and-chisels,901890,3250,,national,
2058,2053,product,Bone curettes and gouges,bone-curettes-and-gouges,901890,3250,,national,
2059,2053,product,Periosteal elevators,periosteal-elevators,901890,3250,,national,
2060,2053,product,Surgical mallets,surgical-mallets,901890,3250,,national,
2061,2053,product,Bone saws and Gigli saws,bone-saws-and-gigli-saws,901890,3250,,national,
2062,2053,product,Orthopaedic drills and reamers,orthopaedic-drills-and-reamers,901890,3250,,national,
2063,2001,family,"Probes, dilators and sounds",probes-dilators-and-sounds,901890,3250,,national,
2064,2063,product,Surgical probes and directors,surgical-probes-and-directors,901890,3250,grooved directors,national,
2065,2063,product,Hegar uterine dilators,hegar-uterine-dilators,901890,3250,,national,
2066,2063,product,Uterine sounds and curettes,uterine-sounds-and-curettes,901890,3250,,national,
2067,2063,product,Urethral sounds and bougies,urethral-sounds-and-bougies,901890,3250,Van Buren sounds,national,
2068,2001,family,Specula and examination instruments,specula-and-examination-instruments,901890,3250,,national,
2069,2068,product,Vaginal specula,vaginal-specula,901890,3250,Cusco speculum;Sims speculum,national,
2070,2068,product,Nasal specula,nasal-specula,901890,3250,Killian speculum,national,
2071,2068,product,Ear specula and otoscope tips,ear-specula-and-otoscope-tips,901890,3250,,national,
2072,2068,product,Proctoscopes and anal specula,proctoscopes-and-anal-specula,901890,3250,,national,
2073,2068,product,Laryngoscope blades and handles,laryngoscope-blades-and-handles,901890,3250,Macintosh blades;Miller blades,national,
2074,2001,family,Suction tubes and cannulae,suction-tubes-and-cannulae,901890,3250,,national,
2075,2074,product,Yankauer suction tubes,yankauer-suction-tubes,901890,3250,,national,
2076,2074,product,Poole and Frazier suction tubes,poole-and-frazier-suction-tubes,901890,3250,,national,
2077,2001,family,Laparoscopic reusable instruments,laparoscopic-reusable-instruments,901890,3250,MIS instruments,national,
2078,2077,product,Laparoscopic graspers and dissectors,laparoscopic-graspers-and-dissectors,901890,3250,,national,
2079,2077,product,Laparoscopic scissors and needle drivers,laparoscopic-scissors-and-needle-drivers,901890,3250,,national,
2080,2077,product,Trocars and cannulae,trocars-and-cannulae,901890,3250,,national,
2081,2001,family,Specialty surgical instruments,specialty-surgical-instruments,901890,3250,,national,
2082,2081,product,ENT surgical instruments,ent-surgical-instruments,901890,3250,,national,
2083,2081,product,Ophthalmic surgical instruments,ophthalmic-surgical-instruments,901850,3250,eye surgery instruments,national,
2084,2083,variant,Eye speculums,eye-speculums,901850,3250,Barraquer speculum,national,
2085,2083,variant,Capsulorhexis and intraocular forceps,capsulorhexis-and-intraocular-forceps,901850,3250,,global,
2086,2083,variant,Ophthalmic scissors and keratomes,ophthalmic-scissors-and-keratomes,901850,3250,,global,
2087,2081,product,Gynaecology and obstetrics instruments,gynaecology-and-obstetrics-instruments,901890,3250,,national,
2088,2087,variant,Obstetric forceps,obstetric-forceps,901890,3250,Simpson forceps;Kielland forceps,national,
2089,2087,variant,Cervical biopsy and punch forceps,cervical-biopsy-and-punch-forceps,901890,3250,,national,
2090,2087,variant,Vacuum extractors,vacuum-extractors,901890,3250,,national,
2091,2081,product,Urology instruments,urology-instruments,901890,3250,,national,
2092,2081,product,Neurosurgery instruments,neurosurgery-instruments,901890,3250,,global,
2093,2081,product,Cardiovascular surgery instruments,cardiovascular-surgery-instruments,901890,3250,,global,
2094,2081,product,Plastic surgery instruments,plastic-surgery-instruments,901890,3250,skin hooks;Joseph hooks,national,
2095,2081,product,Veterinary surgical instruments,veterinary-surgical-instruments,901890,3250,animal surgery instruments,national,
2096,2095,variant,Emasculators and castration instruments,emasculators-and-castration-instruments,901890,3250,,national,
2097,2095,variant,Dehorners and hoof instruments,dehorners-and-hoof-instruments,901890,3250,,national,
2098,2095,variant,Veterinary dental and obstetric instruments,veterinary-dental-and-obstetric-instruments,901890,3250,,national,
2099,2001,family,Surgical instrument sets and trays,surgical-instrument-sets-and-trays,901890,3250,surgery kits,national,
2100,2099,product,General surgery sets,general-surgery-sets,901890,3250,laparotomy sets,national,
2101,2099,product,Caesarean section sets,caesarean-section-sets,901890,3250,C-section sets,national,
2102,2099,product,Minor surgery and suture sets,minor-surgery-and-suture-sets,901890,3250,,national,
2103,2099,product,Circumcision sets,circumcision-sets,901890,3250,,national,
2104,2099,product,Dental extraction sets,dental-extraction-sets,901849,3250,,national,
2105,2099,product,Instrument sterilisation containers and trays,instrument-sterilisation-containers-and-trays,732690,2599,,national,
2106,2000,industry,Dental instruments and supplies,dental-instruments-and-supplies,9018,3250,dental makers,city,material=stainless steel 420|stainless steel 304|titanium;process=forging|machining|polishing;standard=ISO 13397;cert=ISO 13485|CE MDR|FDA establishment registration
2107,2106,family,Dental extraction forceps,dental-extraction-forceps,901849,3250,tooth forceps,national,
2108,2107,product,Upper extraction forceps,upper-extraction-forceps,901849,3250,,national,
2109,2107,product,Lower extraction forceps,lower-extraction-forceps,901849,3250,,national,
2110,2107,product,Paediatric extraction forceps,paediatric-extraction-forceps,901849,3250,,national,
2111,2106,family,Dental elevators and luxators,dental-elevators-and-luxators,901849,3250,,national,
2112,2106,family,Dental scalers and curettes,dental-scalers-and-curettes,901849,3250,,national,
2113,2106,family,"Dental mirrors, explorers and probes",dental-mirrors-explorers-and-probes,901849,3250,,national,
2114,2106,family,Dental pluggers and amalgam instruments,dental-pluggers-and-amalgam-instruments,901849,3250,,national,
2115,2106,family,Dental handpieces and burs,dental-handpieces-and-burs,901841,3250,dental drill engines,national,
2116,2106,family,Dental impression trays and cements,dental-impression-trays-and-cements,300640,3250,,national,
2117,2106,family,Dental chairs and units,dental-chairs-and-units,940210,3250,,national,
2118,2000,industry,"Beauty, manicure and grooming instruments",beauty-manicure-and-grooming-instruments,8214,2593,beauty instruments;manicure tools,city,material=stainless steel 420|stainless steel 304|carbon steel;process=forging|grinding|hand-finishing;spec=blade length mm
2119,2118,family,Nail clippers and cuticle nippers,nail-clippers-and-cuticle-nippers,821420,2593,,national,
2120,2118,family,Manicure and pedicure sets,manicure-and-pedicure-sets,821420,2593,,national,
2121,2118,family,Tweezers and eyebrow tools,tweezers-and-eyebrow-tools,821490,2593,epilation tweezers,national,
2122,2118,family,Barber scissors and thinning shears,barber-scissors-and-thinning-shears,821300,2593,hairdressing scissors,national,
2123,2118,family,Facial and comedone extractors,facial-and-comedone-extractors,821490,2593,,national,
2124,2118,family,Razors and shaving instruments,razors-and-shaving-instruments,8212,2593,,national,
2125,2000,industry,Surgical consumables and disposables,surgical-consumables-and-disposables,9018;3005;3006;4015,3250,medical disposables,city,material=latex|nitrile|PVC|polyurethane|cotton|polypropylene|silicone;process=ethylene oxide sterilisation|gamma sterilisation|injection moulding|extrusion;standard=ISO 10993|ISO 11135|ISO 7864;cert=ISO 13485|CE MDR|FDA 510(k)
2126,2125,family,Surgical and examination gloves,surgical-and-examination-gloves,4015,3250,medical gloves,national,
2127,2126,product,Sterile surgical gloves,sterile-surgical-gloves,401512,3250,,national,
2128,2126,product,Nitrile examination gloves,nitrile-examination-gloves,401519,3250,,national,
2129,2126,product,Latex examination gloves,latex-examination-gloves,401519,3250,,national,
2130,2126,product,Vinyl examination gloves,vinyl-examination-gloves,392620,3250,,national,
2131,2125,family,Sutures and needles,sutures-and-needles,3006,3250,,national,
2132,2131,product,Absorbable sutures,absorbable-sutures,300610,3250,catgut;PGA;polydioxanone,national,
2133,2131,product,Non-absorbable sutures,non-absorbable-sutures,300610,3250,silk;nylon;polypropylene,national,
2134,2131,product,Surgical suture needles,surgical-suture-needles,901832,3250,atraumatic needles,national,
2135,2131,product,Skin staplers and clips,skin-staplers-and-clips,901890,3250,,national,
2136,2125,family,Syringes and needles,syringes-and-needles,9018,3250,,national,
2137,2136,product,Disposable syringes,disposable-syringes,901831,3250,,national,
2138,2136,product,Auto-disable and safety syringes,auto-disable-and-safety-syringes,901831,3250,,national,
2139,2136,product,Insulin and tuberculin syringes,insulin-and-tuberculin-syringes,901831,3250,,national,
2140,2136,product,Hypodermic needles,hypodermic-needles,901832,3250,,national,
2141,2125,family,Catheters and tubes,catheters-and-tubes,901839,3250,,national,
2142,2141,product,Intravenous cannulae,intravenous-cannulae,901839,3250,IV cannula;branula,national,
2143,2141,product,Foley urinary catheters,foley-urinary-catheters,901839,3250,,national,
2144,2141,product,Nasogastric and feeding tubes,nasogastric-and-feeding-tubes,901839,3250,Ryles tubes,national,
2145,2141,product,Central venous catheters,central-venous-catheters,901839,3250,,global,
2146,2141,product,Suction catheters,suction-catheters,901839,3250,,national,
2147,2141,product,Chest and wound drains,chest-and-wound-drains,901839,3250,,national,
2148,2125,family,Infusion and transfusion sets,infusion-and-transfusion-sets,901890,3250,IV sets,national,
2149,2148,product,Infusion sets,infusion-sets,901890,3250,,national,
2150,2148,product,Blood transfusion sets and blood bags,blood-transfusion-sets-and-blood-bags,901890,3250,,national,
2151,2125,family,Wound care and dressings,wound-care-and-dressings,3005,3250,bandages,national,
2152,2151,product,Gauze swabs and pads,gauze-swabs-and-pads,300590,1392,,national,
2153,2151,product,Adhesive plasters and dressings,adhesive-plasters-and-dressings,300510,3250,,national,
2154,2151,product,Crepe and elastic bandages,crepe-and-elastic-bandages,300590,1392,,national,
2155,2151,product,Surgical cotton and wadding,surgical-cotton-and-wadding,300590,1392,,national,
2156,2151,product,Hydrocolloid and advanced wound dressings,hydrocolloid-and-advanced-wound-dressings,300590,3250,,global,
2157,2125,family,"Surgical masks, gowns and drapes",surgical-masks-gowns-and-drapes,6307;9020,1392,operating theatre textiles,national,
2158,2157,product,Surgical face masks,surgical-face-masks,630790,1392,,national,
2159,2157,product,Respirators (N95 and FFP2),respirators-n95-and-ffp2,902000,3250,,national,
2160,2157,product,Sterile surgical gowns,sterile-surgical-gowns,630790,1392,,national,
2161,2157,product,Surgical drapes and packs,surgical-drapes-and-packs,630790,1392,,national,
2162,2125,family,Ostomy and continence products,ostomy-and-continence-products,300691,3250,,national,
2163,2000,industry,Hospital furniture and equipment,hospital-furniture-and-equipment,9402;8419;9018,3250,hospital equipment,city,material=stainless steel 304|mild steel powder coated|aluminium|ABS plastic;process=fabrication|welding|powder coating;standard=IEC 60601-1|ISO 13485;cert=ISO 13485|CE MDR
2164,2163,family,Hospital beds and trolleys,hospital-beds-and-trolleys,940290,3250,,national,
2165,2164,product,Manual hospital beds,manual-hospital-beds,940290,3250,,national,
2166,2164,product,Electric and ICU hospital beds,electric-and-icu-hospital-beds,940290,3250,,national,
2167,2164,product,Patient transfer stretchers and trolleys,patient-transfer-stretchers-and-trolleys,940290,3250,,national,
2168,2164,product,Examination couches,examination-couches,940290,3250,,national,
2169,2163,family,Operating theatre equipment,operating-theatre-equipment,9018,3250,,national,
2170,2169,product,Operating tables,operating-tables,940290,3250,,national,
2171,2169,product,Surgical lights,surgical-lights,940542,3250,OT lights,national,
2172,2169,product,Electrosurgical units,electrosurgical-units,901890,3250,diathermy machines,global,
2173,2169,product,Anaesthesia machines,anaesthesia-machines,901890,3250,,global,
2174,2163,family,Sterilisation equipment,sterilisation-equipment,841920,3250,,national,
2175,2174,product,Steam autoclaves,steam-autoclaves,841920,3250,,national,
2176,2174,product,Dry heat sterilisers,dry-heat-sterilisers,841920,3250,,national,
2177,2163,family,Patient monitoring and diagnostics,patient-monitoring-and-diagnostics,9018,3250,,national,
2178,2177,product,Patient monitors,patient-monitors,901819,3250,,global,
2179,2177,product,Pulse oximeters,pulse-oximeters,901819,3250,,national,
2180,2177,product,Blood pressure monitors,blood-pressure-monitors,901890,3250,sphygmomanometers,national,
2181,2177,product,Stethoscopes,stethoscopes,901890,3250,,national,
2182,2177,product,Clinical thermometers,clinical-thermometers,902519,2651,,national,
2183,2177,product,ECG machines,ecg-machines,901811,3250,,global,
2184,2177,product,Ultrasound scanners,ultrasound-scanners,901812,3250,,global,
2185,2163,family,Respiratory and oxygen equipment,respiratory-and-oxygen-equipment,9019,3250,,national,
2186,2185,product,Oxygen concentrators,oxygen-concentrators,901920,3250,,national,
2187,2185,product,Nebulisers,nebulisers,901920,3250,,national,
2188,2185,product,Ventilators and CPAP machines,ventilators-and-cpap-machines,901920,3250,,global,
3000,,sector,"Orthopaedic, rehabilitation and support goods",orthopaedic-rehabilitation-and-support-goods,9021;3005;6115;8713,3250,orthopaedic goods;support goods;medical support products,city,regulatory_class=Class I|Class IIa|Class IIb|Class III;sterility=sterile|non-sterile;use=reusable|single-use
3001,3000,industry,Braces and supports,braces-and-supports,9021,3250,orthopaedic supports;orthoses,city,material=neoprene|elastic cotton|spandex|thermoplastic|aluminium stays|carbon fibre|breathable mesh;process=cut-and-sew|thermoforming|injection moulding|knitting;spec=size|left-right|compression level;standard=ISO 13485|ISO 22523;cert=CE MDR|FDA establishment registration|DRAP establishment licence
3002,3001,family,Neck supports,neck-supports,902110,3250,cervical supports,national,
3003,3002,product,Soft cervical collars,soft-cervical-collars,902110,3250,,national,
3004,3002,product,Hard and Philadelphia cervical collars,hard-and-philadelphia-cervical-collars,902110,3250,,national,
3005,3002,product,Adjustable cervical collars,adjustable-cervical-collars,902110,3250,,national,
3006,3002,product,Cervical traction devices,cervical-traction-devices,902110,3250,,national,
3007,3001,family,Shoulder and arm supports,shoulder-and-arm-supports,902110,3250,,national,
3008,3007,product,Arm slings,arm-slings,902110,3250,broad arm sling,national,
3009,3007,product,Shoulder immobilisers,shoulder-immobilisers,902110,3250,,national,
3010,3007,product,Clavicle braces,clavicle-braces,902110,3250,,national,
3011,3007,product,Shoulder supports and sleeves,shoulder-supports-and-sleeves,902110,3250,,national,
3012,3001,family,"Elbow, wrist and hand supports",elbow-wrist-and-hand-supports,902110,3250,,national,
3013,3012,product,Tennis elbow straps,tennis-elbow-straps,902110,3250,,national,
3014,3012,product,Elbow supports and hinged elbow braces,elbow-supports-and-hinged-elbow-braces,902110,3250,,national,
3015,3012,product,Wrist splints,wrist-splints,902110,3250,carpal tunnel splints,national,
3016,3012,product,Thumb spica splints,thumb-spica-splints,902110,3250,,national,
3017,3012,product,Finger splints,finger-splints,902110,3250,mallet finger splints,national,
3018,3001,family,Back and spine supports,back-and-spine-supports,902110,3250,,national,
3019,3018,product,Lumbosacral belts,lumbosacral-belts,902110,3250,lumbar support belts,national,
3020,3018,product,Posture correctors,posture-correctors,902110,3250,,national,
3021,3018,product,Rigid back braces,rigid-back-braces,902110,3250,TLSO,national,
3022,3018,product,Abdominal binders,abdominal-binders,902110,3250,,national,
3023,3018,product,Rib belts and chest binders,rib-belts-and-chest-binders,902110,3250,,national,
3024,3018,product,Scoliosis braces,scoliosis-braces,902110,3250,Boston brace;Milwaukee brace,global,
3025,3001,family,Hip and thigh supports,hip-and-thigh-supports,902110,3250,,national,
3026,3025,product,Hip abduction braces,hip-abduction-braces,902110,3250,,global,
3027,3025,product,Groin and thigh supports,groin-and-thigh-supports,902110,3250,,national,
3028,3001,family,Knee supports,knee-supports,902110,3250,,national,
3029,3028,product,Elastic knee sleeves and caps,elastic-knee-sleeves-and-caps,902110,3250,,national,
3030,3028,product,Hinged knee braces,hinged-knee-braces,902110,3250,,national,
3031,3028,product,Patella stabilising braces,patella-stabilising-braces,902110,3250,,national,
3032,3028,product,Knee immobilisers,knee-immobilisers,902110,3250,,national,
3033,3028,product,ACL and ligament braces,acl-and-ligament-braces,902110,3250,,global,
3034,3028,product,Osteoarthritis unloader braces,osteoarthritis-unloader-braces,902110,3250,,global,
3035,3001,family,Ankle and foot supports,ankle-and-foot-supports,902110,3250,,national,
3036,3035,product,Elastic ankle supports,elastic-ankle-supports,902110,3250,,national,
3037,3035,product,Lace-up and stirrup ankle braces,lace-up-and-stirrup-ankle-braces,902110,3250,,national,
3038,3035,product,Walking boots and cast shoes,walking-boots-and-cast-shoes,902110,3250,CAM walker boots,national,
3039,3035,product,Heel cups and arch supports,heel-cups-and-arch-supports,640690,3250,,national,
3040,3035,product,Bunion and hallux valgus splints,bunion-and-hallux-valgus-splints,902110,3250,,national,
3041,3035,product,Night splints for plantar fasciitis,night-splints-for-plantar-fasciitis,902110,3250,,national,
3042,3035,product,Orthopaedic insoles and orthotics,orthopaedic-insoles-and-orthotics,640690,3250,custom orthotics,national,
3043,3001,family,Hernia and maternity supports,hernia-and-maternity-supports,902110,3250,,national,
3044,3043,product,Hernia trusses and belts,hernia-trusses-and-belts,902110,3250,,national,
3045,3043,product,Maternity support belts,maternity-support-belts,902110,3250,,national,
3046,3000,industry,Compression and elastic garments,compression-and-elastic-garments,6115;6212;3005,1430,compression garments,city,material=cotton-spandex|nylon-spandex|medical-grade elastic;process=circular knitting|flat knitting|seamless knitting;spec=compression mmHg class|size;standard=RAL-GZG 387|EN 12718;cert=CE MDR
3047,3046,family,Graduated compression stockings,graduated-compression-stockings,611510,1430,varicose vein stockings,national,
3048,3046,family,Anti-embolism stockings,anti-embolism-stockings,611510,1430,TED stockings,national,
3049,3046,family,Lymphoedema garments and sleeves,lymphoedema-garments-and-sleeves,621290,1430,,national,
3050,3046,family,Post-surgical compression garments,post-surgical-compression-garments,621290,1430,,national,
3051,3046,family,Elastic knee and ankle sleeves,elastic-knee-and-ankle-sleeves,611595,1430,,national,
3052,3000,industry,Fracture and immobilisation products,fracture-and-immobilisation-products,9021;3005,3250,casting and splinting,city,material=plaster of Paris|fibreglass|polyester|thermoplastic|aluminium;process=impregnation|moulding;spec=width cm|length m
3053,3052,family,Plaster of Paris splints and rolls,plaster-of-paris-splints-and-rolls,300590,2394,,national,also_under=surgical-consumables-and-disposables
3054,3052,family,Fibreglass casting tape,fibreglass-casting-tape,300590,3250,,national,
3055,3052,family,Thermoplastic and aluminium splints,thermoplastic-and-aluminium-splints,902110,3250,,national,
3056,3052,family,Thomas and traction splints,thomas-and-traction-splints,902110,3250,,national,
3057,3052,family,Skin traction kits,skin-traction-kits,902110,3250,,national,
3058,3052,family,Padding and stockinette for casts,padding-and-stockinette-for-casts,300590,1392,,national,
3059,3000,industry,Walking aids and mobility products,walking-aids-and-mobility-products,9021;8713;9402,3250,mobility aids,city,material=aluminium|steel|carbon fibre|wood|ABS;process=tube bending|welding|powder coating|assembly;spec=weight capacity kg|folding;standard=ISO 7176|ISO 11199;cert=ISO 13485|CE MDR
3060,3059,family,Crutches,crutches,902110,3250,,national,
3061,3060,product,Axillary (underarm) crutches,axillary-underarm-crutches,902110,3250,,national,
3062,3060,product,Forearm and elbow crutches,forearm-and-elbow-crutches,902110,3250,Canadian crutches,national,
3063,3059,family,Walking sticks and canes,walking-sticks-and-canes,902110,3250,quad canes,national,
3064,3059,family,Walkers and rollators,walkers-and-rollators,902110,3250,zimmer frames,national,
3065,3059,family,Wheelchairs,wheelchairs,8713,3250,,national,
3066,3065,product,Manual folding wheelchairs,manual-folding-wheelchairs,871310,3250,,national,
3067,3065,product,Lightweight and sports wheelchairs,lightweight-and-sports-wheelchairs,871310,3250,,global,
3068,3065,product,Electric powered wheelchairs,electric-powered-wheelchairs,871390,3250,,national,
3069,3065,product,Paediatric and tilt-in-space wheelchairs,paediatric-and-tilt-in-space-wheelchairs,871310,3250,,global,
3070,3065,product,Wheelchair parts and cushions,wheelchair-parts-and-cushions,871420,3250,,national,
3071,3059,family,Mobility scooters,mobility-scooters,871390,3250,,national,
3072,3059,family,Bathroom and toilet aids,bathroom-and-toilet-aids,940290,3250,,national,
3073,3072,product,Commodes and shower chairs,commodes-and-shower-chairs,940290,3250,,national,
3074,3072,product,Grab rails and transfer boards,grab-rails-and-transfer-boards,940290,3250,,national,
3075,3059,family,Anti-decubitus mattresses and cushions,anti-decubitus-mattresses-and-cushions,940421,3250,pressure sore mattresses,national,
3076,3000,industry,Orthopaedic implants and trauma,orthopaedic-implants-and-trauma,9021,3250,orthopaedic implant makers,city,material=titanium Ti-6Al-4V|stainless steel 316L|cobalt-chrome|PEEK|UHMWPE|ceramic;process=CNC machining|forging|casting|anodising|laser marking|sterile packing;standard=ISO 5832|ISO 5833|ASTM F136|ASTM F138|ISO 14630;cert=ISO 13485|CE MDR|FDA 510(k)|DRAP establishment licence
3077,3076,family,Fracture fixation plates,fracture-fixation-plates,902110,3250,,national,
3078,3077,product,Locking compression plates,locking-compression-plates,902110,3250,LCP,national,
3079,3077,product,Dynamic compression plates,dynamic-compression-plates,902110,3250,DCP,national,
3080,3077,product,Reconstruction and pelvic plates,reconstruction-and-pelvic-plates,902110,3250,,global,
3081,3077,product,Mini and micro plates,mini-and-micro-plates,902110,3250,,national,
3082,3076,family,Orthopaedic screws,orthopaedic-screws,902110,3250,,national,
3083,3082,product,Cortical screws,cortical-screws,902110,3250,,national,
3084,3082,product,Cancellous screws,cancellous-screws,902110,3250,,national,
3085,3082,product,Cannulated screws,cannulated-screws,902110,3250,,national,
3086,3082,product,Locking screws,locking-screws,902110,3250,,national,
3087,3076,family,Intramedullary nails,intramedullary-nails,902110,3250,,national,
3088,3087,product,Femoral nails,femoral-nails,902110,3250,,national,
3089,3087,product,Tibial nails,tibial-nails,902110,3250,,national,
3090,3087,product,Humeral nails,humeral-nails,902110,3250,,global,
3091,3076,family,External fixators,external-fixators,902110,3250,,national,
3092,3076,family,Orthopaedic wires and pins,orthopaedic-wires-and-pins,902110,3250,K-wires;Steinmann pins,national,
3093,3076,family,Joint replacement implants,joint-replacement-implants,9021,3250,arthroplasty implants,global,
3094,3093,product,Hip joint implants,hip-joint-implants,902131,3250,hip prostheses,global,
3095,3093,product,Knee joint implants,knee-joint-implants,902131,3250,knee prostheses,global,
3096,3093,product,Shoulder joint implants,shoulder-joint-implants,902131,3250,,global,
3097,3093,product,Bone cement,bone-cement,300640,3250,,global,
3098,3076,family,Spinal implants,spinal-implants,902110,3250,,global,
3099,3098,product,Pedicle screws and rods,pedicle-screws-and-rods,902110,3250,,global,
3100,3098,product,Interbody cages,interbody-cages,902110,3250,,global,
3101,3098,product,Cervical plates,cervical-plates,902110,3250,,global,
3102,3076,family,Craniomaxillofacial plates and screws,craniomaxillofacial-plates-and-screws,902110,3250,,global,
3103,3076,family,Orthopaedic implant instrument sets,orthopaedic-implant-instrument-sets,901890,3250,,global,
3104,3000,industry,Prosthetics and orthotics,prosthetics-and-orthotics,9021,3250,artificial limbs;O&P,city,material=carbon fibre|titanium|aluminium|silicone|thermoplastic polypropylene|EVA;process=casting and moulding|CAD-CAM|lamination|3D printing;spec=amputation level|activity level K0-K4;cert=ISO 13485|CE MDR
3105,3104,family,Prosthetic feet,prosthetic-feet,902139,3250,SACH foot;dynamic response foot,global,
3106,3104,family,Prosthetic knee joints,prosthetic-knee-joints,902139,3250,polycentric knee;hydraulic knee,global,
3107,3104,family,Prosthetic sockets and liners,prosthetic-sockets-and-liners,902139,3250,silicone liners,national,
3108,3104,family,Prosthetic pylons and adapters,prosthetic-pylons-and-adapters,902139,3250,,national,
3109,3104,family,Upper-limb prostheses,upper-limb-prostheses,902139,3250,myoelectric hands;hooks,global,
3110,3104,family,Ankle-foot orthoses,ankle-foot-orthoses,902110,3250,AFO;KAFO,national,
3111,3104,family,Clubfoot braces,clubfoot-braces,902110,3250,Denis Browne boots,global,
3112,3104,family,Orthopaedic and diabetic footwear,orthopaedic-and-diabetic-footwear,640359,1520,therapeutic shoes,national,also_under=leather-footwear
3113,3000,industry,Hearing and daily-living aids,hearing-and-daily-living-aids,9021,3250,assistive products,city,
3114,3113,family,Hearing aids,hearing-aids,902140,3250,BTE;ITE;RIC,global,
3115,3113,family,Daily living aids,daily-living-aids,902190,3250,reachers;dressing aids,national,
3116,3000,industry,Rehabilitation and physiotherapy equipment,rehabilitation-and-physiotherapy-equipment,9019;9506,3250,physiotherapy equipment,city,
3117,3116,family,Therapy electrotherapy devices,therapy-electrotherapy-devices,901910,3250,TENS;IFT;ultrasound therapy,national,
3118,3116,family,Traction tables and physiotherapy beds,traction-tables-and-physiotherapy-beds,940290,3250,,national,
3119,3116,family,"Exercise bands, balls and balance boards",exercise-bands-balls-and-balance-boards,950691,3230,,national,
3120,3116,family,Hot and cold therapy packs,hot-and-cold-therapy-packs,300590,3250,,national,
4000,,sector,Two- and three-wheel vehicles,two-and-three-wheel-vehicles,8711;8712;8714,3091;3092,motorcycles and bicycles;two wheelers,city,fuel=petrol|diesel|CNG|hybrid|electric;assembly_mode=CKD|SKD|full manufacturing;type_approval=national|UNECE
4001,4000,industry,Motorcycles with internal combustion engines,motorcycles-with-internal-combustion-engines,8711,3091,motorbike makers;motorcycle manufacturers,city,process=CKD assembly|SKD assembly|full manufacturing;spec=engine cc|cooling type|fuel system|transmission|wheel type;standard=Euro 4|Euro 5|BS-VI|AIS-137;cert=ISO 9001|IATF 16949
4002,4001,family,Commuter and standard motorcycles,commuter-and-standard-motorcycles,871120,3091,city bikes;70cc bikes;125cc bikes,national,
4003,4002,product,Entry commuter motorcycles up to 110cc,entry-commuter-motorcycles-up-to-110cc,871120,3091,,national,
4004,4002,product,Commuter motorcycles 125cc to 150cc,commuter-motorcycles-125cc-to-150cc,871120,3091,,national,
4005,4002,product,Premium commuter motorcycles 150cc to 250cc,premium-commuter-motorcycles-150cc-to-250cc,871120,3091,,national,
4006,4001,family,Sports and supersport motorcycles,sports-and-supersport-motorcycles,871130,3091,race replica bikes,national,
4007,4006,product,Sports motorcycles up to 400cc,sports-motorcycles-up-to-400cc,871130,3091,,national,
4008,4006,product,Supersport motorcycles above 600cc,supersport-motorcycles-above-600cc,871140,3091,,global,
4009,4001,family,Naked and street motorcycles,naked-and-street-motorcycles,871130,3091,,national,
4010,4001,family,Cruiser motorcycles,cruiser-motorcycles,871140,3091,,global,
4011,4001,family,Touring and adventure motorcycles,touring-and-adventure-motorcycles,871140,3091,,global,
4012,4001,family,"Off-road, dirt and trail motorcycles",off-road-dirt-and-trail-motorcycles,871120,3091,enduro;motocross,national,
4013,4001,family,Scooters,scooters,871110,3091,automatic scooters,national,
4014,4013,product,Gearless scooters up to 125cc,gearless-scooters-up-to-125cc,871120,3091,,national,
4015,4013,product,Maxi scooters above 250cc,maxi-scooters-above-250cc,871130,3091,,global,
4016,4001,family,Mopeds and step-through motorcycles,mopeds-and-step-through-motorcycles,871110,3091,cubs,national,
4017,4001,family,Motorcycles 800cc and above,motorcycles-800cc-and-above,871150,3091,big bikes,global,
4018,4001,family,Quad bikes and all-terrain vehicles,quad-bikes-and-all-terrain-vehicles,8703,2910,ATVs,national,
4019,4001,family,Motorcycle sidecars,motorcycle-sidecars,871190,3091,,global,
4020,4000,industry,Electric two-wheelers,electric-two-wheelers,871160,3091,e-bikes;electric motorbikes,city,spec=motor power kW|battery kWh|range km|top speed km/h|battery chemistry;standard=ECE R136|AIS-156;cert=ISO 9001|IATF 16949
4021,4020,family,Electric motorcycles,electric-motorcycles,871160,3091,,national,
4022,4021,product,High-speed electric motorcycles,high-speed-electric-motorcycles,871160,3091,,national,
4023,4021,product,Low-speed electric motorcycles,low-speed-electric-motorcycles,871160,3091,,national,
4024,4020,family,Electric scooters,electric-scooters,871160,3091,,national,
4025,4024,product,Registered electric scooters,registered-electric-scooters,871160,3091,,national,
4026,4024,product,Low-speed and city electric scooters,low-speed-and-city-electric-scooters,871160,3091,,national,
4027,4024,product,Stand-up kick e-scooters,stand-up-kick-e-scooters,871160,3091,personal e-scooters,national,
4028,4020,family,Electric mopeds,electric-mopeds,871160,3091,,national,
4029,4020,family,Electric bicycles,electric-bicycles,871160,3092,pedelecs,national,
4030,4029,product,Pedal-assist city e-bikes,pedal-assist-city-e-bikes,871160,3092,,national,
4031,4029,product,Electric mountain bikes,electric-mountain-bikes,871160,3092,,national,
4032,4029,product,Electric cargo bikes,electric-cargo-bikes,871160,3092,,national,
4033,4029,product,Folding e-bikes,folding-e-bikes,871160,3092,,national,
4034,4020,family,Electric bike conversion kits,electric-bike-conversion-kits,850131,2710,hub motor kits,national,
4035,4000,industry,Three-wheelers,three-wheelers,8704;8703;8711,3091;2910,auto rickshaws;tuk tuks;loaders,city,spec=fuel|payload kg|seating|motor kW;standard=AIS-137|Bharat Stage VI;cert=ISO 9001
4036,4035,family,Passenger auto-rickshaws,passenger-auto-rickshaws,8703,2910,CNG rickshaws;tuk-tuk,national,
4037,4035,family,Cargo three-wheelers and loaders,cargo-three-wheelers-and-loaders,870431,2910,loader rickshaws;cargo rickshaws,national,
4038,4035,family,Motorcycle rickshaws,motorcycle-rickshaws,871190,3091,Qingqi;chingchi,national,
4039,4035,family,Electric rickshaws,electric-rickshaws,871160,3091,e-rickshaw;electric tuk-tuk,national,
4040,4035,family,Electric cargo three-wheelers,electric-cargo-three-wheelers,870460,2910,e-loaders,national,
4041,4000,industry,Bicycles,bicycles,8712,3092,pedal cycles;cycle makers,city,material=steel|aluminium|carbon fibre|chromoly;process=welding|brazing|assembly;spec=wheel size|gears;standard=ISO 4210
4042,4041,family,Road and city bicycles,road-and-city-bicycles,871200,3092,roadster bikes,national,
4043,4041,family,Mountain bicycles,mountain-bicycles,871200,3092,,national,
4044,4041,family,BMX and freestyle bicycles,bmx-and-freestyle-bicycles,871200,3092,,national,
4045,4041,family,Children's bicycles and tricycles,childrens-bicycles-and-tricycles,871200,3092,,national,
4046,4041,family,Folding bicycles,folding-bicycles,871200,3092,,national,
4047,4041,family,Bicycle frames and forks,bicycle-frames-and-forks,871491,3092,,national,
4048,4041,family,"Bicycle wheels, rims and spokes",bicycle-wheels-rims-and-spokes,871492,3092,,national,
4049,4041,family,Bicycle saddles and handlebars,bicycle-saddles-and-handlebars,871495,3092,,national,
4050,4041,family,Bicycle brakes and gear systems,bicycle-brakes-and-gear-systems,871494,3092,,national,
4051,4000,industry,Motorcycle engines and engine parts,motorcycle-engines-and-engine-parts,8409;8714;8511,2910;3091,motorcycle engine parts,city,material=aluminium alloy|cast iron|forged steel;process=die casting|forging|CNC machining|sintering;spec=engine cc|bore mm|fits model;cert=IATF 16949|ISO 9001
4052,4051,family,Cylinder blocks and cylinder heads,cylinder-blocks-and-cylinder-heads,840991,2910,,national,
4053,4051,family,"Pistons, rings and pins",pistons-rings-and-pins,840991,2910,,national,
4054,4053,product,Pistons,pistons,840991,2910,,national,
4055,4053,product,Piston rings,piston-rings,840991,2910,,national,
4056,4053,product,Gudgeon pins and circlips,gudgeon-pins-and-circlips,840991,2910,,national,
4057,4051,family,Connecting rods and crankshafts,connecting-rods-and-crankshafts,840991,2910,,national,
4058,4051,family,"Camshafts, valves and rocker arms",camshafts-valves-and-rocker-arms,840991,2910,,national,
4059,4051,family,"Engine gaskets, seals and oil seals",engine-gaskets-seals-and-oil-seals,841290,2930,,national,
4060,4051,family,Carburettors and throttle bodies,carburettors-and-throttle-bodies,840991,2910,,national,
4061,4051,family,Fuel injectors and fuel pumps,fuel-injectors-and-fuel-pumps,841330,2910,,national,
4062,4051,family,Air filters and oil filters,air-filters-and-oil-filters,842121,2930,,national,
4063,4051,family,Spark plugs and ignition coils,spark-plugs-and-ignition-coils,851110,2930,,national,
4064,4051,family,CDI units and magnetos,cdi-units-and-magnetos,851120,2930,stator coils,national,
4065,4051,family,Starter motors and kick starters,starter-motors-and-kick-starters,851140,2930,,national,
4066,4051,family,Clutch assemblies,clutch-assemblies,871410,3091,clutch plates;clutch baskets,national,
4067,4051,family,Gearbox and transmission parts,gearbox-and-transmission-parts,871410,3091,gear sets;shift forks,national,
4068,4051,family,Chain and sprocket kits,chain-and-sprocket-kits,731511,3091,drive chains,national,
4069,4051,family,Motorcycle silencers and exhaust systems,motorcycle-silencers-and-exhaust-systems,871410,3091,mufflers,national,
4070,4000,industry,"Motorcycle chassis, brakes and wheels",motorcycle-chassis-brakes-and-wheels,8714;4011;4013,3091,motorcycle chassis parts,city,material=steel|aluminium alloy|rubber;process=welding|casting|CNC machining|vulcanising;spec=wheel size|tyre size|fits model;standard=ISO 9001|ECE R75|ECE R90
4071,4070,family,Motorcycle frames and swingarms,motorcycle-frames-and-swingarms,871410,3091,,national,
4072,4070,family,Front forks and rear shock absorbers,front-forks-and-rear-shock-absorbers,871410,3091,suspension,national,
4073,4070,family,"Motorcycle wheels, rims and spokes",motorcycle-wheels-rims-and-spokes,871410,3091,alloy wheels;spoke wheels,national,
4074,4070,family,Motorcycle tyres,motorcycle-tyres,401140,2211,,national,
4075,4070,family,Motorcycle inner tubes,motorcycle-inner-tubes,401390,2211,,national,
4076,4070,family,"Brake discs, drums and shoes",brake-discs-drums-and-shoes,871410,3091,,national,
4077,4070,family,Brake pads,brake-pads,681381,2399,,national,
4078,4070,family,Brake calipers and master cylinders,brake-calipers-and-master-cylinders,871410,3091,,national,
4079,4070,family,Brake and clutch levers and cables,brake-and-clutch-levers-and-cables,871410,3091,control cables,national,
4080,4070,family,Motorcycle stands and crash guards,motorcycle-stands-and-crash-guards,871410,3091,,national,
4081,4000,industry,"Motorcycle body, electrical and accessories",motorcycle-body-electrical-and-accessories,8714;8512;8544,3091,motorcycle accessories,city,material=ABS|steel|aluminium|leather|PU;process=injection moulding|pressing|powder coating;spec=fits model
4082,4081,family,Fuel tanks and body panels,fuel-tanks-and-body-panels,871410,3091,,national,
4083,4081,family,Motorcycle seats,motorcycle-seats,871410,3091,saddles,national,
4084,4081,family,"Mirrors, handlebars and grips",mirrors-handlebars-and-grips,871410,3091,,national,
4085,4081,family,Motorcycle lighting,motorcycle-lighting,851220,2740,headlamps;tail lamps;indicators,national,
4086,4081,family,Motorcycle horns,motorcycle-horns,851230,2740,,national,
4087,4081,family,Motorcycle batteries,motorcycle-batteries,850710,2720,,national,also_under=batteries-and-accumulators
4088,4081,family,Wiring harnesses and switches,wiring-harnesses-and-switches,854430,2930,,national,
4089,4081,family,Regulators and rectifiers,regulators-and-rectifiers,850440,2710,,national,
4090,4081,family,Speedometers and instrument clusters,speedometers-and-instrument-clusters,902920,2651,,national,
4091,4081,family,Motorcycle luggage racks and panniers,motorcycle-luggage-racks-and-panniers,871410,3091,carriers;saddlebags,national,
4092,4081,family,Motorcycle covers,motorcycle-covers,630790,1392,,national,
4093,4000,industry,Motorcycle riding gear,motorcycle-riding-gear,6506;4203;6201,1410;3290,riders apparel,city,material=cowhide|textile|Kevlar|CE armour;process=cut-and-sew;standard=EN 1621|EN 13595|ECE 22.06
4094,4093,family,Motorcycle helmets,motorcycle-helmets,650610,3290,,national,
4095,4093,family,Motorcycle riding jackets and pants,motorcycle-riding-jackets-and-pants,420310,1410,,national,
4096,4093,family,Motorcycle riding gloves and boots,motorcycle-riding-gloves-and-boots,420321,1410,,national,
4097,4093,family,Motorcycle body armour and protectors,motorcycle-body-armour-and-protectors,621290,1410,,national,
5000,,sector,Electric vehicles,electric-vehicles,8703;8704;8702;8427,2910,EV makers;electric vehicle manufacturers;xEV,city,fuel=petrol|diesel|CNG|hybrid|electric;assembly_mode=CKD|SKD|full manufacturing;type_approval=national|UNECE
5001,5000,industry,Battery electric passenger cars,battery-electric-passenger-cars,870380,2910,BEV cars;electric cars,city,spec=battery kWh|range km WLTP|motor kW|drive type|charging standard|seating;standard=UNECE R100|UNECE R136|ISO 6469;cert=IATF 16949|ISO 9001|ISO 26262
5002,5001,family,Electric hatchbacks and city cars,electric-hatchbacks-and-city-cars,870380,2910,,national,
5003,5001,family,Electric sedans,electric-sedans,870380,2910,,national,
5004,5001,family,Electric SUVs and crossovers,electric-suvs-and-crossovers,870380,2910,,national,
5005,5001,family,Electric MPVs and minivans,electric-mpvs-and-minivans,870380,2910,,national,
5006,5001,family,Electric sports and luxury cars,electric-sports-and-luxury-cars,870380,2910,,global,
5007,5001,family,Electric microcars and quadricycles,electric-microcars-and-quadricycles,870380,2910,low-speed electric vehicles,national,
5008,5001,family,Electric golf carts and utility carts,electric-golf-carts-and-utility-carts,870310,2910,LSVs,national,
5009,5001,family,Electric tourist and sightseeing vehicles,electric-tourist-and-sightseeing-vehicles,870380,2910,,national,
5010,5000,industry,Hybrid and range-extender cars,hybrid-and-range-extender-cars,8703,2910,hybrid cars;PHEV,city,spec=battery kWh|electric range km|engine cc
5011,5010,family,Full hybrid cars (HEV),full-hybrid-cars-hev,870340,2910,,national,
5012,5010,family,Plug-in hybrid cars (PHEV),plug-in-hybrid-cars-phev,870360,2910,,national,
5013,5010,family,Range-extender electric cars (EREV),range-extender-electric-cars-erev,870360,2910,,global,
5014,5010,family,Diesel hybrid cars,diesel-hybrid-cars,870350,2910,,global,
5015,5000,industry,Electric commercial vehicles,electric-commercial-vehicles,8704;8702,2910,electric trucks;electric buses,city,spec=payload kg|battery kWh|range km|GVW t
5016,5015,family,Electric light commercial vehicles,electric-light-commercial-vehicles,870460,2910,electric vans;electric pickups,national,
5017,5015,family,Electric trucks,electric-trucks,870460,2910,,national,
5018,5017,product,Electric medium-duty trucks,electric-medium-duty-trucks,870460,2910,,national,
5019,5017,product,Electric heavy-duty trucks,electric-heavy-duty-trucks,870460,2910,,global,
5020,5015,family,Electric buses,electric-buses,870240,2910,e-buses,national,
5021,5020,product,Electric city buses,electric-city-buses,870240,2910,,national,
5022,5020,product,Electric coaches,electric-coaches,870240,2910,,global,
5023,5020,product,Electric minibuses,electric-minibuses,870240,2910,,national,
5024,5015,family,Electric garbage and municipal trucks,electric-garbage-and-municipal-trucks,870460,2910,,global,
5025,5000,industry,Electric off-road and industrial vehicles,electric-off-road-and-industrial-vehicles,8427;8701,2824;2821,electric tractors;electric forklifts,city,
5026,5025,family,Electric forklifts and pallet trucks,electric-forklifts-and-pallet-trucks,842710,2816,,national,also_under=lifting-and-handling-equipment
5027,5025,family,Electric tractors,electric-tractors,8701,2821,,global,also_under=agricultural-and-forestry-machinery
5028,5025,family,Electric construction and mining vehicles,electric-construction-and-mining-vehicles,8429,2824,,global,
5029,5025,family,Electric airport ground support vehicles,electric-airport-ground-support-vehicles,870990,2910,,global,
5030,5000,industry,Electric vehicle conversion and retrofit,electric-vehicle-conversion-and-retrofit,8501;8507,2910;2790,EV conversion kits,city,
5031,5030,family,ICE-to-EV conversion kits,ice-to-ev-conversion-kits,850132,2790,,national,
5032,5030,family,Retrofit electric drive units,retrofit-electric-drive-units,850152,2710,,national,
6000,,sector,Electric mobility components and spare parts,electric-mobility-components-and-spare-parts,8507;8501;8504;8544;8536;8708;8714,2720;2710;2930,EV parts;EV spare parts;EV components,city,supply_type=OEM|aftermarket|refurbished;voltage_class=12V|24V|48V|60V|72V|96V|400V|800V;compatibility=vehicle class|make-model fitment
6001,6000,industry,Traction battery systems,traction-battery-systems,8507,2720,EV battery makers;battery pack makers,city,spec=chemistry|nominal voltage V|capacity Ah or kWh|energy density Wh/kg|cycle life|IP rating|cooling type;standard=UN 38.3|UNECE R100|IEC 62660|IEC 62619|ISO 12405|AIS-048|AIS-156;cert=IATF 16949|ISO 9001|ISO 14001;material=LFP|NMC|NCA|LTO|sodium-ion|solid-state|lead-acid;process=cell manufacturing|module assembly|pack assembly|formation and ageing
6002,6001,family,Lithium-ion cells for vehicles,lithium-ion-cells-for-vehicles,850760,2720,battery cells,global,
6003,6002,product,"Cylindrical cells (18650, 21700, 4680)",cylindrical-cells-18650-21700-4680,850760,2720,,global,
6004,6002,product,Prismatic cells,prismatic-cells,850760,2720,,global,
6005,6002,product,Pouch cells,pouch-cells,850760,2720,,global,
6006,6002,product,Sodium-ion cells,sodium-ion-cells,850780,2720,,global,
6007,6002,product,Solid-state and semi-solid-state cells,solid-state-and-semi-solid-state-cells,850780,2720,,global,
6008,6002,product,Lithium titanate (LTO) cells,lithium-titanate-lto-cells,850760,2720,,global,
6009,6001,family,Battery modules,battery-modules,850760,2720,,national,
6010,6001,family,Battery packs by vehicle type,battery-packs-by-vehicle-type,850760,2720,battery pack assemblers,national,
6011,6010,product,Electric two-wheeler battery packs,electric-two-wheeler-battery-packs,850760,2720,e-bike batteries;scooter batteries,national,
6012,6010,product,Electric three-wheeler battery packs,electric-three-wheeler-battery-packs,850760,2720,e-rickshaw batteries,national,
6013,6010,product,Electric car battery packs,electric-car-battery-packs,850760,2720,,national,
6014,6010,product,Electric bus and truck battery packs,electric-bus-and-truck-battery-packs,850760,2720,,global,
6015,6010,product,Swappable battery packs,swappable-battery-packs,850760,2720,battery swapping packs,national,
6016,6010,product,Replacement and refurbished battery packs,replacement-and-refurbished-battery-packs,850760,2720,second-life packs,national,
6017,6001,family,Lead-acid traction batteries,lead-acid-traction-batteries,850720,2720,tubular batteries;e-rickshaw lead acid,national,also_under=batteries-and-accumulators
6018,6001,family,Battery management systems,battery-management-systems,903289,2651,BMS,national,
6019,6018,product,Master and slave BMS boards,master-and-slave-bms-boards,853710,2710,,national,
6020,6018,product,Cell monitoring ICs and analog front ends,cell-monitoring-ics-and-analog-front-ends,854231,2610,,global,
6021,6018,product,Battery current and voltage sensors,battery-current-and-voltage-sensors,903289,2651,,national,
6022,6001,family,Battery enclosures and trays,battery-enclosures-and-trays,850790,2720,battery housings,national,
6023,6001,family,Battery cooling plates and thermal pads,battery-cooling-plates-and-thermal-pads,850790,2720,cold plates,national,
6024,6001,family,Busbars and battery interconnects,busbars-and-battery-interconnects,853690,2790,,national,
6025,6001,family,High-voltage fuses and contactors,high-voltage-fuses-and-contactors,853610,2710,HV relays,national,
6026,6001,family,Battery cell materials,battery-cell-materials,2841,2013,cathode;anode;electrolyte;separator,global,
6027,6026,product,Cathode active materials,cathode-active-materials,282090,2011,,global,
6028,6026,product,Anode graphite and silicon materials,anode-graphite-and-silicon-materials,380110,2011,,global,
6029,6026,product,Electrolytes and additives,electrolytes-and-additives,382499,2029,,global,
6030,6026,product,Battery separators,battery-separators,392062,2220,,global,
6031,6000,industry,Electric drive systems,electric-drive-systems,8501,2710,motor and controller makers,city,spec=rated power kW|peak power kW|torque Nm|voltage V|cooling type|efficiency %;standard=IEC 60034|ISO 26262|ISO 16750|AIS-041;cert=IATF 16949|ISO 9001;material=NdFeB magnets|copper hairpin winding|silicon steel laminations;process=winding|stator lamination stacking|magnet insertion|die casting|end-of-line testing
6032,6031,family,Traction motors,traction-motors,850152,2710,EV motors,national,
6033,6032,product,Permanent magnet synchronous motors,permanent-magnet-synchronous-motors,850152,2710,PMSM,national,
6034,6032,product,AC induction traction motors,ac-induction-traction-motors,850152,2710,,national,
6035,6032,product,BLDC hub motors,bldc-hub-motors,850132,2710,in-wheel motors,national,
6036,6032,product,BLDC mid-drive motors,bldc-mid-drive-motors,850132,2710,,national,
6037,6032,product,Switched reluctance motors,switched-reluctance-motors,850152,2710,,global,
6038,6032,product,Axial flux motors,axial-flux-motors,850152,2710,,global,
6039,6031,family,Motor controllers and inverters,motor-controllers-and-inverters,850440,2710,EV controllers,national,
6040,6039,product,Traction inverters,traction-inverters,850440,2710,,national,
6041,6039,product,BLDC and sine-wave controllers,bldc-and-sine-wave-controllers,850440,2710,scooter controllers,national,
6042,6039,product,Silicon carbide and IGBT power modules,silicon-carbide-and-igbt-power-modules,854129,2610,,global,
6043,6039,product,Gate driver boards,gate-driver-boards,854239,2610,,global,
6044,6031,family,Reduction gearboxes and e-axles,reduction-gearboxes-and-e-axles,870840,2930,transaxles,national,
6045,6044,product,Single-speed reduction gearboxes,single-speed-reduction-gearboxes,870840,2930,,national,
6046,6044,product,Integrated e-axles,integrated-e-axles,870850,2930,,national,
6047,6031,family,Motor components,motor-components,850300,2710,,national,
6048,6047,product,Stator laminations and cores,stator-laminations-and-cores,850300,2710,,national,
6049,6047,product,Rotors and permanent magnets,rotors-and-permanent-magnets,850300,2710,,national,
6050,6047,product,Hairpin and copper windings,hairpin-and-copper-windings,854411,2732,,national,
6051,6047,product,Resolvers and position sensors,resolvers-and-position-sensors,903289,2651,,national,
6052,6031,family,"Throttles, pedal-assist and speed sensors",throttles-pedal-assist-and-speed-sensors,853650,2733,twist grips;PAS sensors,national,
6053,6000,industry,Charging equipment,charging-equipment,8504;8536,2710;2790,EV charger makers;EVSE makers,city,spec=power kW|AC or DC|connector type|input voltage|IP rating|protocol;standard=IEC 61851|IEC 62196|ISO 15118|OCPP 1.6|OCPP 2.0.1|GB/T 20234;cert=CE|UL 2594|ISO 9001
6054,6053,family,Onboard chargers,onboard-chargers,850440,2710,OBC,national,
6055,6053,family,DC-DC converters for vehicles,dc-dc-converters-for-vehicles,850440,2710,12V converters,national,
6056,6053,family,AC wall chargers (EVSE),ac-wall-chargers-evse,850440,2790,home chargers;wallboxes,national,
6057,6056,product,Portable EV chargers (Mode 2),portable-ev-chargers-mode-2,850440,2790,,national,
6058,6056,product,Single-phase AC wall chargers up to 7kW,single-phase-ac-wall-chargers-up-to-7kw,850440,2790,,national,
6059,6056,product,Three-phase AC chargers 11kW to 22kW,three-phase-ac-chargers-11kw-to-22kw,850440,2790,,national,
6060,6053,family,DC fast chargers,dc-fast-chargers,850440,2790,,national,
6061,6060,product,DC chargers 30kW to 60kW,dc-chargers-30kw-to-60kw,850440,2790,,national,
6062,6060,product,DC chargers 120kW to 180kW,dc-chargers-120kw-to-180kw,850440,2790,,national,
6063,6060,product,Ultra-fast DC chargers above 350kW,ultra-fast-dc-chargers-above-350kw,850440,2790,,global,
6064,6053,family,Two- and three-wheeler chargers,two-and-three-wheeler-chargers,850440,2790,e-bike chargers;e-rickshaw chargers,national,
6065,6053,family,Battery swapping stations,battery-swapping-stations,850440,2790,swap cabinets,global,
6066,6053,family,"Charging connectors, inlets and cables",charging-connectors-inlets-and-cables,8544;8536,2733,Type 2;CCS;CHAdeMO;GB/T;NACS,national,
6067,6066,product,Type 1 and Type 2 connectors and cables,type-1-and-type-2-connectors-and-cables,854442,2732,,national,
6068,6066,product,CCS and CHAdeMO connectors,ccs-and-chademo-connectors,853669,2733,,national,
6069,6066,product,GB/T and NACS connectors,gb-t-and-nacs-connectors,853669,2733,,global,
6070,6066,product,Vehicle charging inlets and sockets,vehicle-charging-inlets-and-sockets,853669,2733,,national,
6071,6053,family,Charging controllers and management software hardware,charging-controllers-and-management-software-hardware,903289,2651,OCPP controllers,global,
6072,6000,industry,High-voltage electrical and electronic systems,high-voltage-electrical-and-electronic-systems,8536;8537;8544,2710;2733,HV components,city,spec=voltage rating V|current rating A|IP rating;standard=LV 215|USCAR-2|ISO 6722|ISO 19642;cert=IATF 16949
6073,6072,family,Power distribution units and HV junction boxes,power-distribution-units-and-hv-junction-boxes,853710,2710,,national,
6074,6072,family,High-voltage cables and harnesses,high-voltage-cables-and-harnesses,854442,2732,orange cables,national,
6075,6072,family,High-voltage connectors,high-voltage-connectors,853669,2733,,national,
6076,6072,family,Vehicle control units,vehicle-control-units,903289,2651,VCU,national,
6077,6072,family,Telematics and connectivity modules,telematics-and-connectivity-modules,851762,2630,TCU,global,
6078,6072,family,Digital instrument clusters,digital-instrument-clusters,902920,2651,,national,
6079,6000,industry,Thermal management systems for EVs,thermal-management-systems-for-evs,8414;8418;8419;8516,2819;2750,EV thermal parts,city,spec=cooling capacity kW|voltage V;cert=IATF 16949
6080,6079,family,Electric air-conditioning compressors,electric-air-conditioning-compressors,841430,2819,,national,also_under=pumps-compressors-taps-and-valves
6081,6079,family,Electric coolant pumps,electric-coolant-pumps,841370,2813,,national,
6082,6079,family,Battery chillers and heat exchangers,battery-chillers-and-heat-exchangers,841950,2815,,national,
6083,6079,family,PTC and high-voltage heaters,ptc-and-high-voltage-heaters,851680,2750,,national,
6084,6079,family,EV heat pump systems,ev-heat-pump-systems,841861,2819,,global,
6085,6000,industry,EV chassis and body parts,ev-chassis-and-body-parts,8708;8714,2930,EV-specific chassis,city,spec=fits model;cert=IATF 16949
6086,6085,family,Regenerative and electro-hydraulic braking parts,regenerative-and-electro-hydraulic-braking-parts,870830,2930,,national,
6087,6085,family,Electric power steering motors,electric-power-steering-motors,870894,2930,,national,
6088,6085,family,Electric vacuum pumps for brakes,electric-vacuum-pumps-for-brakes,841410,2813,,national,
6089,6085,family,Low-rolling-resistance EV tyres,low-rolling-resistance-ev-tyres,401110,2211,,national,
6090,6085,family,Lightweight aluminium battery and body structures,lightweight-aluminium-battery-and-body-structures,870829,2930,,global,
6091,6000,industry,"Electric two- and three-wheeler chassis, axle and body parts",electric-two-and-three-wheeler-chassis-axle-and-body-parts,8714;8708,3091;2930,e-rickshaw parts;e-loader parts,city,spec=fits model|voltage V;supply_type=OEM|aftermarket
6092,6091,family,E-rickshaw differentials and rear axles,e-rickshaw-differentials-and-rear-axles,870850,2930,,national,
6093,6091,family,E-rickshaw and e-loader body parts,e-rickshaw-and-e-loader-body-parts,870829,2930,,national,
6094,6091,family,E-rickshaw and e-bike wiring harnesses,e-rickshaw-and-e-bike-wiring-harnesses,854430,2930,,national,
7000,,sector,Sports goods and toys,sports-goods-and-toys,9506;9503,3230;3240,sports goods makers;sporting goods,city,level=professional|club|recreational|promotional;brand_type=own brand|OEM|private label
7001,7000,industry,Footballs and soccer balls,footballs-and-soccer-balls,9506,3230,soccer ball makers;football makers,city,material=PU|PVC|TPU|EVA|latex bladder|butyl bladder;process=hand-stitched|machine-stitched|thermally bonded|glued;spec=size 1-5|panel count|pressure bar;standard=FIFA Quality|FIFA Quality Pro|IMS|ISO 9001;cert=FIFA licensed|BSCI|SA8000|ISO 9001
7002,7001,family,Match footballs,match-footballs,950662,3230,FIFA Quality Pro balls,national,
7003,7002,product,Thermally bonded match footballs,thermally-bonded-match-footballs,950662,3230,,national,
7004,7002,product,Hand-stitched match footballs,hand-stitched-match-footballs,950662,3230,,national,
7005,7001,family,Training footballs,training-footballs,950662,3230,machine-stitched footballs,national,
7006,7005,product,Machine-stitched PU training footballs,machine-stitched-pu-training-footballs,950662,3230,,national,
7007,7005,product,PVC training and promotional footballs,pvc-training-and-promotional-footballs,950662,3230,promotional balls,national,
7008,7005,product,Rubber moulded footballs,rubber-moulded-footballs,950662,3230,,national,
7009,7001,family,Futsal and indoor footballs,futsal-and-indoor-footballs,950662,3230,low-bounce balls,national,
7010,7001,family,Beach soccer balls,beach-soccer-balls,950662,3230,,national,
7011,7001,family,Mini and skills footballs,mini-and-skills-footballs,950662,3230,,national,
7012,7001,family,Football components,football-components,9506;4016;5903,2219;3230,football parts,national,
7013,7012,product,Football panels and die-cut sheets,football-panels-and-die-cut-sheets,950699,3230,,national,
7014,7012,product,Football bladders,football-bladders,401699,2219,,national,
7015,7012,product,Laminated synthetic leather for footballs,laminated-synthetic-leather-for-footballs,590320,1399,,national,
7016,7012,product,Football stitching thread and valves,football-stitching-thread-and-valves,540110,1311,,national,
7017,7000,industry,Cricket goods,cricket-goods,9506,3230,cricket equipment makers,city,material=English willow|Kashmir willow|cork|leather|rubber|cane;process=hand-made|pressed|machine-made;spec=weight|size|grade;cert=MCC approved|ISO 9001
7018,7017,family,Cricket bats,cricket-bats,950699,3230,,national,
7019,7018,product,English willow cricket bats,english-willow-cricket-bats,950699,3230,,national,
7020,7018,product,Kashmir willow cricket bats,kashmir-willow-cricket-bats,950699,3230,,national,
7021,7018,product,Tape-ball and tennis-ball cricket bats,tape-ball-and-tennis-ball-cricket-bats,950699,3230,,national,
7022,7017,family,Cricket balls,cricket-balls,950669,3230,,national,
7023,7022,product,Leather cricket balls,leather-cricket-balls,950669,3230,red ball;white ball;pink ball,national,
7024,7022,product,Hard tennis cricket balls,hard-tennis-cricket-balls,950669,3230,,national,
7025,7022,product,Tape and soft cricket balls,tape-and-soft-cricket-balls,950669,3230,,national,
7026,7017,family,Cricket protective gear,cricket-protective-gear,950699,3230,,national,
7027,7026,product,Cricket batting pads,cricket-batting-pads,950699,3230,leg guards,national,
7028,7026,product,Cricket helmets,cricket-helmets,650610,3230,,national,
7029,7026,product,Cricket thigh pads and arm guards,cricket-thigh-pads-and-arm-guards,950699,3230,,national,
7030,7017,family,"Cricket stumps, bails and kit bags",cricket-stumps-bails-and-kit-bags,950699,3230,,national,
7031,7000,industry,"Hockey, rugby and team ball sports",hockey-rugby-and-team-ball-sports,9506,3230,team sports goods,city,
7032,7031,family,Hockey sticks,hockey-sticks,950699,3230,,national,
7033,7031,family,Hockey balls and goalkeeping kit,hockey-balls-and-goalkeeping-kit,950669,3230,,national,
7034,7031,family,Rugby balls,rugby-balls,950669,3230,,national,
7035,7031,family,Volleyballs,volleyballs,950662,3230,,national,
7036,7031,family,Basketballs,basketballs,950662,3230,,national,
7037,7031,family,Handballs and netballs,handballs-and-netballs,950662,3230,,national,
7038,7031,family,American footballs,american-footballs,950669,3230,gridiron footballs,national,
7039,7031,family,Baseballs and softballs,baseballs-and-softballs,950669,3230,,national,
7040,7000,industry,Racket sports and golf,racket-sports-and-golf,9506,3230,racquet sports goods,city,
7041,7040,family,Badminton rackets and shuttlecocks,badminton-rackets-and-shuttlecocks,950659,3230,,national,
7042,7040,family,Tennis rackets and balls,tennis-rackets-and-balls,950651,3230,,national,
7043,7040,family,Squash rackets and balls,squash-rackets-and-balls,950659,3230,,national,
7044,7040,family,"Table tennis bats, balls and tables",table-tennis-bats-balls-and-tables,950640,3230,,national,
7045,7040,family,"Golf clubs, balls and bags",golf-clubs-balls-and-bags,950631,3230,,national,
7046,7000,industry,"Boxing, martial arts and combat sports",boxing-martial-arts-and-combat-sports,9506;6211,3230,combat sports goods,city,material=leather|PU|canvas|foam;process=cut-and-sew|moulding;spec=weight oz|size
7047,7046,family,Boxing hand protection,boxing-hand-protection,950699,3230,boxing gloves and mitts,national,
7048,7047,product,Boxing mitts and focus pads,boxing-mitts-and-focus-pads,950699,3230,punch mitts,national,
7049,7046,family,Punching bags and speed bags,punching-bags-and-speed-bags,950699,3230,,national,
7050,7046,family,Boxing headguards and body protectors,boxing-headguards-and-body-protectors,950699,3230,,national,
7051,7046,family,Martial arts uniforms,martial-arts-uniforms,621143,1410,karate gi;taekwondo dobok,national,
7052,7046,family,"Martial arts belts, pads and kick shields",martial-arts-belts-pads-and-kick-shields,950699,3230,,national,
7053,7000,industry,Gym and fitness equipment,gym-and-fitness-equipment,9506,3230,fitness equipment makers,city,material=cast iron|steel|rubber|neoprene;process=casting|welding|powder coating;spec=weight kg
7054,7053,family,"Dumbbells, barbells and weight plates",dumbbells-barbells-and-weight-plates,950691,3230,free weights,national,
7055,7053,family,Kettlebells,kettlebells,950691,3230,,national,
7056,7053,family,Weight benches and racks,weight-benches-and-racks,950691,3230,,national,
7057,7053,family,Treadmills and cardio machines,treadmills-and-cardio-machines,950691,3230,exercise bikes;ellipticals,national,
7058,7053,family,"Skipping ropes, resistance bands and yoga mats",skipping-ropes-resistance-bands-and-yoga-mats,950691,3230,,national,
7059,7053,family,Gym gloves and weightlifting belts,gym-gloves-and-weightlifting-belts,420321,3230,,national,
7060,7000,industry,"Athletics, swimming and water sports",athletics-swimming-and-water-sports,9506,3230,track and field;swimming gear,city,
7061,7060,family,Athletics equipment,athletics-equipment,950691,3230,javelins;discus;shot puts;hurdles,national,
7062,7060,family,"Swimming goggles, caps and fins",swimming-goggles-caps-and-fins,900490,3230,,national,
7063,7060,family,Surfboards and water sports equipment,surfboards-and-water-sports-equipment,950629,3230,,national,
7064,7000,industry,"Winter, camping and outdoor sports",winter-camping-and-outdoor-sports,9506;6306;9404;9507,3230,outdoor goods,city,
7065,7064,family,"Skis, snowboards and skates",skis-snowboards-and-skates,950611,3230,,national,
7066,7064,family,Tents and camping shelters,tents-and-camping-shelters,630622,1392,,national,also_under=home-textiles
7067,7064,family,Sleeping bags,sleeping-bags,940430,1392,,national,
7068,7064,family,"Fishing rods, reels and tackle",fishing-rods-reels-and-tackle,9507,3230,,national,
7069,7000,industry,Sports protective gear and apparel,sports-protective-gear-and-apparel,9506;6112;6109;6402,3230;1410,sportswear;team kits,city,material=polyester|cotton|spandex|EVA foam;process=sublimation printing|cut-and-sew|embroidery;spec=size|fabric GSM
7070,7069,family,Football shin guards and goalkeeper gear,football-shin-guards-and-goalkeeper-gear,950699,3230,,national,
7071,7069,family,Football and team jerseys,football-and-team-jerseys,610990,1430,team kits;sublimated jerseys,national,
7072,7069,family,Tracksuits and sports shirts,tracksuits-and-sports-shirts,611211,1430,,national,
7073,7069,family,Football boots,football-boots,640219,1520,soccer cleats;studs,national,
7074,7073,product,Synthetic football boots,synthetic-football-boots,640219,1520,,national,
7075,7000,industry,Toys and games,toys-and-games,9503,3240,toy makers,city,
7076,7075,family,Soft toys and dolls,soft-toys-and-dolls,950300,3240,,national,
7077,7075,family,Board games and puzzles,board-games-and-puzzles,9504,3240,,national,
8000,,sector,Fans and air-moving products,fans-and-air-moving-products,8414,2750;2819,fan manufacturers;fan makers,city,voltage=220-240V|110-120V|12V DC|24V DC;energy_rating=PEL star 1 to 5;brand_type=own brand|OEM|private label
8001,8000,industry,Ceiling fans,ceiling-fans,841451,2750,ceiling fan makers,city,spec=sweep mm|RPM|power W|air delivery CMM|motor type|blade count|voltage;material=aluminium blades|pressed steel|ABS blades|copper winding|aluminium winding;process=die casting|pressing|winding|powder coating|assembly;standard=PS 1|IEC 60335-2-80|IS 374;cert=PEL energy label|PSQCA mark|ISO 9001|SASO|CE
8002,8001,family,AC induction ceiling fans,ac-induction-ceiling-fans,841451,2750,regular ceiling fans,national,
8003,8002,product,Ceiling fans 56 inch (1400mm),ceiling-fans-56-inch-1400mm,841451,2750,56 inch fan,national,
8004,8002,product,Ceiling fans 48 inch (1200mm),ceiling-fans-48-inch-1200mm,841451,2750,48 inch fan,national,
8005,8002,product,Ceiling fans 42 inch and 36 inch,ceiling-fans-42-inch-and-36-inch,841451,2750,,national,
8006,8001,family,DC and BLDC inverter ceiling fans,dc-and-bldc-inverter-ceiling-fans,841451,2750,energy-saving fans;inverter fans,national,
8007,8006,product,BLDC ceiling fans with remote,bldc-ceiling-fans-with-remote,841451,2750,,national,
8008,8006,product,Solar DC ceiling fans,solar-dc-ceiling-fans,841451,2750,,national,
8009,8001,family,Decorative and designer ceiling fans,decorative-and-designer-ceiling-fans,841451,2750,ceiling fans with light,national,
8010,8001,family,Industrial and high-volume low-speed ceiling fans,industrial-and-high-volume-low-speed-ceiling-fans,841459,2819,HVLS fans,national,
8011,8000,industry,"Pedestal, table and wall fans",pedestal-table-and-wall-fans,841451,2750,domestic fans,city,
8012,8011,family,Pedestal and stand fans,pedestal-and-stand-fans,841451,2750,padestal fans;floor fans,national,
8013,8011,family,Table and desk fans,table-and-desk-fans,841451,2750,,national,
8014,8011,family,Wall and bracket fans,wall-and-bracket-fans,841451,2750,,national,
8015,8011,family,Tower fans,tower-fans,841451,2750,,national,
8016,8011,family,Rechargeable and USB fans,rechargeable-and-usb-fans,841451,2750,,national,
8017,8011,family,Window and wall exhaust fans,window-and-wall-exhaust-fans,841451,2750,ventilating fans;kitchen exhaust fans,national,
8018,8000,industry,Industrial fans and blowers,industrial-fans-and-blowers,841459,2819,industrial ventilation,city,material=mild steel|stainless steel|aluminium|FRP;spec=airflow CMH|static pressure Pa|impeller diameter;standard=AMCA 210|ISO 5801
8019,8018,family,Axial flow fans,axial-flow-fans,841459,2819,,national,
8020,8018,family,Centrifugal fans and blowers,centrifugal-fans-and-blowers,841459,2819,,national,
8021,8018,family,Roof extractors and ventilators,roof-extractors-and-ventilators,841459,2819,,national,
8022,8018,family,Cooling tower fans,cooling-tower-fans,841459,2819,,national,
8023,8018,family,Jet and tunnel ventilation fans,jet-and-tunnel-ventilation-fans,841459,2819,,global,
8024,8018,family,Poultry and greenhouse fans,poultry-and-greenhouse-fans,841459,2819,tunnel ventilation fans,national,
8025,8000,industry,Automotive and electronic cooling fans,automotive-and-electronic-cooling-fans,841459,2819,cooling fans for equipment,city,
8026,8025,family,Car and truck cooling fans,car-and-truck-cooling-fans,841459,2930,,national,
8027,8025,family,Computer and electronics cooling fans,computer-and-electronics-cooling-fans,841459,2610,,national,
8028,8000,industry,Air coolers and evaporative cooling,air-coolers-and-evaporative-cooling,8479,2750,air cooler makers,city,
8029,8028,family,Room air coolers,room-air-coolers,847989,2750,desert coolers,national,
8030,8028,family,Industrial evaporative coolers,industrial-evaporative-coolers,847989,2819,,national,
8031,8000,industry,Fan components,fan-components,8501;8414;8532,2750,fan parts makers;fan sub-suppliers,city,process=die casting|pressing|coil winding|CNC machining
8032,8031,family,Ceiling fan motors and stators,ceiling-fan-motors-and-stators,850140,2710,,national,also_under=electric-motors-generators-and-transformers
8033,8031,family,Fan blades,fan-blades,841490,2750,,national,
8034,8031,family,Fan capacitors,fan-capacitors,853225,2610,,national,
8035,8031,family,Fan regulators and speed controllers,fan-regulators-and-speed-controllers,853710,2790,,national,
8036,8031,family,"Fan bodies, canopies and covers",fan-bodies-canopies-and-covers,841490,2750,,national,
8037,8031,family,Fan copper and aluminium winding wire,fan-copper-and-aluminium-winding-wire,854411,2732,,national,
9000,,sector,"Sanitaryware, taps and bathroom fittings",sanitaryware-taps-and-bathroom-fittings,6910;8481;7324;3922,2393;2813;2599;2220,sanitary ware;bathroom products,city,market_tier=economy|mid|premium;brand_type=own brand|OEM|private label
9001,9000,industry,Ceramic sanitaryware,ceramic-sanitaryware,6910,2393,sanitaryware makers;ceramic sanitary ware;pottery sanitaryware,city,material=vitreous china|fireclay|porcelain;process=slip casting|pressure casting|glazing|kiln firing|tunnel kiln|roller kiln;spec=flush volume litres|trap type|rough-in mm|colour;standard=EN 997|EN 14688|ISO 9001|ASME A112.19.2;cert=WaterMark|WRAS|SASO|CE|PSQCA|ISO 9001
9002,9001,family,Water closets and toilet pans,water-closets-and-toilet-pans,691010,2393,WC;commode,national,
9003,9002,product,Floor-mounted one-piece water closets,floor-mounted-one-piece-water-closets,691010,2393,,national,
9004,9002,product,Floor-mounted two-piece close-coupled water closets,floor-mounted-two-piece-close-coupled-water-closets,691010,2393,,national,
9005,9002,product,Wall-hung water closets,wall-hung-water-closets,691010,2393,,national,
9006,9002,product,Back-to-wall water closets,back-to-wall-water-closets,691010,2393,,national,
9007,9002,product,Squat pans,squat-pans,691010,2393,Asian toilet;Indian pan;Orissa pan,national,
9008,9002,product,Rimless water closets,rimless-water-closets,691010,2393,,national,
9009,9001,family,Flushing cisterns,flushing-cisterns,691010,2393,ceramic cisterns,national,
9010,9009,product,Low-level ceramic cisterns,low-level-ceramic-cisterns,691010,2393,,national,
9011,9009,product,High-level ceramic cisterns,high-level-ceramic-cisterns,691010,2393,,national,
9012,9001,family,Wash basins,wash-basins,691010,2393,hand basins,national,
9013,9012,product,Wall-hung wash basins,wall-hung-wash-basins,691010,2393,,national,
9014,9012,product,Pedestal wash basins,pedestal-wash-basins,691010,2393,,national,
9015,9012,product,Countertop and vessel basins,countertop-and-vessel-basins,691010,2393,above-counter basins,national,
9016,9012,product,Under-counter and semi-recessed basins,under-counter-and-semi-recessed-basins,691010,2393,,national,
9017,9012,product,Vanity and console basins,vanity-and-console-basins,691010,2393,,national,
9018,9001,family,Bidets,bidets,691010,2393,,national,
9019,9001,family,Urinals,urinals,691010,2393,,national,
9020,9019,product,Wall-hung urinals,wall-hung-urinals,691010,2393,,national,
9021,9019,product,Floor-standing and trough urinals,floor-standing-and-trough-urinals,691010,2393,,national,
9022,9019,product,Waterless urinals,waterless-urinals,691010,2393,,global,
9023,9001,family,Ceramic kitchen and laundry sinks,ceramic-kitchen-and-laundry-sinks,691010,2393,,national,
9024,9001,family,Ceramic shower trays and bathtubs,ceramic-shower-trays-and-bathtubs,691010,2393,,global,
9025,9001,family,Ceramic bathroom accessories,ceramic-bathroom-accessories,691090,2393,soap dishes;toilet roll holders,national,
9026,9000,industry,"Taps, mixers and valves",taps-mixers-and-valves,8481,2813,tap makers;faucet manufacturers;bathroom fittings,city,material=brass|zinc alloy|stainless steel|plastic|bronze;process=forging|gravity casting|low-pressure casting|machining|electroplating|PVD coating|assembly;spec=cartridge type|finish|pressure bar|thread size;standard=EN 817|EN 200|ASME A112.18.1|ISO 9001;cert=WaterMark|WRAS|ACS|KIWA|SASO|NSF/ANSI 61
9027,9026,family,Basin taps and mixers,basin-taps-and-mixers,848180,2813,,national,
9028,9027,product,Single-lever basin mixers,single-lever-basin-mixers,848180,2813,,national,
9029,9027,product,Pillar taps and bib cocks,pillar-taps-and-bib-cocks,848180,2813,bib taps,national,
9030,9027,product,Wall-mounted basin taps,wall-mounted-basin-taps,848180,2813,,national,
9031,9027,product,Sensor and touchless taps,sensor-and-touchless-taps,848180,2813,,national,
9032,9026,family,Kitchen sink taps and mixers,kitchen-sink-taps-and-mixers,848180,2813,,national,
9033,9032,product,Swan-neck sink mixers,swan-neck-sink-mixers,848180,2813,,national,
9034,9032,product,Pull-out spray kitchen mixers,pull-out-spray-kitchen-mixers,848180,2813,,national,
9035,9026,family,Bath and shower mixers,bath-and-shower-mixers,848180,2813,,national,
9036,9035,product,Shower mixers and diverters,shower-mixers-and-diverters,848180,2813,,national,
9037,9035,product,Concealed bath and shower valves,concealed-bath-and-shower-valves,848180,2813,,national,
9038,9035,product,Thermostatic mixers,thermostatic-mixers,848180,2813,,national,
9039,9026,family,Angle valves and stop cocks,angle-valves-and-stop-cocks,848180,2813,,national,
9040,9026,family,Health faucets and bidet sprays,health-faucets-and-bidet-sprays,848180,2813,,national,
9041,9026,family,Flush valves and cistern fittings,flush-valves-and-cistern-fittings,848180,2813,fill valves;float valves,national,
9042,9026,family,Tap cartridges and aerators,tap-cartridges-and-aerators,848190,2813,ceramic disc cartridges,national,
9043,9026,family,Showers and shower heads,showers-and-shower-heads,848180,2813,rain showers;hand showers,national,
9044,9000,industry,Metal and stainless sanitaryware,metal-and-stainless-sanitaryware,7324,2599,stainless steel sink makers,city,material=stainless steel 304|stainless steel 201|cast iron|enamelled steel;process=deep drawing|pressing|TIG welding|polishing|enamelling;spec=bowl count|gauge mm|finish;standard=EN 13310
9045,9044,family,Stainless steel kitchen sinks,stainless-steel-kitchen-sinks,732410,2599,SS sinks,national,
9046,9045,product,Single-bowl stainless steel sinks,single-bowl-stainless-steel-sinks,732410,2599,,national,
9047,9045,product,Double-bowl stainless steel sinks with drainboard,double-bowl-stainless-steel-sinks-with-drainboard,732410,2599,,national,
9048,9044,family,Stainless steel wash basins,stainless-steel-wash-basins,732410,2599,,national,
9049,9044,family,Cast iron and enamelled steel bathtubs,cast-iron-and-enamelled-steel-bathtubs,732421,2599,,national,
9050,9044,family,Steel bathtubs and shower trays,steel-bathtubs-and-shower-trays,732429,2599,,national,
9051,9044,family,Grab bars and sanitary hardware,grab-bars-and-sanitary-hardware,732490,2599,,national,
9052,9000,industry,Plastic and acrylic sanitary products,plastic-and-acrylic-sanitary-products,3922,2220,plastic sanitaryware makers,city,material=acrylic|ABS|PVC|polypropylene|fibreglass;process=vacuum forming|injection moulding|blow moulding;spec=capacity|finish
9053,9052,family,Acrylic and plastic bathtubs,acrylic-and-plastic-bathtubs,392210,2220,jacuzzi tubs,national,
9054,9052,family,Plastic and acrylic shower trays,plastic-and-acrylic-shower-trays,392210,2220,,national,
9055,9052,family,Toilet seats and covers,toilet-seats-and-covers,392220,2220,soft-close seats,national,
9056,9052,family,Plastic cisterns and concealed flushing tanks,plastic-cisterns-and-concealed-flushing-tanks,392290,2220,in-wall cisterns,national,
9057,9052,family,PVC squat pans and bidets,pvc-squat-pans-and-bidets,392290,2220,,national,
9058,9052,family,Shower cabins and enclosures,shower-cabins-and-enclosures,7020,2310,,national,
9059,9000,industry,Bathroom accessories and furniture,bathroom-accessories-and-furniture,7324;8302;9403;7009,2599;3100,bathroom accessories,city,
9060,9059,family,"Towel rails, robe hooks and holders",towel-rails-robe-hooks-and-holders,830250,2599,,national,
9061,9059,family,"Floor drains, traps and waste fittings",floor-drains-traps-and-waste-fittings,732690,2599,,national,
9062,9059,family,Bathroom vanities and cabinets,bathroom-vanities-and-cabinets,940340,3100,,national,
9063,9059,family,Bathroom mirrors,bathroom-mirrors,700992,2310,,national,
10000,,sector,Furniture,furniture,9401;9403;9404,3100,furniture makers;furniture manufacturers,city,style=modern|classic|carved|minimalist;assembly=assembled|knock-down;brand_type=own brand|OEM|private label|custom order
10001,10000,industry,Living room furniture,living-room-furniture,9401;9403,3100,lounge furniture,city,material=sheesham|kikar (acacia)|deodar|teak|oak|walnut|mango wood|pine|MDF|plywood|particle board|metal|rattan|leather|fabric upholstery;process=hand-carved|CNC carved|solid wood joinery|veneered|lacquered|PU polish|upholstered|knock-down (flat-pack);spec=dimensions mm|seating capacity|finish;cert=FSC|ISO 9001|BIFMA|BSCI
10002,10001,family,Sofas and sofa sets,sofas-and-sofa-sets,940161,3100,couches;settees,national,
10003,10002,product,Three-seater and two-seater sofas,three-seater-and-two-seater-sofas,940161,3100,,national,
10004,10002,product,Sectional and L-shaped sofas,sectional-and-l-shaped-sofas,940161,3100,corner sofas,national,
10005,10002,product,Recliner sofas and armchairs,recliner-sofas-and-armchairs,940161,3100,,national,
10006,10002,product,Wooden-frame sofa sets,wooden-frame-sofa-sets,940161,3100,Chinioti sofa sets,national,
10007,10002,product,Sofa beds,sofa-beds,940141,3100,sofa-cum-beds,national,
10008,10002,product,Chesterfield and classic sofas,chesterfield-and-classic-sofas,940161,3100,,national,
10009,10001,family,Armchairs and accent chairs,armchairs-and-accent-chairs,940161,3100,,national,
10010,10001,family,Coffee tables and side tables,coffee-tables-and-side-tables,940360,3100,centre tables,national,
10011,10001,family,TV units and entertainment lounges,tv-units-and-entertainment-lounges,940360,3100,TV trolleys;TV consoles,national,
10012,10001,family,Display cabinets and crockery units,display-cabinets-and-crockery-units,940360,3100,showcases;curio cabinets,national,
10013,10001,family,Shoe racks and entryway furniture,shoe-racks-and-entryway-furniture,940360,3100,,national,
10014,10001,family,"Ottomans, poufs and benches",ottomans-poufs-and-benches,940169,3100,,national,
10015,10000,industry,Dining and kitchen furniture,dining-and-kitchen-furniture,9401;9403,3100,dining furniture,city,
10016,10015,family,Dining table sets,dining-table-sets,940360,3100,,national,
10017,10016,product,Four-seater dining sets,four-seater-dining-sets,940360,3100,,national,
10018,10016,product,Six- and eight-seater dining sets,six-and-eight-seater-dining-sets,940360,3100,,national,
10019,10016,product,Extendable and marble-top dining tables,extendable-and-marble-top-dining-tables,940360,3100,,national,
10020,10015,family,Dining chairs,dining-chairs,940161,3100,,national,
10021,10015,family,Sideboards and buffets,sideboards-and-buffets,940360,3100,,national,
10022,10015,family,Bar stools and bar counters,bar-stools-and-bar-counters,940179,3100,,national,
10023,10015,family,Modular kitchen cabinets,modular-kitchen-cabinets,940340,3100,kitchen units,national,
10024,10015,family,Pantry and storage units,pantry-and-storage-units,940340,3100,,national,
10025,10000,industry,Bedroom furniture,bedroom-furniture,9403;9404,3100,bedroom sets,city,
10026,10025,family,Beds,beds,940350,3100,,national,
10027,10026,product,Single and double wooden beds,single-and-double-wooden-beds,940350,3100,,national,
10028,10026,product,King-size beds and bridal bedroom sets,king-size-beds-and-bridal-bedroom-sets,940350,3100,,national,
10029,10026,product,Storage and hydraulic beds,storage-and-hydraulic-beds,940350,3100,,national,
10030,10026,product,Bunk beds and kids beds,bunk-beds-and-kids-beds,940350,3100,,national,
10031,10026,product,Carved and four-poster beds,carved-and-four-poster-beds,940350,3100,Chinioti beds,national,
10032,10026,product,Metal and iron beds,metal-and-iron-beds,940320,3100,,national,
10033,10025,family,Wardrobes and almirahs,wardrobes-and-almirahs,940350,3100,closets,national,
10034,10033,product,Wooden wardrobes,wooden-wardrobes,940350,3100,,national,
10035,10033,product,Steel almirahs,steel-almirahs,940320,3100,,national,also_under=steel-lockers
10036,10025,family,Dressing tables and mirrors,dressing-tables-and-mirrors,940350,3100,,national,
10037,10025,family,Bedside tables and chests of drawers,bedside-tables-and-chests-of-drawers,940350,3100,,national,
10038,10025,family,Mattresses and bedding,mattresses-and-bedding,9404,3100,mattress makers,national,
10039,10038,product,Foam mattresses,foam-mattresses,940421,3100,,national,
10040,10038,product,Spring and pocket-spring mattresses,spring-and-pocket-spring-mattresses,940429,3100,,national,
10041,10038,product,Orthopaedic and medical mattresses,orthopaedic-and-medical-mattresses,940421,3100,,national,
10042,10038,product,"Pillows, quilts and mattress toppers",pillows-quilts-and-mattress-toppers,940490,3100,,national,
10043,10025,family,Cradles and cots,cradles-and-cots,940350,3100,baby cribs,national,
10044,10000,industry,Office furniture,office-furniture,9401;9403,3100,office furniture makers,city,spec=ergonomic rating;standard=BIFMA X5.1|EN 1335
10045,10044,family,Office desks and executive tables,office-desks-and-executive-tables,940330,3100,,national,
10046,10044,family,Workstations and cubicles,workstations-and-cubicles,940330,3100,,national,
10047,10044,family,Office chairs,office-chairs,940131,3100,,national,
10048,10047,product,Executive office chairs,executive-office-chairs,940131,3100,,national,
10049,10047,product,Ergonomic mesh task chairs,ergonomic-mesh-task-chairs,940131,3100,,national,
10050,10047,product,Visitor and conference chairs,visitor-and-conference-chairs,940139,3100,,national,
10051,10044,family,Conference and meeting tables,conference-and-meeting-tables,940330,3100,,national,
10052,10044,family,Filing cabinets and storage,filing-cabinets-and-storage,940310,3100,,national,
10053,10044,family,Steel lockers,steel-lockers,940320,3100,,national,
10054,10044,family,Reception counters,reception-counters,940330,3100,,national,
10055,10044,family,Library and warehouse shelving,library-and-warehouse-shelving,940320,3100,racking;steel racks,national,
10056,10000,industry,Institutional and hospitality furniture,institutional-and-hospitality-furniture,9401;9403;9402,3100,contract furniture,city,
10057,10056,family,School and college furniture,school-and-college-furniture,9401;9403,3100,,national,
10058,10057,product,Student desks and benches,student-desks-and-benches,940330,3100,,national,
10059,10057,product,Classroom chairs,classroom-chairs,940179,3100,,national,
10060,10057,product,Laboratory tables and stools,laboratory-tables-and-stools,940320,3100,,national,
10061,10056,family,Hostel and dormitory furniture,hostel-and-dormitory-furniture,940350,3100,,national,
10062,10056,family,Hotel bedroom furniture,hotel-bedroom-furniture,940350,3100,,national,
10063,10056,family,Restaurant and banquet furniture,restaurant-and-banquet-furniture,940161,3100,,national,
10064,10056,family,Auditorium and cinema seating,auditorium-and-cinema-seating,940179,3100,tip-up seats,national,
10065,10056,family,Mosque and religious furniture,mosque-and-religious-furniture,940360,3100,Quran stands;rehal;minbar;pews,national,
10066,10056,family,Hospital and clinic furniture,hospital-and-clinic-furniture,940290,3100,,national,also_under=hospital-furniture-and-equipment
10067,10000,industry,Outdoor and garden furniture,outdoor-and-garden-furniture,9401;9403,3100,patio furniture,city,material=rattan|wicker|teak|aluminium|wrought iron|plastic|HDPE
10068,10067,family,Rattan and cane furniture sets,rattan-and-cane-furniture-sets,940153,3100,,national,
10069,10067,family,Teak and wooden garden benches,teak-and-wooden-garden-benches,940169,3100,,national,
10070,10067,family,Metal and wrought iron garden furniture,metal-and-wrought-iron-garden-furniture,940179,3100,,national,
10071,10067,family,Plastic chairs and tables,plastic-chairs-and-tables,940180,3100,,national,
10072,10067,family,Garden swings and hammocks,garden-swings-and-hammocks,940180,3100,,national,
10073,10000,industry,Furniture components and hardware,furniture-components-and-hardware,8302;4410;4411;3921,3100;1622,furniture parts makers,city,
10074,10073,family,"Furniture hinges, slides and handles",furniture-hinges-slides-and-handles,830242,2599,,national,
10075,10073,family,Furniture foam and upholstery materials,furniture-foam-and-upholstery-materials,392190,2220,,national,
10076,10073,family,Hand-carved wooden panels and mouldings,hand-carved-wooden-panels-and-mouldings,440929,1622,carving workshops,national,
10077,10073,family,Furniture polish and finishing,furniture-polish-and-finishing,3209,2022,,national,
11000,,sector,Textiles,textiles,50;51;52;53;54;55;56;57;58;59;60;63,13,textile industry;textile mills,city,fibre=cotton|polyester|viscose|wool|silk|blends;cert=OEKO-TEX|GOTS|BCI|GRS;process=ring spun|air-jet|dyeing|printing|finishing
11001,11000,industry,Yarn and thread,yarn-and-thread,52;54;55,1311,spinning mills;yarn makers,city,material=cotton|polyester|viscose|wool|acrylic|nylon|blends;process=carded|combed|compact|open-end|ring spun|air-jet|texturing;spec=count Ne|ply|twist;cert=OEKO-TEX|GOTS|BCI|GRS
11002,11001,family,Cotton yarn,cotton-yarn,5205,1311,,national,
11003,11002,product,Carded cotton yarn,carded-cotton-yarn,520512,1311,,national,
11004,11002,product,Combed cotton yarn,combed-cotton-yarn,520523,1311,,national,
11005,11002,product,Open-end cotton yarn,open-end-cotton-yarn,520512,1311,,national,
11006,11002,product,Organic and BCI cotton yarn,organic-and-bci-cotton-yarn,520523,1311,,national,
11007,11001,family,Polyester and synthetic yarn,polyester-and-synthetic-yarn,5402,1311,,national,
11008,11007,product,Polyester filament yarn,polyester-filament-yarn,540233,1311,,national,
11009,11007,product,Polyester spun yarn,polyester-spun-yarn,550951,1311,,national,
11010,11007,product,Nylon yarn,nylon-yarn,540219,1311,,national,
11011,11001,family,Blended yarn,blended-yarn,5206,1311,polyester-cotton yarn,national,
11012,11001,family,Viscose and rayon yarn,viscose-and-rayon-yarn,5510,1311,,national,
11013,11001,family,Wool and acrylic yarn,wool-and-acrylic-yarn,5107,1311,hand knitting yarn,national,
11014,11001,family,Sewing thread,sewing-thread,5204,1311,,national,
11015,11000,industry,Woven fabrics,woven-fabrics,5208;5209;5407;5512,1312,weaving mills;fabric makers,city,material=cotton|polyester|viscose|linen|silk|wool|blends;process=air-jet weaving|rapier weaving|shuttle weaving|jacquard|dobby;spec=GSM|width|thread count|weave;cert=OEKO-TEX|GOTS|BCI
11016,11015,family,Grey (greige) cotton fabric,grey-greige-cotton-fabric,520811,1312,loom state fabric,national,
11017,11015,family,Dyed and printed cotton fabric,dyed-and-printed-cotton-fabric,5209,1313,,national,
11018,11017,product,Poplin and lawn fabric,poplin-and-lawn-fabric,520832,1313,,national,
11019,11017,product,Twill and drill fabric,twill-and-drill-fabric,520942,1313,,national,
11020,11017,product,Denim fabric,denim-fabric,520942,1312,,national,
11021,11017,product,Canvas and duck fabric,canvas-and-duck-fabric,520959,1312,,national,
11022,11017,product,Khaddar and cotton suiting,khaddar-and-cotton-suiting,520839,1312,,national,
11023,11017,product,Jacquard and dobby fabric,jacquard-and-dobby-fabric,520839,1312,,national,
11024,11015,family,Polyester and synthetic woven fabric,polyester-and-synthetic-woven-fabric,5407,1312,,national,
11025,11024,product,Polyester suiting fabric,polyester-suiting-fabric,551511,1312,,national,
11026,11024,product,Nylon taffeta and ripstop,nylon-taffeta-and-ripstop,540754,1312,,national,
11027,11015,family,Viscose and rayon woven fabric,viscose-and-rayon-woven-fabric,5516,1312,,national,
11028,11015,family,Wool and worsted fabric,wool-and-worsted-fabric,5112,1312,,national,
11029,11015,family,Silk fabric,silk-fabric,5007,1312,,national,
11030,11015,family,Linen and flax fabric,linen-and-flax-fabric,5309,1312,,national,
11031,11015,family,Jute fabric and hessian,jute-fabric-and-hessian,5310,1312,,national,
11032,11000,industry,Knitted fabrics,knitted-fabrics,60,1391,knitting mills,city,process=circular knitting|warp knitting|flat knitting;spec=GSM|gauge
11033,11032,family,Single jersey and rib fabric,single-jersey-and-rib-fabric,600622,1391,,national,
11034,11032,family,Interlock and fleece fabric,interlock-and-fleece-fabric,600632,1391,,national,
11035,11032,family,Terry and towelling fabric,terry-and-towelling-fabric,600110,1391,,national,
11036,11032,family,Pique and polo fabric,pique-and-polo-fabric,600632,1391,,national,
11037,11032,family,Lace and elastic knitted fabric,lace-and-elastic-knitted-fabric,6004,1391,,national,
11038,11000,industry,Home textiles,home-textiles,63;9404,1392,home textile makers,city,material=cotton|microfibre|polyester|bamboo|linen;process=cut-and-sew|weaving|printing;spec=thread count|GSM|size;cert=OEKO-TEX|GOTS|BSCI
11039,11038,family,Bed linen and bedsheets,bed-linen-and-bedsheets,630221,1392,bed sheets;pillow covers,national,
11040,11039,product,Cotton bedsheet sets,cotton-bedsheet-sets,630231,1392,,national,
11041,11039,product,Printed and embroidered bedsheets,printed-and-embroidered-bedsheets,630221,1392,,national,
11042,11039,product,Duvet covers and pillow cases,duvet-covers-and-pillow-cases,630231,1392,,national,
11043,11038,family,Towels,towels,630260,1392,,national,
11044,11043,product,Bath towels,bath-towels,630260,1392,,national,
11045,11043,product,Hand and face towels,hand-and-face-towels,630260,1392,,national,
11046,11043,product,Beach towels,beach-towels,630260,1392,,national,
11047,11043,product,Kitchen and tea towels,kitchen-and-tea-towels,630291,1392,,national,
11048,11038,family,Blankets and throws,blankets-and-throws,6301,1392,,national,
11049,11048,product,Fleece and polar blankets,fleece-and-polar-blankets,630140,1392,,national,
11050,11048,product,Wool and acrylic blankets,wool-and-acrylic-blankets,630120,1392,,national,
11051,11038,family,Curtains and drapes,curtains-and-drapes,6303,1392,,national,
11052,11038,family,"Quilts, comforters and duvets",quilts-comforters-and-duvets,940440,1392,,national,
11053,11038,family,Tablecloths and napkins,tablecloths-and-napkins,630392,1392,,national,
11054,11038,family,Prayer mats,prayer-mats,630499,1392,janamaz,national,
11055,11038,family,"Tents, tarpaulins and canvas goods",tents-tarpaulins-and-canvas-goods,6306,1392,,national,
11056,11038,family,Sacks and bags of textile materials,sacks-and-bags-of-textile-materials,6305,1392,,national,
11057,11000,industry,"Carpets, rugs and floor coverings",carpets-rugs-and-floor-coverings,57,1393,carpet makers;rug manufacturers,city,material=wool|silk|polypropylene|jute|viscose;process=hand-knotted|hand-tufted|machine-woven|flat-woven;spec=knots per sq inch|pile height
11058,11057,family,Hand-knotted carpets and rugs,hand-knotted-carpets-and-rugs,570110,1393,Persian carpets,national,
11059,11057,family,Machine-made carpets,machine-made-carpets,570242,1393,,national,
11060,11057,family,Tufted carpets and rugs,tufted-carpets-and-rugs,570390,1393,,national,
11061,11057,family,Kilims and flat-woven rugs,kilims-and-flat-woven-rugs,570291,1393,,national,
11062,11057,family,Prayer rugs and mats,prayer-rugs-and-mats,570500,1393,,national,
11063,11000,industry,Technical textiles and trimmings,technical-textiles-and-trimmings,56;58;59,1399,technical textile makers,city,
11064,11063,family,Nonwoven fabrics,nonwoven-fabrics,5603,1399,,national,
11065,11063,family,Industrial belting and coated fabrics,industrial-belting-and-coated-fabrics,5903,1399,,national,
11066,11063,family,"Webbing, tapes and elastics",webbing-tapes-and-elastics,5806,1399,,national,
11067,11063,family,"Lace, embroidery and trimmings",lace-embroidery-and-trimmings,5810,1399,,national,
11068,11063,family,"Rope, twine and cordage",rope-twine-and-cordage,5607,1394,,national,
11069,11063,family,"Labels, badges and woven trims",labels-badges-and-woven-trims,5807,1399,,national,
11070,,sector,Apparel and garments,apparel-and-garments,61;62,14,clothing;readymade garments;garment makers,city,gender=men|women|children|unisex;season=spring-summer|autumn-winter;cert=WRAP|BSCI|OEKO-TEX|SA8000;process=cut-make-trim|full package FOB|embroidery|printing|washing
11071,11070,industry,Men's and boys shirts,mens-and-boys-shirts,6205;6105,1410,shirt manufacturers,city,material=cotton|poplin|linen|polyester blend;process=cut-make-trim|full package FOB|embroidery|digital printing|garment washing;spec=size range|fit|collar type;cert=WRAP|BSCI|OEKO-TEX|SA8000
11072,11071,family,Formal and dress shirts,formal-and-dress-shirts,620520,1410,,national,
11073,11071,family,Casual shirts,casual-shirts,620520,1410,,national,
11074,11071,family,Polo shirts,polo-shirts,610510,1430,,national,
11075,11071,family,T-shirts,t-shirts,610910,1430,,national,
11076,11075,product,Round-neck T-shirts,round-neck-t-shirts,610910,1430,,national,
11077,11075,product,Printed and promotional T-shirts,printed-and-promotional-t-shirts,610910,1430,,national,
11078,11071,family,Kurtas and traditional menswear,kurtas-and-traditional-menswear,620590,1410,shalwar kameez;kurta pajama,national,
11079,11070,industry,Men's and boys trousers and suits,mens-and-boys-trousers-and-suits,6203,1410,trouser manufacturers,city,
11080,11079,family,Jeans and denim trousers,jeans-and-denim-trousers,620342,1410,,national,
11081,11079,family,Chinos and casual trousers,chinos-and-casual-trousers,620342,1410,,national,
11082,11079,family,Formal trousers,formal-trousers,620342,1410,,national,
11083,11079,family,Suits and blazers,suits-and-blazers,620311,1410,,national,
11084,11079,family,Waistcoats and vests,waistcoats-and-vests,620343,1410,,national,
11085,11079,family,Shorts and cargo pants,shorts-and-cargo-pants,620342,1410,,national,
11086,11070,industry,Women's and girls apparel,womens-and-girls-apparel,6204;6206,1410,ladies garments,city,
11087,11086,family,Dresses,dresses,620442,1410,,national,
11088,11086,family,Blouses and tops,blouses-and-tops,620630,1410,,national,
11089,11086,family,Skirts and culottes,skirts-and-culottes,620452,1410,,national,
11090,11086,family,Shalwar kameez and kurtis,shalwar-kameez-and-kurtis,620429,1410,ladies suits;lawn suits,national,
11091,11086,family,"Abayas, hijabs and modest wear",abayas-hijabs-and-modest-wear,620469,1410,burqa;scarves,national,
11092,11086,family,Sarees and lehengas,sarees-and-lehengas,620429,1410,,national,
11093,11086,family,Women's trousers and leggings,womens-trousers-and-leggings,620462,1430,,national,
11094,11086,family,Lingerie and bras,lingerie-and-bras,621210,1430,innerwear,national,
11095,11070,industry,Knitwear and sweaters,knitwear-and-sweaters,6110,1430,knitwear makers,city,
11096,11095,family,Pullovers and sweaters,pullovers-and-sweaters,611011,1430,,national,
11097,11095,family,Cardigans and jerseys,cardigans-and-jerseys,611012,1430,,national,
11098,11095,family,Hoodies and sweatshirts,hoodies-and-sweatshirts,611020,1430,,national,
11099,11095,family,Thermal underwear,thermal-underwear,610791,1430,,national,
11100,11070,industry,"Underwear, socks and hosiery",underwear-socks-and-hosiery,6107;6115,1430,hosiery makers,city,
11101,11100,family,Men's briefs and boxers,mens-briefs-and-boxers,610711,1430,,national,
11102,11100,family,Socks,socks,611595,1430,,national,
11103,11100,family,Tights and stockings,tights-and-stockings,611510,1430,,national,
11104,11100,family,Pyjamas and nightwear,pyjamas-and-nightwear,610721,1430,,national,
11105,11070,industry,Children's and infants wear,childrens-and-infants-wear,6111,1430,babywear,city,
11106,11105,family,Babywear and rompers,babywear-and-rompers,611120,1430,,national,
11107,11105,family,School uniforms,school-uniforms,620342,1410,,national,also_under=uniforms-and-workwear
11108,11070,industry,Uniforms and workwear,uniforms-and-workwear,6203;6211,1410,corporate wear;industrial uniforms,city,
11109,11108,family,Industrial workwear and coveralls,industrial-workwear-and-coveralls,621120,1410,boiler suits,national,
11110,11108,family,Military and police uniforms,military-and-police-uniforms,620333,1410,,national,
11111,11108,family,Medical scrubs and lab coats,medical-scrubs-and-lab-coats,621133,1410,,national,also_under=surgical-consumables-and-disposables
11112,11108,family,Chef and hospitality uniforms,chef-and-hospitality-uniforms,620333,1410,,national,
11113,11070,industry,Outerwear,outerwear,6201;6202,1410,jackets and coats,city,
11114,11113,family,Down and puffer jackets,down-and-puffer-jackets,620140,1410,,national,
11115,11113,family,Windbreakers and rain jackets,windbreakers-and-rain-jackets,620140,1410,,national,
11116,11113,family,Fleece jackets,fleece-jackets,611030,1430,,national,
11117,11113,family,Overcoats and parkas,overcoats-and-parkas,620140,1410,,national,
11118,11070,industry,Garment accessories,garment-accessories,6117;6214;6216;6505,1410,caps;scarves;gloves,city,
11119,11118,family,Textile gloves,textile-gloves,6116,1430,knitted gloves,national,
11120,11118,family,Caps and hats,caps-and-hats,6505,1430,,national,
11121,11118,family,"Scarves, shawls and mufflers",scarves-shawls-and-mufflers,6214,1410,,national,
11122,11118,family,Neckties and bow ties,neckties-and-bow-ties,6215,1410,,national,
11123,11118,family,Handkerchiefs,handkerchiefs,6213,1410,,national,
12000,,sector,"Wood, cork and wood products",wood-cork-and-wood-products,44,16,wood industry,city,
12001,12000,industry,Sawmilling and wood planing,sawmilling-and-wood-planing,4407,1610,,national,
12002,12000,industry,"Veneer, plywood and wood panels",veneer-plywood-and-wood-panels,4408;4410;4411;4412,1621,,national,
12003,12000,industry,"Builders carpentry, doors, windows and joinery",builders-carpentry-doors-windows-and-joinery,4418,1622,wooden doors;windows,national,
12004,12000,industry,"Wooden containers, pallets and crates",wooden-containers-pallets-and-crates,4415,1623,wooden pallets,national,
12005,12000,industry,"Cork, straw and small wood products",cork-straw-and-small-wood-products,4421;4503;4601,1629,baskets;cork products,national,
12006,,sector,"Paper, printing and packaging",paper-printing-and-packaging,47;48;49,17;18,paper industry,city,
12007,12006,industry,"Pulp, paper and paperboard",pulp-paper-and-paperboard,4801;4802;4804,1701,,national,
12008,12006,industry,Corrugated paper and paperboard containers,corrugated-paper-and-paperboard-containers,4819,1702,cartons;corrugated boxes,national,
12009,12006,industry,Paper articles and stationery,paper-articles-and-stationery,4820;4823,1709,notebooks;tissue,national,
12010,12006,industry,Printing and book production,printing-and-book-production,4901;4911,1811,printers;publishers,national,
12011,,sector,"Chemicals, paints and cosmetics",chemicals-paints-and-cosmetics,28;29;32;33;34;35;38,20,chemical industry,city,
12012,12011,industry,Basic chemicals and industrial gases,basic-chemicals-and-industrial-gases,28;29,2011,,national,
12013,12011,industry,Fertilisers and nitrogen compounds,fertilisers-and-nitrogen-compounds,31,2012,,national,
12014,12011,industry,Plastics and synthetic rubber in primary forms,plastics-and-synthetic-rubber-in-primary-forms,39,2013,,national,
12015,12011,industry,Pesticides and agrochemicals,pesticides-and-agrochemicals,3808,2021,,national,
12016,12011,industry,"Paints, varnishes and inks",paints-varnishes-and-inks,3208;3209;3210;3215,2022,,national,
12017,12011,industry,"Soaps, detergents, perfumes and cosmetics",soaps-detergents-perfumes-and-cosmetics,3304;3305;3307;3401;3402,2023,,national,
12018,12011,industry,"Explosives, adhesives and specialty chemicals",explosives-adhesives-and-specialty-chemicals,36;3506;3814,2029,,national,
12019,,sector,Pharmaceuticals,pharmaceuticals,30,21,medicine manufacturers;pharma makers,city,
12020,12019,industry,Medicinal chemicals and botanical products,medicinal-chemicals-and-botanical-products,2941;3003,2100,,national,
12021,12019,industry,Pharmaceutical formulations,pharmaceutical-formulations,3004,2100,tablets;capsules;injectables,national,
12022,12019,industry,"Vaccines, blood products and diagnostics",vaccines-blood-products-and-diagnostics,3002,2100,,global,
12023,,sector,Rubber and plastics products,rubber-and-plastics-products,39;40,22,rubber and plastics industry,city,
12024,12023,industry,Rubber tyres and tubes,rubber-tyres-and-tubes,4011;4013,2211,,national,
12025,12023,industry,"Rubber hoses, belts and moulded articles",rubber-hoses-belts-and-moulded-articles,4016;4009;4010,2219,,national,
12026,12023,industry,"Plastic pipes, fittings and profiles",plastic-pipes-fittings-and-profiles,3917;3925,2220,PVC pipes,national,
12027,12023,industry,"Plastic packaging, bottles and films",plastic-packaging-bottles-and-films,3923;3920,2220,,national,
12028,12023,industry,Plastic household and consumer products,plastic-household-and-consumer-products,3924;3926,2220,plastic ware,national,
12029,,sector,"Building materials, ceramics and glass",building-materials-ceramics-and-glass,68;69;70,23,building products;glass and ceramics,city,
12030,12029,industry,Glass and glass products,glass-and-glass-products,7003;7005;7010,2310,,national,
12031,12029,industry,Refractory products,refractory-products,6902,2391,,national,
12032,12029,industry,Ceramic and clay tiles and bricks,ceramic-and-clay-tiles-and-bricks,6907;6904,2392,floor tiles;wall tiles;bricks,national,
12033,12029,industry,Ceramic tableware and ornamental ware,ceramic-tableware-and-ornamental-ware,6911;6912,2393,crockery;porcelain,national,
12034,12029,industry,"Cement, lime and plaster",cement-lime-and-plaster,2523;2522;2520,2394,,national,
12035,12029,industry,"Concrete, cement and plaster articles",concrete-cement-and-plaster-articles,6810;6811,2395,precast concrete,national,
12036,12029,industry,Cut stone and marble products,cut-stone-and-marble-products,6802,2396,marble;granite,national,
12037,,sector,Basic metals and castings,basic-metals-and-castings,72;73;74;75;76,24,metal industry,city,
12038,12037,industry,"Iron and steel (mills, bars, sections, pipes)",iron-and-steel-mills-bars-sections-pipes,72;7304,2410,steel mills;re-rolling mills,national,
12039,12037,industry,"Aluminium, copper and non-ferrous metals",aluminium-copper-and-non-ferrous-metals,74;76,2420,,national,
12040,12037,industry,Iron and steel castings,iron-and-steel-castings,7325,2431,foundries,national,
12041,12037,industry,Non-ferrous metal castings,non-ferrous-metal-castings,7616;7419,2432,,national,
12042,,sector,"Fabricated metal products, tools and hardware",fabricated-metal-products-tools-and-hardware,73;82;83,25,metal products;hardware and tools,city,
12043,12042,industry,Structural metal products and fabrications,structural-metal-products-and-fabrications,7308,2511,,national,
12044,12042,industry,"Tanks, reservoirs and containers of metal",tanks-reservoirs-and-containers-of-metal,7309;7310,2512,,national,
12045,12042,industry,"Forgings, pressings and stampings",forgings-pressings-and-stampings,7326,2591,,national,
12046,12042,industry,"Hand tools, cutlery and general hardware",hand-tools-cutlery-and-general-hardware,82;8301;8302,2593,spanners;knives;locks,national,
12047,12042,industry,"Steel utensils, wire products and small metal goods",steel-utensils-wire-products-and-small-metal-goods,7321;7323;8306,2599,steel utensils;wire products,national,
12048,,sector,Electronics and optical products,electronics-and-optical-products,85;90,26,electronics industry,city,
12049,12048,industry,Electronic components and circuit boards,electronic-components-and-circuit-boards,8532;8533;8541;8542;8534,2610,PCBs;semiconductors,national,
12050,12048,industry,Computers and peripheral equipment,computers-and-peripheral-equipment,8471,2620,,national,
12051,12048,industry,Communication equipment and mobile phones,communication-equipment-and-mobile-phones,8517,2630,,national,
12052,12048,industry,Consumer electronics,consumer-electronics,8518;8521;8528,2640,TVs;speakers,national,
12053,12048,industry,"Measuring, testing and navigation instruments",measuring-testing-and-navigation-instruments,9025;9026;9027;9028;9029;9030;9031;9032,2651,,national,
12054,12048,industry,Watches and clocks,watches-and-clocks,91,2652,,national,
12055,12048,industry,Optical instruments and photographic equipment,optical-instruments-and-photographic-equipment,9001;9002;9005;9006,2670,,national,
12056,,sector,Electrical equipment and appliances,electrical-equipment-and-appliances,85,27,electrical industry,city,
12057,12056,industry,"Electric motors, generators and transformers",electric-motors-generators-and-transformers,8501;8504,2710,motors;transformers,national,
12058,12056,industry,Batteries and accumulators,batteries-and-accumulators,8506;8507,2720,dry cells;lead-acid batteries,national,
12059,12056,industry,"Wires, cables and wiring devices",wires-cables-and-wiring-devices,8544;8536,2732;2733,cable makers;switches,national,
12060,12056,industry,Electric lighting equipment,electric-lighting-equipment,8539;9405,2740,LED lights;bulbs,national,
12061,12056,industry,Domestic electrical appliances,domestic-electrical-appliances,8509;8516;8418;8450,2750,irons;heaters;refrigerators;washing machines,national,
12062,12056,industry,"Control panels, solar inverters and electrical equipment",control-panels-solar-inverters-and-electrical-equipment,8543;8537,2790,control panels;solar inverters,national,
12063,,sector,Machinery and equipment,machinery-and-equipment,84,28,machinery industry,city,
12064,12063,industry,Engines and turbines,engines-and-turbines,8407;8408;8411;8412,2811,,national,
12065,12063,industry,"Pumps, compressors, taps and valves",pumps-compressors-taps-and-valves,8413;8414;8481,2813,water pumps;valves,national,
12066,12063,industry,"Bearings, gears and driving elements",bearings-gears-and-driving-elements,8482;8483,2814,,national,
12067,12063,industry,"Ovens, furnaces and burners",ovens-furnaces-and-burners,8416;8417,2815,,national,
12068,12063,industry,Lifting and handling equipment,lifting-and-handling-equipment,8425;8426;8427;8428,2816,cranes;lifts;forklifts,national,
12069,12063,industry,Agricultural and forestry machinery,agricultural-and-forestry-machinery,8432;8433;8701,2821,tractors;harvesters,national,
12070,12063,industry,Metal-forming machinery and machine tools,metal-forming-machinery-and-machine-tools,8456;8457;8458;8459;8460,2822,lathes;CNC machines,national,
12071,12063,industry,"Mining, quarrying and construction machinery",mining-quarrying-and-construction-machinery,8429;8430;8474,2824,excavators;crushers,national,
12072,12063,industry,"Food, beverage and tobacco processing machinery",food-beverage-and-tobacco-processing-machinery,8435;8438,2825,,national,
12073,12063,industry,"Textile, apparel and leather machinery",textile-apparel-and-leather-machinery,8444;8445;8446;8447;8451;8452,2826,looms;sewing machines,national,
12074,12063,industry,"Process, heating, filtration and packaging machinery",process-heating-filtration-and-packaging-machinery,8419;8421;8479,2819;2829,,national,
12075,,sector,"Road vehicles, trailers and vehicle parts",road-vehicles-trailers-and-vehicle-parts,87,29,automotive industry;auto industry,city,fuel=petrol|diesel|CNG|hybrid|electric;assembly_mode=CKD|SKD|full manufacturing;type_approval=national|UNECE
12076,12075,industry,Passenger cars with combustion engines,passenger-cars-with-combustion-engines,8703,2910,petrol cars;diesel cars,national,
12077,12075,industry,"Trucks, buses and special vehicles",trucks-buses-and-special-vehicles,8702;8704;8705,2910,,national,
12078,12075,industry,"Vehicle bodies, trailers and semi-trailers",vehicle-bodies-trailers-and-semi-trailers,8707;8716,2920,,national,
12079,12075,industry,Automotive parts and accessories (combustion vehicles),automotive-parts-and-accessories-combustion-vehicles,8708;8409;4011,2930,auto parts makers,national,
12080,12075,industry,Tractors,tractors,8701,2821,,national,
12081,,sector,"Ships, rail and aircraft",ships-rail-and-aircraft,86;88;89,30,transport equipment,city,
12082,12081,industry,Ships and floating structures,ships-and-floating-structures,89,3011,,national,
12083,12081,industry,Pleasure and sporting boats,pleasure-and-sporting-boats,8903,3012,,national,
12084,12081,industry,Railway locomotives and rolling stock,railway-locomotives-and-rolling-stock,86,3020,,national,
12085,12081,industry,Aircraft and spacecraft,aircraft-and-spacecraft,88,3030,,global,
12086,12081,industry,Hand-propelled vehicles and carriages,hand-propelled-vehicles-and-carriages,8713;8716,3099,handcarts;pushcarts,national,
12087,,sector,"Jewellery, musical instruments and personal articles",jewellery-musical-instruments-and-personal-articles,71;92;96,32,jewellery;miscellaneous manufacturing,city,
12088,12087,industry,Jewellery and related articles,jewellery-and-related-articles,7113;7114;7116,3211,gold jewellery;silver jewellery,national,
12089,12087,industry,Imitation jewellery,imitation-jewellery,7117,3212,fashion jewellery,national,
12090,12087,industry,Musical instruments,musical-instruments,92,3220,harmoniums;guitars;tablas,national,
12091,12087,industry,"Brooms, pens, lighters and similar articles",brooms-pens-lighters-and-similar-articles,96,3290,brushes;pens,national,
12092,,sector,Food products,food-products,02;03;04;07;08;09;10;11;15;16;17;18;19;20;21,10,food processing;food manufacturers,city,
12093,12092,industry,Meat and poultry processing,meat-and-poultry-processing,0201;0207;1601,1010,,national,
12094,12092,industry,Fish and seafood processing,fish-and-seafood-processing,0302;1604,1020,,national,
12095,12092,industry,Fruit and vegetable processing,fruit-and-vegetable-processing,2001;2008;2009,1030,,national,
12096,12092,industry,Vegetable and animal oils and fats,vegetable-and-animal-oils-and-fats,15,1040,edible oil;ghee,national,
12097,12092,industry,Dairy products,dairy-products,04,1050,milk;cheese;butter,national,
12098,12092,industry,"Grain mill products, starches",grain-mill-products-starches,11;1006,1061,flour mills;rice mills,national,
12099,12092,industry,Bakery products,bakery-products,1905,1071,biscuits;bread,national,
12100,12092,industry,Sugar and confectionery,sugar-and-confectionery,17;18,1072;1073,,national,
12101,12092,industry,"Pasta, noodles and prepared meals",pasta-noodles-and-prepared-meals,1902;1904,1074,,national,
12102,12092,industry,"Tea, coffee and spices processing",tea-coffee-and-spices-processing,09,1079,,national,
12103,,sector,Beverages,beverages,22,11,beverage makers,city,
12104,12103,industry,Soft drinks and bottled water,soft-drinks-and-bottled-water,2201;2202,1104,mineral water;juices,national,
12105,12103,industry,Alcoholic beverages,alcoholic-beverages,2203;2204;2208,1101;1102;1103,,national,
12106,,sector,Tobacco products,tobacco-products,24,12,tobacco makers,city,
12107,12106,industry,Cigarettes and tobacco products,cigarettes-and-tobacco-products,2402;2403,1200,,national,
12108,,sector,Coke and refined petroleum products,coke-and-refined-petroleum-products,27,19,refinery products,city,
12109,12108,industry,Coke oven products,coke-oven-products,2704,1910,,global,
12110,12108,industry,Refined petroleum products,refined-petroleum-products,2710,1920,lubricants;fuels,national,
