label,kind,pair_id,rep,ms,status
ltree_resolver,page,1,1,1384.814,ok
rcte,page,1,1,779.526,ok
ltree_denorm,page,1,1,4006.958,ok
closure_ltplace,page,1,1,1426.492,ok
closure,page,1,1,1142.638,ok
rcte,page,1,2,827.175,ok
ltree_denorm,page,1,2,3929.634,ok
closure_ltplace,page,1,2,1346.39,ok
closure,page,1,2,1081.768,ok
ltree_resolver,page,1,2,1476.222,ok
ltree_denorm,page,1,3,3875.703,ok
closure_ltplace,page,1,3,1331.422,ok
closure,page,1,3,1248.406,ok
ltree_resolver,page,1,3,1432.64,ok
rcte,page,1,3,829.175,ok
rcte,page,2,1,1243.339,ok
ltree_denorm,page,2,1,2184.86,ok
closure_ltplace,page,2,1,1876.09,ok
closure,page,2,1,1793.18,ok
ltree_resolver,page,2,1,1767.361,ok
ltree_denorm,page,2,2,2106.317,ok
closure_ltplace,page,2,2,1859.097,ok
closure,page,2,2,1743.173,ok
ltree_resolver,page,2,2,1952.314,ok
rcte,page,2,2,1268.3,ok
closure_ltplace,page,2,3,1812.279,ok
closure,page,2,3,1586.633,ok
ltree_resolver,page,2,3,1679.462,ok
rcte,page,2,3,1194.595,ok
ltree_denorm,page,2,3,1979.081,ok
ltree_denorm,page,3,1,4051.855,ok
closure_ltplace,page,3,1,1452.526,ok
closure,page,3,1,1442.259,ok
ltree_resolver,page,3,1,1506.997,ok
rcte,page,3,1,844.159,ok
closure_ltplace,page,3,2,1491.257,ok
closure,page,3,2,1463.912,ok
ltree_resolver,page,3,2,1544.279,ok
rcte,page,3,2,875.211,ok
ltree_denorm,page,3,2,4643.23,ok
closure,page,3,3,1614.074,ok
ltree_resolver,page,3,3,1641.213,ok
rcte,page,3,3,928.836,ok
ltree_denorm,page,3,3,4526.241,ok
closure_ltplace,page,3,3,1398.594,ok
closure_ltplace,page,4,1,1425.752,ok
closure,page,4,1,1051.516,ok
ltree_resolver,page,4,1,1378.813,ok
rcte,page,4,1,733.297,ok
ltree_denorm,page,4,1,3751.782,ok
closure,page,4,2,1046.647,ok
ltree_resolver,page,4,2,1433.424,ok
rcte,page,4,2,672.768,ok
ltree_denorm,page,4,2,3614.904,ok
closure_ltplace,page,4,2,1348.181,ok
ltree_resolver,page,4,3,1425.599,ok
rcte,page,4,3,706.242,ok
ltree_denorm,page,4,3,3633.872,ok
closure_ltplace,page,4,3,1326.555,ok
closure,page,4,3,960.784,ok
closure,page,5,1,1577.243,ok
ltree_resolver,page,5,1,1532.386,ok
rcte,page,5,1,1079.514,ok
ltree_denorm,page,5,1,1983.208,ok
closure_ltplace,page,5,1,1607.368,ok
ltree_resolver,page,5,2,1577.851,ok
rcte,page,5,2,1117.003,ok
ltree_denorm,page,5,2,1943.997,ok
closure_ltplace,page,5,2,1708.773,ok
closure,page,5,2,1637.802,ok
rcte,page,5,3,1213.695,ok
ltree_denorm,page,5,3,2124.049,ok
closure_ltplace,page,5,3,1737.112,ok
closure,page,5,3,1643.836,ok
ltree_resolver,page,5,3,1789.33,ok
ltree_resolver,page,6,1,1920.72,ok
rcte,page,6,1,1197.006,ok
ltree_denorm,page,6,1,4625.983,ok
closure_ltplace,page,6,1,1666.319,ok
closure,page,6,1,1579.539,ok
rcte,page,6,2,1181.564,ok
ltree_denorm,page,6,2,4405.486,ok
closure_ltplace,page,6,2,1544.51,ok
closure,page,6,2,1473.167,ok
ltree_resolver,page,6,2,1722.364,ok
ltree_denorm,page,6,3,4505.476,ok
closure_ltplace,page,6,3,1819.567,ok
closure,page,6,3,1614.842,ok
ltree_resolver,page,6,3,2030.145,ok
rcte,page,6,3,1608.618,ok
rcte,page,7,1,965.079,ok
ltree_denorm,page,7,1,4422.995,ok
closure_ltplace,page,7,1,1608.929,ok
closure,page,7,1,1467.626,ok
ltree_resolver,page,7,1,1489.668,ok
ltree_denorm,page,7,2,4116.45,ok
closure_ltplace,page,7,2,1564.847,ok
closure,page,7,2,1652.929,ok
ltree_resolver,page,7,2,1595.364,ok
rcte,page,7,2,995.474,ok
closure_ltplace,page,7,3,1627.845,ok
closure,page,7,3,1591.949,ok
ltree_resolver,page,7,3,1629.978,ok
rcte,page,7,3,965.923,ok
ltree_denorm,page,7,3,4640.925,ok
ltree_denorm,page,8,1,1840.915,ok
closure_ltplace,page,8,1,1665.131,ok
closure,page,8,1,1512.694,ok
ltree_resolver,page,8,1,1500.159,ok
rcte,page,8,1,744.19,ok
closure_ltplace,page,8,2,1406.778,ok
closure,page,8,2,1500.587,ok
ltree_resolver,page,8,2,1548.342,ok
rcte,page,8,2,859.609,ok
ltree_denorm,page,8,2,2282.94,ok
closure,page,8,3,1720.61,ok
ltree_resolver,page,8,3,1528.296,ok
rcte,page,8,3,751.391,ok
ltree_denorm,page,8,3,1844.117,ok
closure_ltplace,page,8,3,1354.251,ok
closure_ltplace,page,9,1,2041.44,ok
closure,page,9,1,1966.192,ok
ltree_resolver,page,9,1,2499.336,ok
rcte,page,9,1,2072.421,ok
ltree_denorm,page,9,1,2210.269,ok
closure,page,9,2,2015.103,ok
ltree_resolver,page,9,2,2205.036,ok
rcte,page,9,2,2010.251,ok
ltree_denorm,page,9,2,2928.214,ok
closure_ltplace,page,9,2,2620.729,ok
ltree_resolver,page,9,3,2398.763,ok
rcte,page,9,3,2243.195,ok
ltree_denorm,page,9,3,2392.526,ok
closure_ltplace,page,9,3,1960.048,ok
closure,page,9,3,2082.626,ok
closure,page,10,1,1281.12,ok
ltree_resolver,page,10,1,1617.273,ok
rcte,page,10,1,801.123,ok
ltree_denorm,page,10,1,4040.673,ok
closure_ltplace,page,10,1,1387.023,ok
ltree_resolver,page,10,2,1480.117,ok
rcte,page,10,2,798.968,ok
ltree_denorm,page,10,2,4088.35,ok
closure_ltplace,page,10,2,1377.184,ok
closure,page,10,2,1232.351,ok
rcte,page,10,3,852.49,ok
ltree_denorm,page,10,3,4406.906,ok
closure_ltplace,page,10,3,1666.716,ok
closure,page,10,3,1142.811,ok
ltree_resolver,page,10,3,1752.697,ok
ltree_resolver,page,11,1,242.766,ok
rcte,page,11,1,229.023,ok
ltree_denorm,page,11,1,39.23,ok
closure_ltplace,page,11,1,371.402,ok
closure,page,11,1,170.597,ok
rcte,page,11,2,267.227,ok
ltree_denorm,page,11,2,37.139,ok
closure_ltplace,page,11,2,363.366,ok
closure,page,11,2,163.466,ok
ltree_resolver,page,11,2,234.821,ok
ltree_denorm,page,11,3,29.827,ok
closure_ltplace,page,11,3,320.549,ok
closure,page,11,3,176.779,ok
ltree_resolver,page,11,3,276.4,ok
rcte,page,11,3,246.377,ok
rcte,page,12,1,277.965,ok
ltree_denorm,page,12,1,31.346,ok
closure_ltplace,page,12,1,332.427,ok
closure,page,12,1,272.222,ok
ltree_resolver,page,12,1,276.735,ok
ltree_denorm,page,12,2,32.077,ok
closure_ltplace,page,12,2,288.352,ok
closure,page,12,2,247.673,ok
ltree_resolver,page,12,2,242.199,ok
rcte,page,12,2,317.936,ok
closure_ltplace,page,12,3,303.89,ok
closure,page,12,3,359.643,ok
ltree_resolver,page,12,3,270.395,ok
rcte,page,12,3,322.453,ok
ltree_denorm,page,12,3,38.503,ok
ltree_denorm,page,13,1,1006.546,ok
closure_ltplace,page,13,1,314.375,ok
closure,page,13,1,155.704,ok
ltree_resolver,page,13,1,235.64,ok
rcte,page,13,1,207.534,ok
closure_ltplace,page,13,2,314.879,ok
closure,page,13,2,166.595,ok
ltree_resolver,page,13,2,249.103,ok
rcte,page,13,2,274.879,ok
ltree_denorm,page,13,2,958.292,ok
closure,page,13,3,190.065,ok
ltree_resolver,page,13,3,303.425,ok
rcte,page,13,3,241.663,ok
ltree_denorm,page,13,3,858.167,ok
closure_ltplace,page,13,3,347.919,ok
closure_ltplace,page,14,1,332.326,ok
closure,page,14,1,136.629,ok
ltree_resolver,page,14,1,323.425,ok
rcte,page,14,1,172.474,ok
ltree_denorm,page,14,1,748.462,ok
closure,page,14,2,136.791,ok
ltree_resolver,page,14,2,239.919,ok
rcte,page,14,2,123.552,ok
ltree_denorm,page,14,2,766.938,ok
closure_ltplace,page,14,2,309.237,ok
ltree_resolver,page,14,3,242.206,ok
rcte,page,14,3,157.202,ok
ltree_denorm,page,14,3,762.95,ok
closure_ltplace,page,14,3,297.425,ok
closure,page,14,3,127.282,ok
closure,page,15,1,225.668,ok
ltree_resolver,page,15,1,239.048,ok
rcte,page,15,1,299.307,ok
ltree_denorm,page,15,1,1017.548,ok
closure_ltplace,page,15,1,345.396,ok
ltree_resolver,page,15,2,241.701,ok
rcte,page,15,2,299.141,ok
ltree_denorm,page,15,2,984.535,ok
closure_ltplace,page,15,2,328.028,ok
closure,page,15,2,221.347,ok
rcte,page,15,3,296.043,ok
ltree_denorm,page,15,3,1064.661,ok
closure_ltplace,page,15,3,319.145,ok
closure,page,15,3,197.837,ok
ltree_resolver,page,15,3,242.03,ok
ltree_resolver,page,16,1,270.929,ok
rcte,page,16,1,463.674,ok
ltree_denorm,page,16,1,67.089,ok
closure_ltplace,page,16,1,334.558,ok
closure,page,16,1,375.228,ok
rcte,page,16,2,451.988,ok
ltree_denorm,page,16,2,57.544,ok
closure_ltplace,page,16,2,329.149,ok
closure,page,16,2,374.131,ok
ltree_resolver,page,16,2,307.622,ok
ltree_denorm,page,16,3,73.846,ok
closure_ltplace,page,16,3,321.44,ok
closure,page,16,3,394.654,ok
ltree_resolver,page,16,3,302.029,ok
rcte,page,16,3,431.716,ok
rcte,page,17,1,207.431,ok
ltree_denorm,page,17,1,33.49,ok
closure_ltplace,page,17,1,288.81,ok
closure,page,17,1,195.107,ok
ltree_resolver,page,17,1,329.208,ok
ltree_denorm,page,17,2,36.61,ok
closure_ltplace,page,17,2,387.614,ok
closure,page,17,2,222.511,ok
ltree_resolver,page,17,2,283.709,ok
rcte,page,17,2,188.124,ok
closure_ltplace,page,17,3,304.224,ok
closure,page,17,3,158.054,ok
ltree_resolver,page,17,3,217.177,ok
rcte,page,17,3,242.882,ok
ltree_denorm,page,17,3,36.054,ok
ltree_denorm,page,18,1,1618.979,ok
closure_ltplace,page,18,1,454.896,ok
closure,page,18,1,286.508,ok
ltree_resolver,page,18,1,679.992,ok
rcte,page,18,1,324.597,ok
closure_ltplace,page,18,2,413.979,ok
closure,page,18,2,229.849,ok
ltree_resolver,page,18,2,622.65,ok
rcte,page,18,2,313.098,ok
ltree_denorm,page,18,2,1548.484,ok
closure,page,18,3,292.278,ok
ltree_resolver,page,18,3,808.108,ok
rcte,page,18,3,326.438,ok
ltree_denorm,page,18,3,1497.893,ok
closure_ltplace,page,18,3,447.971,ok
closure_ltplace,page,19,1,338.723,ok
closure,page,19,1,356.513,ok
ltree_resolver,page,19,1,271.358,ok
rcte,page,19,1,428.939,ok
ltree_denorm,page,19,1,29.778,ok
closure,page,19,2,347.096,ok
ltree_resolver,page,19,2,276.885,ok
rcte,page,19,2,429.768,ok
ltree_denorm,page,19,2,31.01,ok
closure_ltplace,page,19,2,311.198,ok
ltree_resolver,page,19,3,299.068,ok
rcte,page,19,3,470.13,ok
ltree_denorm,page,19,3,29.53,ok
closure_ltplace,page,19,3,296.398,ok
closure,page,19,3,374.753,ok
closure,page,20,1,376.738,ok
ltree_resolver,page,20,1,280.711,ok
rcte,page,20,1,527.35,ok
ltree_denorm,page,20,1,76.242,ok
closure_ltplace,page,20,1,149.272,ok
ltree_resolver,page,20,2,255.496,ok
rcte,page,20,2,478.408,ok
ltree_denorm,page,20,2,75.048,ok
closure_ltplace,page,20,2,180.926,ok
closure,page,20,2,357.882,ok
rcte,page,20,3,495.191,ok
ltree_denorm,page,20,3,70.718,ok
closure_ltplace,page,20,3,161.18,ok
closure,page,20,3,329.183,ok
ltree_resolver,page,20,3,265.644,ok
ltree_resolver,page,21,1,242.018,ok
rcte,page,21,1,216.279,ok
ltree_denorm,page,21,1,1367.181,ok
closure_ltplace,page,21,1,139.571,ok
closure,page,21,1,195.786,ok
rcte,page,21,2,263.692,ok
ltree_denorm,page,21,2,1359.844,ok
closure_ltplace,page,21,2,144.714,ok
closure,page,21,2,191.762,ok
ltree_resolver,page,21,2,250.958,ok
ltree_denorm,page,21,3,1246.406,ok
closure_ltplace,page,21,3,253.953,ok
closure,page,21,3,183.681,ok
ltree_resolver,page,21,3,299.079,ok
rcte,page,21,3,241.945,ok
rcte,page,22,1,191.108,ok
ltree_denorm,page,22,1,840.831,ok
closure_ltplace,page,22,1,128.395,ok
closure,page,22,1,179.489,ok
ltree_resolver,page,22,1,293.954,ok
ltree_denorm,page,22,2,985.532,ok
closure_ltplace,page,22,2,146.054,ok
closure,page,22,2,161.597,ok
ltree_resolver,page,22,2,312.535,ok
rcte,page,22,2,238.381,ok
closure_ltplace,page,22,3,126.183,ok
closure,page,22,3,169.653,ok
ltree_resolver,page,22,3,291.009,ok
rcte,page,22,3,221.739,ok
ltree_denorm,page,22,3,920.968,ok
ltree_denorm,page,23,1,1203.133,ok
closure_ltplace,page,23,1,296.094,ok
closure,page,23,1,229.92,ok
ltree_resolver,page,23,1,294.47,ok
rcte,page,23,1,373.921,ok
closure_ltplace,page,23,2,276.528,ok
closure,page,23,2,241.694,ok
ltree_resolver,page,23,2,267.805,ok
rcte,page,23,2,311.491,ok
ltree_denorm,page,23,2,1096.705,ok
closure,page,23,3,225.961,ok
ltree_resolver,page,23,3,261.587,ok
rcte,page,23,3,321.868,ok
ltree_denorm,page,23,3,1237.605,ok
closure_ltplace,page,23,3,307.646,ok
closure_ltplace,page,24,1,289.542,ok
closure,page,24,1,167.569,ok
ltree_resolver,page,24,1,258.09,ok
rcte,page,24,1,230.593,ok
ltree_denorm,page,24,1,939.29,ok
closure,page,24,2,191.228,ok
ltree_resolver,page,24,2,328.302,ok
rcte,page,24,2,241.44,ok
ltree_denorm,page,24,2,973.862,ok
closure_ltplace,page,24,2,250.178,ok
ltree_resolver,page,24,3,239.853,ok
rcte,page,24,3,239.671,ok
ltree_denorm,page,24,3,1024.999,ok
closure_ltplace,page,24,3,311.131,ok
closure,page,24,3,199.087,ok
closure,page,25,1,231.353,ok
ltree_resolver,page,25,1,435.506,ok
rcte,page,25,1,302.588,ok
ltree_denorm,page,25,1,1062.749,ok
closure_ltplace,page,25,1,361.403,ok
ltree_resolver,page,25,2,379.347,ok
rcte,page,25,2,295.858,ok
ltree_denorm,page,25,2,1004.807,ok
closure_ltplace,page,25,2,383.0,ok
closure,page,25,2,252.305,ok
rcte,page,25,3,306.323,ok
ltree_denorm,page,25,3,995.983,ok
closure_ltplace,page,25,3,289.179,ok
closure,page,25,3,168.603,ok
ltree_resolver,page,25,3,226.08,ok
ltree_resolver,page,26,1,223.913,ok
rcte,page,26,1,282.851,ok
ltree_denorm,page,26,1,835.472,ok
closure_ltplace,page,26,1,262.219,ok
closure,page,26,1,170.826,ok
rcte,page,26,2,212.811,ok
ltree_denorm,page,26,2,955.011,ok
closure_ltplace,page,26,2,293.509,ok
closure,page,26,2,174.428,ok
ltree_resolver,page,26,2,259.601,ok
ltree_denorm,page,26,3,886.222,ok
closure_ltplace,page,26,3,254.956,ok
closure,page,26,3,170.092,ok
ltree_resolver,page,26,3,235.042,ok
rcte,page,26,3,199.322,ok
rcte,page,27,1,221.472,ok
ltree_denorm,page,27,1,1020.57,ok
closure_ltplace,page,27,1,308.516,ok
closure,page,27,1,181.925,ok
ltree_resolver,page,27,1,297.855,ok
ltree_denorm,page,27,2,1022.227,ok
closure_ltplace,page,27,2,322.329,ok
closure,page,27,2,211.336,ok
ltree_resolver,page,27,2,350.022,ok
rcte,page,27,2,216.887,ok
closure_ltplace,page,27,3,342.684,ok
closure,page,27,3,200.356,ok
ltree_resolver,page,27,3,435.948,ok
rcte,page,27,3,216.717,ok
ltree_denorm,page,27,3,992.663,ok
ltree_denorm,page,28,1,1114.065,ok
closure_ltplace,page,28,1,373.116,ok
closure,page,28,1,304.167,ok
ltree_resolver,page,28,1,485.731,ok
rcte,page,28,1,264.981,ok
closure_ltplace,page,28,2,378.828,ok
closure,page,28,2,241.343,ok
ltree_resolver,page,28,2,385.094,ok
rcte,page,28,2,241.795,ok
ltree_denorm,page,28,2,933.794,ok
closure,page,28,3,226.346,ok
ltree_resolver,page,28,3,306.709,ok
rcte,page,28,3,196.55,ok
ltree_denorm,page,28,3,940.505,ok
closure_ltplace,page,28,3,291.26,ok
closure_ltplace,page,29,1,404.964,ok
closure,page,29,1,418.842,ok
ltree_resolver,page,29,1,306.907,ok
rcte,page,29,1,489.916,ok
ltree_denorm,page,29,1,2482.41,ok
closure,page,29,2,368.63,ok
ltree_resolver,page,29,2,346.071,ok
rcte,page,29,2,553.801,ok
ltree_denorm,page,29,2,2159.999,ok
closure_ltplace,page,29,2,434.976,ok
ltree_resolver,page,29,3,359.92,ok
rcte,page,29,3,618.795,ok
ltree_denorm,page,29,3,2290.028,ok
closure_ltplace,page,29,3,379.606,ok
closure,page,29,3,421.903,ok
closure,page,30,1,187.146,ok
ltree_resolver,page,30,1,277.903,ok
rcte,page,30,1,254.27,ok
ltree_denorm,page,30,1,947.758,ok
closure_ltplace,page,30,1,274.282,ok
ltree_resolver,page,30,2,232.779,ok
rcte,page,30,2,226.014,ok
ltree_denorm,page,30,2,901.091,ok
closure_ltplace,page,30,2,265.438,ok
closure,page,30,2,161.475,ok
rcte,page,30,3,163.181,ok
ltree_denorm,page,30,3,921.176,ok
closure_ltplace,page,30,3,277.317,ok
closure,page,30,3,184.303,ok
ltree_resolver,page,30,3,252.475,ok
ltree_resolver,page,31,1,259.883,ok
rcte,page,31,1,494.149,ok
ltree_denorm,page,31,1,112.858,ok
closure_ltplace,page,31,1,297.98,ok
closure,page,31,1,358.837,ok
rcte,page,31,2,526.145,ok
ltree_denorm,page,31,2,127.209,ok
closure_ltplace,page,31,2,290.497,ok
closure,page,31,2,352.659,ok
ltree_resolver,page,31,2,234.816,ok
ltree_denorm,page,31,3,114.73,ok
closure_ltplace,page,31,3,241.812,ok
closure,page,31,3,362.721,ok
ltree_resolver,page,31,3,260.171,ok
rcte,page,31,3,510.4,ok
rcte,page,32,1,493.726,ok
ltree_denorm,page,32,1,2197.423,ok
closure_ltplace,page,32,1,235.543,ok
closure,page,32,1,392.661,ok
ltree_resolver,page,32,1,375.145,ok
ltree_denorm,page,32,2,2275.522,ok
closure_ltplace,page,32,2,234.984,ok
closure,page,32,2,417.409,ok
ltree_resolver,page,32,2,394.497,ok
rcte,page,32,2,502.761,ok
closure_ltplace,page,32,3,224.337,ok
closure,page,32,3,367.293,ok
ltree_resolver,page,32,3,298.137,ok
rcte,page,32,3,455.278,ok
ltree_denorm,page,32,3,2109.089,ok
ltree_denorm,page,33,1,39.351,ok
closure_ltplace,page,33,1,287.254,ok
closure,page,33,1,201.097,ok
ltree_resolver,page,33,1,300.305,ok
rcte,page,33,1,261.079,ok
closure_ltplace,page,33,2,354.959,ok
closure,page,33,2,197.839,ok
ltree_resolver,page,33,2,313.795,ok
rcte,page,33,2,226.437,ok
ltree_denorm,page,33,2,37.27,ok
closure,page,33,3,185.681,ok
ltree_resolver,page,33,3,303.251,ok
rcte,page,33,3,266.334,ok
ltree_denorm,page,33,3,40.604,ok
closure_ltplace,page,33,3,338.298,ok
closure_ltplace,page,34,1,195.564,ok
closure,page,34,1,252.262,ok
ltree_resolver,page,34,1,327.19,ok
rcte,page,34,1,297.451,ok
ltree_denorm,page,34,1,1596.236,ok
closure,page,34,2,254.83,ok
ltree_resolver,page,34,2,302.618,ok
rcte,page,34,2,351.933,ok
ltree_denorm,page,34,2,1515.714,ok
closure_ltplace,page,34,2,187.659,ok
ltree_resolver,page,34,3,324.509,ok
rcte,page,34,3,290.839,ok
ltree_denorm,page,34,3,1397.524,ok
closure_ltplace,page,34,3,158.334,ok
closure,page,34,3,227.766,ok
closure,page,35,1,177.475,ok
ltree_resolver,page,35,1,271.999,ok
rcte,page,35,1,233.725,ok
ltree_denorm,page,35,1,900.864,ok
closure_ltplace,page,35,1,268.631,ok
ltree_resolver,page,35,2,342.413,ok
rcte,page,35,2,247.697,ok
ltree_denorm,page,35,2,941.825,ok
closure_ltplace,page,35,2,259.338,ok
closure,page,35,2,173.708,ok
rcte,page,35,3,219.636,ok
ltree_denorm,page,35,3,884.535,ok
closure_ltplace,page,35,3,264.123,ok
closure,page,35,3,197.023,ok
ltree_resolver,page,35,3,284.592,ok
ltree_resolver,page,36,1,311.8,ok
rcte,page,36,1,301.253,ok
ltree_denorm,page,36,1,1024.629,ok
closure_ltplace,page,36,1,306.136,ok
closure,page,36,1,245.706,ok
rcte,page,36,2,302.58,ok
ltree_denorm,page,36,2,1065.608,ok
closure_ltplace,page,36,2,294.367,ok
closure,page,36,2,245.047,ok
ltree_resolver,page,36,2,317.777,ok
ltree_denorm,page,36,3,1179.476,ok
closure_ltplace,page,36,3,274.056,ok
closure,page,36,3,293.998,ok
ltree_resolver,page,36,3,264.314,ok
rcte,page,36,3,287.268,ok
rcte,page,37,1,220.207,ok
ltree_denorm,page,37,1,30.147,ok
closure_ltplace,page,37,1,294.848,ok
closure,page,37,1,220.87,ok
ltree_resolver,page,37,1,369.73,ok
ltree_denorm,page,37,2,74.243,ok
closure_ltplace,page,37,2,379.905,ok
closure,page,37,2,275.691,ok
ltree_resolver,page,37,2,370.799,ok
rcte,page,37,2,219.636,ok
closure_ltplace,page,37,3,385.379,ok
closure,page,37,3,225.655,ok
ltree_resolver,page,37,3,346.351,ok
rcte,page,37,3,307.23,ok
ltree_denorm,page,37,3,31.027,ok
ltree_denorm,page,38,1,2386.314,ok
closure_ltplace,page,38,1,289.806,ok
closure,page,38,1,398.015,ok
ltree_resolver,page,38,1,322.234,ok
rcte,page,38,1,518.457,ok
closure_ltplace,page,38,2,271.949,ok
closure,page,38,2,385.719,ok
ltree_resolver,page,38,2,289.247,ok
rcte,page,38,2,526.128,ok
ltree_denorm,page,38,2,2321.361,ok
closure,page,38,3,422.719,ok
ltree_resolver,page,38,3,292.462,ok
rcte,page,38,3,528.002,ok
ltree_denorm,page,38,3,2070.555,ok
closure_ltplace,page,38,3,263.969,ok
closure_ltplace,page,39,1,284.525,ok
closure,page,39,1,419.909,ok
ltree_resolver,page,39,1,277.504,ok
rcte,page,39,1,483.373,ok
ltree_denorm,page,39,1,36.668,ok
closure,page,39,2,383.596,ok
ltree_resolver,page,39,2,246.956,ok
rcte,page,39,2,443.371,ok
ltree_denorm,page,39,2,33.731,ok
closure_ltplace,page,39,2,278.721,ok
ltree_resolver,page,39,3,273.397,ok
rcte,page,39,3,516.132,ok
ltree_denorm,page,39,3,38.866,ok
closure_ltplace,page,39,3,270.208,ok
closure,page,39,3,393.007,ok
closure,page,40,1,239.642,ok
ltree_resolver,page,40,1,256.404,ok
rcte,page,40,1,327.148,ok
ltree_denorm,page,40,1,1045.895,ok
closure_ltplace,page,40,1,299.145,ok
ltree_resolver,page,40,2,286.117,ok
rcte,page,40,2,327.959,ok
ltree_denorm,page,40,2,1021.432,ok
closure_ltplace,page,40,2,309.083,ok
closure,page,40,2,241.018,ok
rcte,page,40,3,309.93,ok
ltree_denorm,page,40,3,1140.596,ok
closure_ltplace,page,40,3,326.504,ok
closure,page,40,3,245.958,ok
ltree_resolver,page,40,3,278.59,ok
ltree_resolver,page,41,1,276.445,ok
rcte,page,41,1,281.918,ok
ltree_denorm,page,41,1,994.426,ok
closure_ltplace,page,41,1,289.59,ok
closure,page,41,1,220.429,ok
rcte,page,41,2,267.787,ok
ltree_denorm,page,41,2,930.414,ok
closure_ltplace,page,41,2,259.249,ok
closure,page,41,2,211.552,ok
ltree_resolver,page,41,2,243.747,ok
ltree_denorm,page,41,3,1036.24,ok
closure_ltplace,page,41,3,285.308,ok
closure,page,41,3,212.645,ok
ltree_resolver,page,41,3,252.065,ok
rcte,page,41,3,286.701,ok
rcte,page,42,1,265.001,ok
ltree_denorm,page,42,1,30.846,ok
closure_ltplace,page,42,1,274.256,ok
closure,page,42,1,260.759,ok
ltree_resolver,page,42,1,336.039,ok
ltree_denorm,page,42,2,27.787,ok
closure_ltplace,page,42,2,290.19,ok
closure,page,42,2,216.835,ok
ltree_resolver,page,42,2,350.16,ok
rcte,page,42,2,327.559,ok
closure_ltplace,page,42,3,347.678,ok
closure,page,42,3,265.955,ok
ltree_resolver,page,42,3,406.027,ok
rcte,page,42,3,310.001,ok
ltree_denorm,page,42,3,32.933,ok
ltree_denorm,page,43,1,62.467,ok
closure_ltplace,page,43,1,330.383,ok
closure,page,43,1,280.643,ok
ltree_resolver,page,43,1,415.87,ok
rcte,page,43,1,267.277,ok
closure_ltplace,page,43,2,315.089,ok
closure,page,43,2,223.833,ok
ltree_resolver,page,43,2,324.052,ok
rcte,page,43,2,283.699,ok
ltree_denorm,page,43,2,68.306,ok
closure,page,43,3,227.054,ok
ltree_resolver,page,43,3,281.693,ok
rcte,page,43,3,257.686,ok
ltree_denorm,page,43,3,54.211,ok
closure_ltplace,page,43,3,271.176,ok
closure_ltplace,page,44,1,355.971,ok
closure,page,44,1,275.929,ok
ltree_resolver,page,44,1,291.753,ok
rcte,page,44,1,293.249,ok
ltree_denorm,page,44,1,26.173,ok
closure,page,44,2,184.306,ok
ltree_resolver,page,44,2,235.782,ok
rcte,page,44,2,250.478,ok
ltree_denorm,page,44,2,22.417,ok
closure_ltplace,page,44,2,275.296,ok
ltree_resolver,page,44,3,269.612,ok
rcte,page,44,3,257.75,ok
ltree_denorm,page,44,3,24.412,ok
closure_ltplace,page,44,3,286.319,ok
closure,page,44,3,214.944,ok
closure,page,45,1,166.28,ok
ltree_resolver,page,45,1,248.831,ok
rcte,page,45,1,185.671,ok
ltree_denorm,page,45,1,32.305,ok
closure_ltplace,page,45,1,301.089,ok
ltree_resolver,page,45,2,268.851,ok
rcte,page,45,2,214.201,ok
ltree_denorm,page,45,2,25.343,ok
closure_ltplace,page,45,2,295.29,ok
closure,page,45,2,156.605,ok
rcte,page,45,3,185.917,ok
ltree_denorm,page,45,3,25.019,ok
closure_ltplace,page,45,3,285.558,ok
closure,page,45,3,165.773,ok
ltree_resolver,page,45,3,278.454,ok
ltree_resolver,page,46,1,244.22,ok
rcte,page,46,1,216.246,ok
ltree_denorm,page,46,1,830.42,ok
closure_ltplace,page,46,1,260.86,ok
closure,page,46,1,138.397,ok
rcte,page,46,2,190.781,ok
ltree_denorm,page,46,2,846.407,ok
closure_ltplace,page,46,2,254.722,ok
closure,page,46,2,161.109,ok
ltree_resolver,page,46,2,313.241,ok
ltree_denorm,page,46,3,805.107,ok
closure_ltplace,page,46,3,272.293,ok
closure,page,46,3,198.925,ok
ltree_resolver,page,46,3,298.848,ok
rcte,page,46,3,179.438,ok
rcte,page,47,1,152.841,ok
ltree_denorm,page,47,1,866.284,ok
closure_ltplace,page,47,1,205.161,ok
closure,page,47,1,147.095,ok
ltree_resolver,page,47,1,404.97,ok
ltree_denorm,page,47,2,927.106,ok
closure_ltplace,page,47,2,262.254,ok
closure,page,47,2,184.657,ok
ltree_resolver,page,47,2,324.385,ok
rcte,page,47,2,207.643,ok
closure_ltplace,page,47,3,251.078,ok
closure,page,47,3,162.126,ok
ltree_resolver,page,47,3,276.667,ok
rcte,page,47,3,180.63,ok
ltree_denorm,page,47,3,960.175,ok
ltree_denorm,page,48,1,35.004,ok
closure_ltplace,page,48,1,298.161,ok
closure,page,48,1,233.361,ok
ltree_resolver,page,48,1,373.033,ok
rcte,page,48,1,321.676,ok
closure_ltplace,page,48,2,354.723,ok
closure,page,48,2,225.176,ok
ltree_resolver,page,48,2,253.459,ok
rcte,page,48,2,219.422,ok
ltree_denorm,page,48,2,25.204,ok
closure,page,48,3,173.548,ok
ltree_resolver,page,48,3,250.558,ok
rcte,page,48,3,294.539,ok
ltree_denorm,page,48,3,23.918,ok
closure_ltplace,page,48,3,257.14,ok
closure_ltplace,page,49,1,260.358,ok
closure,page,49,1,227.126,ok
ltree_resolver,page,49,1,283.987,ok
rcte,page,49,1,316.535,ok
ltree_denorm,page,49,1,46.041,ok
closure,page,49,2,187.425,ok
ltree_resolver,page,49,2,263.299,ok
rcte,page,49,2,269.258,ok
ltree_denorm,page,49,2,37.454,ok
closure_ltplace,page,49,2,282.624,ok
ltree_resolver,page,49,3,259.394,ok
rcte,page,49,3,255.943,ok
ltree_denorm,page,49,3,37.327,ok
closure_ltplace,page,49,3,312.988,ok
closure,page,49,3,207.887,ok
closure,page,50,1,393.039,ok
ltree_resolver,page,50,1,297.805,ok
rcte,page,50,1,382.266,ok
ltree_denorm,page,50,1,65.353,ok
closure_ltplace,page,50,1,275.612,ok
ltree_resolver,page,50,2,288.659,ok
rcte,page,50,2,463.319,ok
ltree_denorm,page,50,2,64.752,ok
closure_ltplace,page,50,2,323.475,ok
closure,page,50,2,405.738,ok
rcte,page,50,3,444.417,ok
ltree_denorm,page,50,3,66.62,ok
closure_ltplace,page,50,3,279.245,ok
closure,page,50,3,335.39,ok
ltree_resolver,page,50,3,281.986,ok
ltree_resolver,page,51,1,720.382,ok
rcte,page,51,1,55.588,ok
ltree_denorm,page,51,1,2439.563,ok
closure_ltplace,page,51,1,265.382,ok
closure,page,51,1,69.472,ok
rcte,page,51,2,69.465,ok
ltree_denorm,page,51,2,2380.846,ok
closure_ltplace,page,51,2,289.48,ok
closure,page,51,2,69.921,ok
ltree_resolver,page,51,2,774.844,ok
ltree_denorm,page,51,3,2116.108,ok
closure_ltplace,page,51,3,239.031,ok
closure,page,51,3,48.626,ok
ltree_resolver,page,51,3,730.719,ok
rcte,page,51,3,63.594,ok
rcte,page,52,1,29.615,ok
ltree_denorm,page,52,1,1703.361,ok
closure_ltplace,page,52,1,144.398,ok
closure,page,52,1,22.818,ok
ltree_resolver,page,52,1,737.476,ok
ltree_denorm,page,52,2,1670.962,ok
closure_ltplace,page,52,2,162.46,ok
closure,page,52,2,32.028,ok
ltree_resolver,page,52,2,823.999,ok
rcte,page,52,2,29.89,ok
closure_ltplace,page,52,3,150.757,ok
closure,page,52,3,22.627,ok
ltree_resolver,page,52,3,585.213,ok
rcte,page,52,3,28.328,ok
ltree_denorm,page,52,3,1683.321,ok
ltree_denorm,page,53,1,1857.589,ok
closure_ltplace,page,53,1,476.403,ok
closure,page,53,1,53.035,ok
ltree_resolver,page,53,1,996.915,ok
rcte,page,53,1,45.582,ok
closure_ltplace,page,53,2,459.365,ok
closure,page,53,2,29.408,ok
ltree_resolver,page,53,2,734.246,ok
rcte,page,53,2,54.297,ok
ltree_denorm,page,53,2,1603.31,ok
closure,page,53,3,34.973,ok
ltree_resolver,page,53,3,636.976,ok
rcte,page,53,3,46.612,ok
ltree_denorm,page,53,3,1637.838,ok
closure_ltplace,page,53,3,307.02,ok
closure_ltplace,page,54,1,150.358,ok
closure,page,54,1,26.91,ok
ltree_resolver,page,54,1,614.683,ok
rcte,page,54,1,30.27,ok
ltree_denorm,page,54,1,900.43,ok
closure,page,54,2,21.869,ok
ltree_resolver,page,54,2,623.177,ok
rcte,page,54,2,38.969,ok
ltree_denorm,page,54,2,883.479,ok
closure_ltplace,page,54,2,162.288,ok
ltree_resolver,page,54,3,632.647,ok
rcte,page,54,3,33.029,ok
ltree_denorm,page,54,3,801.489,ok
closure_ltplace,page,54,3,135.16,ok
closure,page,54,3,24.528,ok
closure,page,55,1,51.448,ok
ltree_resolver,page,55,1,641.318,ok
rcte,page,55,1,51.77,ok
ltree_denorm,page,55,1,6886.273,ok
closure_ltplace,page,55,1,306.566,ok
ltree_resolver,page,55,2,656.775,ok
rcte,page,55,2,56.258,ok
ltree_denorm,page,55,2,5796.596,ok
closure_ltplace,page,55,2,417.349,ok
closure,page,55,2,58.866,ok
rcte,page,55,3,59.535,ok
ltree_denorm,page,55,3,6080.135,ok
closure_ltplace,page,55,3,561.51,ok
closure,page,55,3,70.484,ok
ltree_resolver,page,55,3,750.751,ok
ltree_resolver,page,56,1,955.449,ok
rcte,page,56,1,160.692,ok
ltree_denorm,page,56,1,2045.241,ok
closure_ltplace,page,56,1,456.372,ok
closure,page,56,1,194.749,ok
rcte,page,56,2,176.374,ok
ltree_denorm,page,56,2,1912.655,ok
closure_ltplace,page,56,2,399.045,ok
closure,page,56,2,156.737,ok
ltree_resolver,page,56,2,835.87,ok
ltree_denorm,page,56,3,1996.713,ok
closure_ltplace,page,56,3,573.479,ok
closure,page,56,3,163.149,ok
ltree_resolver,page,56,3,787.653,ok
rcte,page,56,3,134.939,ok
rcte,page,57,1,25.239,ok
ltree_denorm,page,57,1,1510.971,ok
closure_ltplace,page,57,1,180.081,ok
closure,page,57,1,27.27,ok
ltree_resolver,page,57,1,671.72,ok
ltree_denorm,page,57,2,1469.265,ok
closure_ltplace,page,57,2,150.956,ok
closure,page,57,2,50.467,ok
ltree_resolver,page,57,2,627.161,ok
rcte,page,57,2,35.589,ok
closure_ltplace,page,57,3,233.303,ok
closure,page,57,3,38.034,ok
ltree_resolver,page,57,3,722.809,ok
rcte,page,57,3,39.778,ok
ltree_denorm,page,57,3,1412.371,ok
ltree_denorm,page,59,1,1641.407,ok
closure_ltplace,page,59,1,179.428,ok
closure,page,59,1,20.329,ok
ltree_resolver,page,59,1,650.271,ok
rcte,page,59,1,24.694,ok
closure_ltplace,page,59,2,142.48,ok
closure,page,59,2,19.963,ok
ltree_resolver,page,59,2,576.455,ok
rcte,page,59,2,24.033,ok
ltree_denorm,page,59,2,1668.823,ok
closure,page,59,3,28.032,ok
ltree_resolver,page,59,3,631.263,ok
rcte,page,59,3,32.125,ok
ltree_denorm,page,59,3,1619.063,ok
closure_ltplace,page,59,3,199.679,ok
closure_ltplace,page,60,1,779.139,ok
closure,page,60,1,182.276,ok
ltree_resolver,page,60,1,913.584,ok
rcte,page,60,1,118.9,ok
ltree_denorm,page,60,1,2567.354,ok
closure,page,60,2,110.154,ok
ltree_resolver,page,60,2,708.968,ok
rcte,page,60,2,118.363,ok
ltree_denorm,page,60,2,2441.573,ok
closure_ltplace,page,60,2,640.657,ok
ltree_resolver,page,60,3,805.54,ok
rcte,page,60,3,127.101,ok
ltree_denorm,page,60,3,2397.9,ok
closure_ltplace,page,60,3,601.614,ok
closure,page,60,3,124.877,ok
closure,page,61,1,50.356,ok
ltree_resolver,page,61,1,1058.506,ok
rcte,page,61,1,41.896,ok
ltree_denorm,page,61,1,2677.895,ok
closure_ltplace,page,61,1,221.482,ok
ltree_resolver,page,61,2,726.16,ok
rcte,page,61,2,43.029,ok
ltree_denorm,page,61,2,2734.288,ok
closure_ltplace,page,61,2,298.794,ok
closure,page,61,2,40.634,ok
rcte,page,61,3,41.596,ok
ltree_denorm,page,61,3,3195.352,ok
closure_ltplace,page,61,3,333.209,ok
closure,page,61,3,73.249,ok
ltree_resolver,page,61,3,797.502,ok
ltree_resolver,page,62,1,308.331,ok
rcte,page,62,1,41.554,ok
ltree_denorm,page,62,1,640.499,ok
closure_ltplace,page,62,1,35.824,ok
closure,page,62,1,29.751,ok
rcte,page,62,2,25.948,ok
ltree_denorm,page,62,2,663.543,ok
closure_ltplace,page,62,2,37.766,ok
closure,page,62,2,30.289,ok
ltree_resolver,page,62,2,301.257,ok
ltree_denorm,page,62,3,642.724,ok
closure_ltplace,page,62,3,44.29,ok
closure,page,62,3,35.832,ok
ltree_resolver,page,62,3,242.818,ok
rcte,page,62,3,27.804,ok
rcte,page,63,1,10.29,ok
ltree_denorm,page,63,1,1003.89,ok
closure_ltplace,page,63,1,11.685,ok
closure,page,63,1,10.65,ok
ltree_resolver,page,63,1,247.236,ok
ltree_denorm,page,63,2,942.046,ok
closure_ltplace,page,63,2,11.939,ok
closure,page,63,2,9.358,ok
ltree_resolver,page,63,2,278.129,ok
rcte,page,63,2,13.201,ok
closure_ltplace,page,63,3,7.841,ok
closure,page,63,3,8.367,ok
ltree_resolver,page,63,3,312.306,ok
rcte,page,63,3,7.821,ok
ltree_denorm,page,63,3,976.199,ok
ltree_denorm,page,64,1,538.223,ok
closure_ltplace,page,64,1,38.08,ok
closure,page,64,1,13.879,ok
ltree_resolver,page,64,1,603.81,ok
rcte,page,64,1,11.898,ok
closure_ltplace,page,64,2,12.815,ok
closure,page,64,2,10.762,ok
ltree_resolver,page,64,2,544.895,ok
rcte,page,64,2,18.62,ok
ltree_denorm,page,64,2,591.118,ok
closure,page,64,3,13.086,ok
ltree_resolver,page,64,3,547.493,ok
rcte,page,64,3,20.179,ok
ltree_denorm,page,64,3,554.389,ok
closure_ltplace,page,64,3,32.387,ok
closure_ltplace,page,65,1,12.49,ok
closure,page,65,1,10.855,ok
ltree_resolver,page,65,1,225.474,ok
rcte,page,65,1,13.468,ok
ltree_denorm,page,65,1,433.466,ok
closure,page,65,2,10.516,ok
ltree_resolver,page,65,2,213.147,ok
rcte,page,65,2,9.931,ok
ltree_denorm,page,65,2,406.561,ok
closure_ltplace,page,65,2,16.394,ok
ltree_resolver,page,65,3,257.096,ok
rcte,page,65,3,11.672,ok
ltree_denorm,page,65,3,364.195,ok
closure_ltplace,page,65,3,11.766,ok
closure,page,65,3,10.747,ok
closure,page,66,1,18.115,ok
ltree_resolver,page,66,1,212.191,ok
rcte,page,66,1,18.557,ok
ltree_denorm,page,66,1,1006.473,ok
closure_ltplace,page,66,1,12.577,ok
ltree_resolver,page,66,2,210.571,ok
rcte,page,66,2,18.356,ok
ltree_denorm,page,66,2,916.5,ok
closure_ltplace,page,66,2,18.387,ok
closure,page,66,2,26.329,ok
rcte,page,66,3,25.031,ok
ltree_denorm,page,66,3,918.509,ok
closure_ltplace,page,66,3,14.086,ok
closure,page,66,3,18.635,ok
ltree_resolver,page,66,3,263.087,ok
ltree_resolver,page,67,1,243.718,ok
rcte,page,67,1,9.845,ok
ltree_denorm,page,67,1,422.914,ok
closure_ltplace,page,67,1,9.669,ok
closure,page,67,1,7.64,ok
rcte,page,67,2,8.241,ok
ltree_denorm,page,67,2,442.141,ok
closure_ltplace,page,67,2,8.65,ok
closure,page,67,2,7.574,ok
ltree_resolver,page,67,2,206.409,ok
ltree_denorm,page,67,3,403.934,ok
closure_ltplace,page,67,3,10.109,ok
closure,page,67,3,13.533,ok
ltree_resolver,page,67,3,238.727,ok
rcte,page,67,3,10.467,ok
rcte,page,68,1,21.353,ok
ltree_denorm,page,68,1,1102.565,ok
closure_ltplace,page,68,1,16.54,ok
closure,page,68,1,22.473,ok
ltree_resolver,page,68,1,248.458,ok
ltree_denorm,page,68,2,1091.05,ok
closure_ltplace,page,68,2,12.254,ok
closure,page,68,2,15.402,ok
ltree_resolver,page,68,2,221.014,ok
rcte,page,68,2,21.846,ok
closure_ltplace,page,68,3,10.677,ok
closure,page,68,3,16.7,ok
ltree_resolver,page,68,3,219.888,ok
rcte,page,68,3,16.781,ok
ltree_denorm,page,68,3,1089.425,ok
ltree_denorm,page,69,1,36.669,ok
closure_ltplace,page,69,1,18.705,ok
closure,page,69,1,28.252,ok
ltree_resolver,page,69,1,233.514,ok
rcte,page,69,1,25.318,ok
closure_ltplace,page,69,2,16.592,ok
closure,page,69,2,22.34,ok
ltree_resolver,page,69,2,233.563,ok
rcte,page,69,2,22.902,ok
ltree_denorm,page,69,2,15.773,ok
closure,page,69,3,21.519,ok
ltree_resolver,page,69,3,199.834,ok
rcte,page,69,3,25.902,ok
ltree_denorm,page,69,3,17.382,ok
closure_ltplace,page,69,3,10.428,ok
closure_ltplace,page,70,1,25.263,ok
closure,page,70,1,28.208,ok
ltree_resolver,page,70,1,209.819,ok
rcte,page,70,1,25.244,ok
ltree_denorm,page,70,1,2212.061,ok
closure,page,70,2,27.541,ok
ltree_resolver,page,70,2,288.413,ok
rcte,page,70,2,28.362,ok
ltree_denorm,page,70,2,2414.319,ok
closure_ltplace,page,70,2,27.752,ok
ltree_resolver,page,70,3,366.448,ok
rcte,page,70,3,53.64,ok
ltree_denorm,page,70,3,2730.867,ok
closure_ltplace,page,70,3,29.434,ok
closure,page,70,3,28.341,ok
closure,page,71,1,18.543,ok
ltree_resolver,page,71,1,672.198,ok
rcte,page,71,1,15.358,ok
ltree_denorm,page,71,1,731.076,ok
closure_ltplace,page,71,1,51.273,ok
ltree_resolver,page,71,2,590.72,ok
rcte,page,71,2,26.722,ok
ltree_denorm,page,71,2,826.327,ok
closure_ltplace,page,71,2,51.625,ok
closure,page,71,2,17.338,ok
rcte,page,71,3,16.491,ok
ltree_denorm,page,71,3,804.055,ok
closure_ltplace,page,71,3,42.415,ok
closure,page,71,3,19.598,ok
ltree_resolver,page,71,3,533.044,ok
ltree_resolver,page,72,1,265.889,ok
rcte,page,72,1,101.02,ok
ltree_denorm,page,72,1,1895.186,ok
closure_ltplace,page,72,1,30.418,ok
closure,page,72,1,108.128,ok
rcte,page,72,2,123.977,ok
ltree_denorm,page,72,2,1868.84,ok
closure_ltplace,page,72,2,29.816,ok
closure,page,72,2,98.743,ok
ltree_resolver,page,72,2,249.12,ok
ltree_denorm,page,72,3,1897.211,ok
closure_ltplace,page,72,3,29.7,ok
closure,page,72,3,97.359,ok
ltree_resolver,page,72,3,210.355,ok
rcte,page,72,3,76.847,ok
rcte,page,73,1,12.316,ok
ltree_denorm,page,73,1,915.209,ok
closure_ltplace,page,73,1,9.265,ok
closure,page,73,1,10.578,ok
ltree_resolver,page,73,1,274.179,ok
ltree_denorm,page,73,2,949.887,ok
closure_ltplace,page,73,2,8.633,ok
closure,page,73,2,10.422,ok
ltree_resolver,page,73,2,238.055,ok
rcte,page,73,2,15.705,ok
closure_ltplace,page,73,3,6.006,ok
closure,page,73,3,10.051,ok
ltree_resolver,page,73,3,250.385,ok
rcte,page,73,3,12.608,ok
ltree_denorm,page,73,3,931.068,ok
ltree_denorm,page,74,1,1176.209,ok
closure_ltplace,page,74,1,6.663,ok
closure,page,74,1,8.248,ok
ltree_resolver,page,74,1,253.782,ok
rcte,page,74,1,7.623,ok
closure_ltplace,page,74,2,4.288,ok
closure,page,74,2,6.621,ok
ltree_resolver,page,74,2,259.592,ok
rcte,page,74,2,7.879,ok
ltree_denorm,page,74,2,1137.143,ok
closure,page,74,3,7.349,ok
ltree_resolver,page,74,3,232.415,ok
rcte,page,74,3,6.986,ok
ltree_denorm,page,74,3,1054.417,ok
closure_ltplace,page,74,3,6.986,ok
closure_ltplace,page,75,1,8.362,ok
closure,page,75,1,8.217,ok
ltree_resolver,page,75,1,199.017,ok
rcte,page,75,1,7.955,ok
ltree_denorm,page,75,1,479.755,ok
closure,page,75,2,8.21,ok
ltree_resolver,page,75,2,202.732,ok
rcte,page,75,2,6.767,ok
ltree_denorm,page,75,2,418.33,ok
closure_ltplace,page,75,2,7.562,ok
ltree_resolver,page,75,3,197.673,ok
rcte,page,75,3,9.202,ok
ltree_denorm,page,75,3,484.892,ok
closure_ltplace,page,75,3,9.028,ok
closure,page,75,3,9.976,ok
closure,page,76,1,12.13,ok
ltree_resolver,page,76,1,204.456,ok
rcte,page,76,1,11.11,ok
ltree_denorm,page,76,1,684.728,ok
closure_ltplace,page,76,1,10.356,ok
ltree_resolver,page,76,2,222.727,ok
rcte,page,76,2,13.225,ok
ltree_denorm,page,76,2,716.33,ok
closure_ltplace,page,76,2,10.047,ok
closure,page,76,2,11.743,ok
rcte,page,76,3,10.152,ok
ltree_denorm,page,76,3,672.085,ok
closure_ltplace,page,76,3,9.493,ok
closure,page,76,3,11.42,ok
ltree_resolver,page,76,3,248.784,ok
ltree_resolver,page,77,1,191.782,ok
rcte,page,77,1,7.418,ok
ltree_denorm,page,77,1,1466.771,ok
closure_ltplace,page,77,1,7.425,ok
closure,page,77,1,6.993,ok
rcte,page,77,2,5.952,ok
ltree_denorm,page,77,2,1397.237,ok
closure_ltplace,page,77,2,6.765,ok
closure,page,77,2,6.297,ok
ltree_resolver,page,77,2,194.749,ok
ltree_denorm,page,77,3,1449.544,ok
closure_ltplace,page,77,3,6.717,ok
closure,page,77,3,6.373,ok
ltree_resolver,page,77,3,217.899,ok
rcte,page,77,3,9.071,ok
rcte,page,78,1,24.737,ok
ltree_denorm,page,78,1,2114.309,ok
closure_ltplace,page,78,1,330.539,ok
closure,page,78,1,18.645,ok
ltree_resolver,page,78,1,349.273,ok
ltree_denorm,page,78,2,2531.304,ok
closure_ltplace,page,78,2,316.357,ok
closure,page,78,2,16.425,ok
ltree_resolver,page,78,2,263.823,ok
rcte,page,78,2,14.759,ok
closure_ltplace,page,78,3,311.818,ok
closure,page,78,3,18.731,ok
ltree_resolver,page,78,3,295.424,ok
rcte,page,78,3,18.919,ok
ltree_denorm,page,78,3,2351.412,ok
ltree_denorm,page,79,1,665.203,ok
closure_ltplace,page,79,1,7.955,ok
closure,page,79,1,7.094,ok
ltree_resolver,page,79,1,343.95,ok
rcte,page,79,1,15.634,ok
closure_ltplace,page,79,2,10.49,ok
closure,page,79,2,9.0,ok
ltree_resolver,page,79,2,336.284,ok
rcte,page,79,2,10.567,ok
ltree_denorm,page,79,2,786.837,ok
closure,page,79,3,10.871,ok
ltree_resolver,page,79,3,339.266,ok
rcte,page,79,3,9.37,ok
ltree_denorm,page,79,3,655.157,ok
closure_ltplace,page,79,3,10.0,ok
closure_ltplace,page,80,1,12.186,ok
closure,page,80,1,13.452,ok
ltree_resolver,page,80,1,341.735,ok
rcte,page,80,1,10.879,ok
ltree_denorm,page,80,1,840.983,ok
closure,page,80,2,11.394,ok
ltree_resolver,page,80,2,281.593,ok
rcte,page,80,2,13.82,ok
ltree_denorm,page,80,2,823.89,ok
closure_ltplace,page,80,2,9.855,ok
ltree_resolver,page,80,3,278.882,ok
rcte,page,80,3,12.264,ok
ltree_denorm,page,80,3,887.893,ok
closure_ltplace,page,80,3,11.174,ok
closure,page,80,3,14.479,ok
closure,page,81,1,109.785,ok
ltree_resolver,page,81,1,358.035,ok
rcte,page,81,1,114.31,ok
ltree_denorm,page,81,1,1769.364,ok
closure_ltplace,page,81,1,24.0,ok
ltree_resolver,page,81,2,348.127,ok
rcte,page,81,2,140.741,ok
ltree_denorm,page,81,2,1742.337,ok
closure_ltplace,page,81,2,20.239,ok
closure,page,81,2,88.26,ok
rcte,page,81,3,75.427,ok
ltree_denorm,page,81,3,1756.333,ok
closure_ltplace,page,81,3,24.064,ok
closure,page,81,3,97.86,ok
ltree_resolver,page,81,3,245.88,ok
ltree_resolver,page,82,1,266.015,ok
rcte,page,82,1,26.138,ok
ltree_denorm,page,82,1,505.336,ok
closure_ltplace,page,82,1,307.028,ok
closure,page,82,1,33.517,ok
rcte,page,82,2,24.971,ok
ltree_denorm,page,82,2,523.065,ok
closure_ltplace,page,82,2,254.737,ok
closure,page,82,2,26.98,ok
ltree_resolver,page,82,2,281.612,ok
ltree_denorm,page,82,3,478.605,ok
closure_ltplace,page,82,3,256.318,ok
closure,page,82,3,25.259,ok
ltree_resolver,page,82,3,315.233,ok
rcte,page,82,3,20.757,ok
rcte,page,83,1,12.195,ok
ltree_denorm,page,83,1,525.833,ok
closure_ltplace,page,83,1,15.254,ok
closure,page,83,1,14.002,ok
ltree_resolver,page,83,1,275.578,ok
ltree_denorm,page,83,2,584.772,ok
closure_ltplace,page,83,2,14.555,ok
closure,page,83,2,12.168,ok
ltree_resolver,page,83,2,266.801,ok
rcte,page,83,2,10.236,ok
closure_ltplace,page,83,3,6.651,ok
closure,page,83,3,8.481,ok
ltree_resolver,page,83,3,257.807,ok
rcte,page,83,3,9.785,ok
ltree_denorm,page,83,3,531.774,ok
ltree_denorm,page,84,1,597.857,ok
closure_ltplace,page,84,1,14.55,ok
closure,page,84,1,12.285,ok
ltree_resolver,page,84,1,317.421,ok
rcte,page,84,1,10.988,ok
closure_ltplace,page,84,2,7.381,ok
closure,page,84,2,8.39,ok
ltree_resolver,page,84,2,280.471,ok
rcte,page,84,2,10.332,ok
ltree_denorm,page,84,2,527.607,ok
closure,page,84,3,11.671,ok
ltree_resolver,page,84,3,295.192,ok
rcte,page,84,3,10.551,ok
ltree_denorm,page,84,3,562.99,ok
closure_ltplace,page,84,3,15.595,ok
closure_ltplace,page,85,1,27.776,ok
closure,page,85,1,93.21,ok
ltree_resolver,page,85,1,298.804,ok
rcte,page,85,1,96.348,ok
ltree_denorm,page,85,1,1602.484,ok
closure,page,85,2,99.617,ok
ltree_resolver,page,85,2,299.764,ok
rcte,page,85,2,79.601,ok
ltree_denorm,page,85,2,1636.298,ok
closure_ltplace,page,85,2,23.141,ok
ltree_resolver,page,85,3,301.623,ok
rcte,page,85,3,138.476,ok
ltree_denorm,page,85,3,1523.761,ok
closure_ltplace,page,85,3,36.215,ok
closure,page,85,3,102.481,ok
closure,page,86,1,19.837,ok
ltree_resolver,page,86,1,265.784,ok
rcte,page,86,1,17.884,ok
ltree_denorm,page,86,1,1932.19,ok
closure_ltplace,page,86,1,11.969,ok
ltree_resolver,page,86,2,319.706,ok
rcte,page,86,2,17.618,ok
ltree_denorm,page,86,2,1941.69,ok
closure_ltplace,page,86,2,14.097,ok
closure,page,86,2,37.35,ok
rcte,page,86,3,32.781,ok
ltree_denorm,page,86,3,1948.166,ok
closure_ltplace,page,86,3,10.822,ok
closure,page,86,3,17.561,ok
ltree_resolver,page,86,3,285.014,ok
ltree_resolver,page,87,1,277.85,ok
rcte,page,87,1,11.155,ok
ltree_denorm,page,87,1,1314.532,ok
closure_ltplace,page,87,1,9.189,ok
closure,page,87,1,9.529,ok
rcte,page,87,2,8.223,ok
ltree_denorm,page,87,2,1289.965,ok
closure_ltplace,page,87,2,9.212,ok
closure,page,87,2,10.327,ok
ltree_resolver,page,87,2,325.612,ok
ltree_denorm,page,87,3,1375.489,ok
closure_ltplace,page,87,3,8.892,ok
closure,page,87,3,9.686,ok
ltree_resolver,page,87,3,254.667,ok
rcte,page,87,3,8.096,ok
rcte,page,88,1,31.995,ok
ltree_denorm,page,88,1,32.32,ok
closure_ltplace,page,88,1,15.223,ok
closure,page,88,1,23.115,ok
ltree_resolver,page,88,1,306.566,ok
ltree_denorm,page,88,2,16.393,ok
closure_ltplace,page,88,2,9.623,ok
closure,page,88,2,27.873,ok
ltree_resolver,page,88,2,298.583,ok
rcte,page,88,2,24.974,ok
closure_ltplace,page,88,3,9.841,ok
closure,page,88,3,24.795,ok
ltree_resolver,page,88,3,273.57,ok
rcte,page,88,3,23.701,ok
ltree_denorm,page,88,3,12.89,ok
ltree_denorm,page,89,1,71.139,ok
closure_ltplace,page,89,1,13.552,ok
closure,page,89,1,22.907,ok
ltree_resolver,page,89,1,292.832,ok
rcte,page,89,1,21.446,ok
closure_ltplace,page,89,2,10.733,ok
closure,page,89,2,20.927,ok
ltree_resolver,page,89,2,269.604,ok
rcte,page,89,2,20.501,ok
ltree_denorm,page,89,2,38.099,ok
closure,page,89,3,18.378,ok
ltree_resolver,page,89,3,285.443,ok
rcte,page,89,3,18.549,ok
ltree_denorm,page,89,3,29.462,ok
closure_ltplace,page,89,3,8.08,ok
closure_ltplace,page,90,1,23.265,ok
closure,page,90,1,96.52,ok
ltree_resolver,page,90,1,287.736,ok
rcte,page,90,1,78.43,ok
ltree_denorm,page,90,1,28.813,ok
closure,page,90,2,74.111,ok
ltree_resolver,page,90,2,260.088,ok
rcte,page,90,2,74.22,ok
ltree_denorm,page,90,2,13.79,ok
closure_ltplace,page,90,2,14.066,ok
ltree_resolver,page,90,3,253.018,ok
rcte,page,90,3,75.5,ok
ltree_denorm,page,90,3,13.52,ok
closure_ltplace,page,90,3,11.805,ok
closure,page,90,3,79.939,ok
closure,page,91,1,9.326,ok
ltree_resolver,page,91,1,269.124,ok
rcte,page,91,1,8.24,ok
ltree_denorm,page,91,1,36.119,ok
closure_ltplace,page,91,1,9.424,ok
ltree_resolver,page,91,2,309.666,ok
rcte,page,91,2,9.219,ok
ltree_denorm,page,91,2,17.207,ok
closure_ltplace,page,91,2,5.414,ok
closure,page,91,2,6.996,ok
rcte,page,91,3,8.964,ok
ltree_denorm,page,91,3,20.221,ok
closure_ltplace,page,91,3,5.65,ok
closure,page,91,3,6.926,ok
ltree_resolver,page,91,3,284.023,ok
ltree_resolver,page,92,1,300.974,ok
rcte,page,92,1,16.98,ok
ltree_denorm,page,92,1,1101.326,ok
closure_ltplace,page,92,1,225.063,ok
closure,page,92,1,15.124,ok
rcte,page,92,2,13.614,ok
ltree_denorm,page,92,2,1063.364,ok
closure_ltplace,page,92,2,252.555,ok
closure,page,92,2,21.84,ok
ltree_resolver,page,92,2,283.219,ok
ltree_denorm,page,92,3,1072.6,ok
closure_ltplace,page,92,3,243.449,ok
closure,page,92,3,15.129,ok
ltree_resolver,page,92,3,320.737,ok
rcte,page,92,3,14.349,ok
rcte,page,93,1,26.078,ok
ltree_denorm,page,93,1,84.295,ok
closure_ltplace,page,93,1,10.669,ok
closure,page,93,1,13.078,ok
ltree_resolver,page,93,1,294.456,ok
ltree_denorm,page,93,2,34.505,ok
closure_ltplace,page,93,2,7.413,ok
closure,page,93,2,13.847,ok
ltree_resolver,page,93,2,318.23,ok
rcte,page,93,2,16.81,ok
closure_ltplace,page,93,3,6.973,ok
closure,page,93,3,13.6,ok
ltree_resolver,page,93,3,353.089,ok
rcte,page,93,3,14.875,ok
ltree_denorm,page,93,3,50.494,ok
ltree_denorm,page,94,1,577.903,ok
closure_ltplace,page,94,1,9.49,ok
closure,page,94,1,26.69,ok
ltree_resolver,page,94,1,310.069,ok
rcte,page,94,1,36.763,ok
closure_ltplace,page,94,2,8.181,ok
closure,page,94,2,21.419,ok
ltree_resolver,page,94,2,287.92,ok
rcte,page,94,2,26.746,ok
ltree_denorm,page,94,2,742.783,ok
closure,page,94,3,28.809,ok
ltree_resolver,page,94,3,284.275,ok
rcte,page,94,3,23.701,ok
ltree_denorm,page,94,3,602.872,ok
closure_ltplace,page,94,3,10.456,ok
closure_ltplace,page,95,1,14.114,ok
closure,page,95,1,20.739,ok
ltree_resolver,page,95,1,321.198,ok
rcte,page,95,1,14.779,ok
ltree_denorm,page,95,1,1298.751,ok
closure,page,95,2,17.892,ok
ltree_resolver,page,95,2,299.523,ok
rcte,page,95,2,16.268,ok
ltree_denorm,page,95,2,1217.012,ok
closure_ltplace,page,95,2,32.899,ok
ltree_resolver,page,95,3,346.852,ok
rcte,page,95,3,18.353,ok
ltree_denorm,page,95,3,1219.398,ok
closure_ltplace,page,95,3,12.115,ok
closure,page,95,3,16.411,ok
closure,page,96,1,8.848,ok
ltree_resolver,page,96,1,243.445,ok
rcte,page,96,1,8.099,ok
ltree_denorm,page,96,1,280.708,ok
closure_ltplace,page,96,1,11.918,ok
ltree_resolver,page,96,2,328.482,ok
rcte,page,96,2,11.413,ok
ltree_denorm,page,96,2,348.574,ok
closure_ltplace,page,96,2,13.368,ok
closure,page,96,2,8.865,ok
rcte,page,96,3,7.8,ok
ltree_denorm,page,96,3,320.02,ok
closure_ltplace,page,96,3,12.567,ok
closure,page,96,3,11.253,ok
ltree_resolver,page,96,3,285.263,ok
ltree_resolver,page,97,1,286.379,ok
rcte,page,97,1,8.327,ok
ltree_denorm,page,97,1,34.88,ok
closure_ltplace,page,97,1,8.621,ok
closure,page,97,1,6.104,ok
rcte,page,97,2,6.717,ok
ltree_denorm,page,97,2,16.482,ok
closure_ltplace,page,97,2,4.777,ok
closure,page,97,2,5.538,ok
ltree_resolver,page,97,2,333.218,ok
ltree_denorm,page,97,3,20.858,ok
closure_ltplace,page,97,3,5.925,ok
closure,page,97,3,8.879,ok
ltree_resolver,page,97,3,280.413,ok
rcte,page,97,3,6.621,ok
rcte,page,98,1,15.1,ok
ltree_denorm,page,98,1,1015.227,ok
closure_ltplace,page,98,1,288.247,ok
closure,page,98,1,13.798,ok
ltree_resolver,page,98,1,296.554,ok
ltree_denorm,page,98,2,975.849,ok
closure_ltplace,page,98,2,279.012,ok
closure,page,98,2,18.207,ok
ltree_resolver,page,98,2,292.665,ok
rcte,page,98,2,13.644,ok
closure_ltplace,page,98,3,263.176,ok
closure,page,98,3,16.005,ok
ltree_resolver,page,98,3,351.964,ok
rcte,page,98,3,22.703,ok
ltree_denorm,page,98,3,1075.122,ok
ltree_denorm,page,99,1,848.365,ok
closure_ltplace,page,99,1,10.869,ok
closure,page,99,1,10.196,ok
ltree_resolver,page,99,1,280.486,ok
rcte,page,99,1,9.106,ok
closure_ltplace,page,99,2,7.659,ok
closure,page,99,2,8.827,ok
ltree_resolver,page,99,2,324.523,ok
rcte,page,99,2,11.71,ok
ltree_denorm,page,99,2,685.329,ok
closure,page,99,3,9.698,ok
ltree_resolver,page,99,3,286.719,ok
rcte,page,99,3,11.514,ok
ltree_denorm,page,99,3,714.341,ok
closure_ltplace,page,99,3,11.05,ok
closure_ltplace,page,100,1,6.295,ok
closure,page,100,1,12.029,ok
ltree_resolver,page,100,1,272.685,ok
rcte,page,100,1,11.109,ok
ltree_denorm,page,100,1,396.571,ok
closure,page,100,2,10.847,ok
ltree_resolver,page,100,2,296.174,ok
rcte,page,100,2,10.572,ok
ltree_denorm,page,100,2,435.946,ok
closure_ltplace,page,100,2,6.595,ok
ltree_resolver,page,100,3,287.165,ok
rcte,page,100,3,11.799,ok
ltree_denorm,page,100,3,411.75,ok
closure_ltplace,page,100,3,6.265,ok
closure,page,100,3,12.476,ok
closure,page,101,1,116.168,ok
ltree_resolver,page,101,1,325.825,ok
rcte,page,101,1,86.442,ok
ltree_denorm,page,101,1,1547.166,ok
closure_ltplace,page,101,1,25.164,ok
ltree_resolver,page,101,2,231.537,ok
rcte,page,101,2,94.777,ok
ltree_denorm,page,101,2,1548.188,ok
closure_ltplace,page,101,2,22.986,ok
closure,page,101,2,88.528,ok
rcte,page,101,3,80.586,ok
ltree_denorm,page,101,3,1604.809,ok
closure_ltplace,page,101,3,22.424,ok
closure,page,101,3,88.997,ok
ltree_resolver,page,101,3,270.061,ok
ltree_resolver,page,102,1,610.754,ok
rcte,page,102,1,14.456,ok
ltree_denorm,page,102,1,1847.569,ok
closure_ltplace,page,102,1,117.129,ok
closure,page,102,1,9.986,ok
rcte,page,102,2,12.981,ok
ltree_denorm,page,102,2,2004.355,ok
closure_ltplace,page,102,2,159.267,ok
closure,page,102,2,12.364,ok
ltree_resolver,page,102,2,615.282,ok
ltree_denorm,page,102,3,2087.567,ok
closure_ltplace,page,102,3,118.721,ok
closure,page,102,3,10.623,ok
ltree_resolver,page,102,3,694.173,ok
rcte,page,102,3,16.232,ok
rcte,page,103,1,4.563,ok
ltree_denorm,page,103,1,1309.583,ok
closure_ltplace,page,103,1,61.32,ok
closure,page,103,1,2.396,ok
ltree_resolver,page,103,1,681.395,ok
ltree_denorm,page,103,2,1271.017,ok
closure_ltplace,page,103,2,53.775,ok
closure,page,103,2,2.281,ok
ltree_resolver,page,103,2,540.152,ok
rcte,page,103,2,7.211,ok
closure_ltplace,page,103,3,58.888,ok
closure,page,103,3,3.724,ok
ltree_resolver,page,103,3,559.166,ok
rcte,page,103,3,4.287,ok
ltree_denorm,page,103,3,1137.914,ok
ltree_denorm,page,104,1,2927.899,ok
closure_ltplace,page,104,1,58.827,ok
closure,page,104,1,3.467,ok
ltree_resolver,page,104,1,560.736,ok
rcte,page,104,1,6.512,ok
closure_ltplace,page,104,2,39.061,ok
closure,page,104,2,3.05,ok
ltree_resolver,page,104,2,578.875,ok
rcte,page,104,2,5.205,ok
ltree_denorm,page,104,2,2930.105,ok
closure,page,104,3,3.584,ok
ltree_resolver,page,104,3,624.031,ok
rcte,page,104,3,5.436,ok
ltree_denorm,page,104,3,2807.094,ok
closure_ltplace,page,104,3,58.407,ok
closure_ltplace,page,105,1,63.243,ok
closure,page,105,1,2.95,ok
ltree_resolver,page,105,1,557.215,ok
rcte,page,105,1,4.416,ok
ltree_denorm,page,105,1,1312.164,ok
closure,page,105,2,2.231,ok
ltree_resolver,page,105,2,517.613,ok
rcte,page,105,2,3.979,ok
ltree_denorm,page,105,2,1180.279,ok
closure_ltplace,page,105,2,63.822,ok
ltree_resolver,page,105,3,598.57,ok
rcte,page,105,3,4.445,ok
ltree_denorm,page,105,3,1215.539,ok
closure_ltplace,page,105,3,59.503,ok
closure,page,105,3,2.27,ok
closure,page,106,1,3.195,ok
ltree_resolver,page,106,1,530.813,ok
rcte,page,106,1,5.293,ok
ltree_denorm,page,106,1,2529.554,ok
closure_ltplace,page,106,1,67.151,ok
ltree_resolver,page,106,2,608.908,ok
rcte,page,106,2,6.225,ok
ltree_denorm,page,106,2,2972.43,ok
closure_ltplace,page,106,2,63.614,ok
closure,page,106,2,5.342,ok
rcte,page,106,3,9.479,ok
ltree_denorm,page,106,3,2957.198,ok
closure_ltplace,page,106,3,72.632,ok
closure,page,106,3,3.446,ok
ltree_resolver,page,106,3,539.109,ok
ltree_resolver,page,107,1,535.719,ok
rcte,page,107,1,7.18,ok
ltree_denorm,page,107,1,838.177,ok
closure_ltplace,page,107,1,73.5,ok
closure,page,107,1,4.546,ok
rcte,page,107,2,6.346,ok
ltree_denorm,page,107,2,795.693,ok
closure_ltplace,page,107,2,66.031,ok
closure,page,107,2,4.52,ok
ltree_resolver,page,107,2,573.053,ok
ltree_denorm,page,107,3,958.962,ok
closure_ltplace,page,107,3,73.154,ok
closure,page,107,3,6.851,ok
ltree_resolver,page,107,3,630.38,ok
rcte,page,107,3,6.537,ok
rcte,page,108,1,5.221,ok
ltree_denorm,page,108,1,2499.427,ok
closure_ltplace,page,108,1,60.162,ok
closure,page,108,1,3.364,ok
ltree_resolver,page,108,1,627.625,ok
ltree_denorm,page,108,2,2362.073,ok
closure_ltplace,page,108,2,87.281,ok
closure,page,108,2,3.717,ok
ltree_resolver,page,108,2,612.22,ok
rcte,page,108,2,5.528,ok
closure_ltplace,page,108,3,52.485,ok
closure,page,108,3,2.665,ok
ltree_resolver,page,108,3,537.052,ok
rcte,page,108,3,5.551,ok
ltree_denorm,page,108,3,2453.66,ok
ltree_denorm,page,109,1,1737.587,ok
closure_ltplace,page,109,1,66.959,ok
closure,page,109,1,7.112,ok
ltree_resolver,page,109,1,562.693,ok
rcte,page,109,1,10.62,ok
closure_ltplace,page,109,2,58.392,ok
closure,page,109,2,6.373,ok
ltree_resolver,page,109,2,549.251,ok
rcte,page,109,2,11.57,ok
ltree_denorm,page,109,2,1771.26,ok
closure,page,109,3,9.534,ok
ltree_resolver,page,109,3,645.966,ok
rcte,page,109,3,19.961,ok
ltree_denorm,page,109,3,1922.687,ok
closure_ltplace,page,109,3,73.944,ok
closure_ltplace,page,110,1,40.742,ok
closure,page,110,1,3.062,ok
ltree_resolver,page,110,1,733.433,ok
rcte,page,110,1,6.981,ok
ltree_denorm,page,110,1,4845.56,ok
closure,page,110,2,2.607,ok
ltree_resolver,page,110,2,504.863,ok
rcte,page,110,2,5.034,ok
ltree_denorm,page,110,2,4441.831,ok
closure_ltplace,page,110,2,42.205,ok
ltree_resolver,page,110,3,520.731,ok
rcte,page,110,3,5.216,ok
ltree_denorm,page,110,3,4795.146,ok
closure_ltplace,page,110,3,60.186,ok
closure,page,110,3,3.207,ok
closure,page,111,1,3.435,ok
ltree_resolver,page,111,1,570.731,ok
rcte,page,111,1,5.974,ok
ltree_denorm,page,111,1,482.528,ok
closure_ltplace,page,111,1,67.871,ok
ltree_resolver,page,111,2,631.436,ok
rcte,page,111,2,6.283,ok
ltree_denorm,page,111,2,504.188,ok
closure_ltplace,page,111,2,46.972,ok
closure,page,111,2,4.629,ok
rcte,page,111,3,5.632,ok
ltree_denorm,page,111,3,432.934,ok
closure_ltplace,page,111,3,45.03,ok
closure,page,111,3,5.515,ok
ltree_resolver,page,111,3,663.368,ok
ltree_resolver,page,112,1,198.974,ok
rcte,page,112,1,3.597,ok
ltree_denorm,page,112,1,1786.774,ok
closure_ltplace,page,112,1,2.707,ok
closure,page,112,1,3.826,ok
rcte,page,112,2,3.059,ok
ltree_denorm,page,112,2,1839.349,ok
closure_ltplace,page,112,2,3.722,ok
closure,page,112,2,3.495,ok
ltree_resolver,page,112,2,222.802,ok
ltree_denorm,page,112,3,1898.504,ok
closure_ltplace,page,112,3,3.389,ok
closure,page,112,3,4.844,ok
ltree_resolver,page,112,3,267.398,ok
rcte,page,112,3,3.398,ok
rcte,page,113,1,2.386,ok
ltree_denorm,page,113,1,1863.839,ok
closure_ltplace,page,113,1,2.387,ok
closure,page,113,1,2.789,ok
ltree_resolver,page,113,1,216.483,ok
ltree_denorm,page,113,2,1718.096,ok
closure_ltplace,page,113,2,2.985,ok
closure,page,113,2,2.705,ok
ltree_resolver,page,113,2,227.665,ok
rcte,page,113,2,2.613,ok
closure_ltplace,page,113,3,1.877,ok
closure,page,113,3,2.013,ok
ltree_resolver,page,113,3,208.289,ok
rcte,page,113,3,2.151,ok
ltree_denorm,page,113,3,1848.372,ok
ltree_denorm,page,114,1,3044.886,ok
closure_ltplace,page,114,1,2.814,ok
closure,page,114,1,2.206,ok
ltree_resolver,page,114,1,205.467,ok
rcte,page,114,1,2.585,ok
closure_ltplace,page,114,2,1.727,ok
closure,page,114,2,1.688,ok
ltree_resolver,page,114,2,212.183,ok
rcte,page,114,2,2.363,ok
ltree_denorm,page,114,2,3009.667,ok
closure,page,114,3,2.451,ok
ltree_resolver,page,114,3,204.517,ok
rcte,page,114,3,5.377,ok
ltree_denorm,page,114,3,2819.408,ok
closure_ltplace,page,114,3,2.864,ok
closure_ltplace,page,115,1,2.217,ok
closure,page,115,1,2.251,ok
ltree_resolver,page,115,1,213.941,ok
rcte,page,115,1,2.666,ok
ltree_denorm,page,115,1,813.894,ok
closure,page,115,2,2.846,ok
ltree_resolver,page,115,2,207.29,ok
rcte,page,115,2,2.12,ok
ltree_denorm,page,115,2,790.171,ok
closure_ltplace,page,115,2,2.182,ok
ltree_resolver,page,115,3,200.234,ok
rcte,page,115,3,2.473,ok
ltree_denorm,page,115,3,733.695,ok
closure_ltplace,page,115,3,2.895,ok
closure,page,115,3,2.806,ok
closure,page,116,1,3.63,ok
ltree_resolver,page,116,1,238.801,ok
rcte,page,116,1,3.839,ok
ltree_denorm,page,116,1,1593.525,ok
closure_ltplace,page,116,1,4.159,ok
ltree_resolver,page,116,2,226.722,ok
rcte,page,116,2,3.809,ok
ltree_denorm,page,116,2,1647.625,ok
closure_ltplace,page,116,2,3.347,ok
closure,page,116,2,2.984,ok
rcte,page,116,3,2.918,ok
ltree_denorm,page,116,3,1666.261,ok
closure_ltplace,page,116,3,3.557,ok
closure,page,116,3,2.865,ok
ltree_resolver,page,116,3,235.363,ok
ltree_resolver,page,117,1,231.316,ok
rcte,page,117,1,1.929,ok
ltree_denorm,page,117,1,652.634,ok
closure_ltplace,page,117,1,2.347,ok
closure,page,117,1,2.212,ok
rcte,page,117,2,1.701,ok
ltree_denorm,page,117,2,545.026,ok
closure_ltplace,page,117,2,2.774,ok
closure,page,117,2,1.678,ok
ltree_resolver,page,117,2,235.332,ok
ltree_denorm,page,117,3,596.294,ok
closure_ltplace,page,117,3,2.657,ok
closure,page,117,3,2.095,ok
ltree_resolver,page,117,3,245.052,ok
rcte,page,117,3,2.325,ok
rcte,page,118,1,4.486,ok
ltree_denorm,page,118,1,1233.07,ok
closure_ltplace,page,118,1,3.833,ok
closure,page,118,1,2.753,ok
ltree_resolver,page,118,1,220.351,ok
ltree_denorm,page,118,2,1140.705,ok
closure_ltplace,page,118,2,3.666,ok
closure,page,118,2,3.073,ok
ltree_resolver,page,118,2,219.483,ok
rcte,page,118,2,3.103,ok
closure_ltplace,page,118,3,1.968,ok
closure,page,118,3,2.215,ok
ltree_resolver,page,118,3,230.868,ok
rcte,page,118,3,3.322,ok
ltree_denorm,page,118,3,1136.5,ok
ltree_denorm,page,119,1,1612.619,ok
closure_ltplace,page,119,1,2.542,ok
closure,page,119,1,2.046,ok
ltree_resolver,page,119,1,232.605,ok
rcte,page,119,1,2.024,ok
closure_ltplace,page,119,2,1.305,ok
closure,page,119,2,1.434,ok
ltree_resolver,page,119,2,190.521,ok
rcte,page,119,2,1.969,ok
ltree_denorm,page,119,2,1549.735,ok
closure,page,119,3,3.042,ok
ltree_resolver,page,119,3,210.467,ok
rcte,page,119,3,2.108,ok
ltree_denorm,page,119,3,1583.01,ok
closure_ltplace,page,119,3,2.382,ok
closure_ltplace,page,120,1,2.55,ok
closure,page,120,1,2.509,ok
ltree_resolver,page,120,1,242.442,ok
rcte,page,120,1,2.546,ok
ltree_denorm,page,120,1,319.841,ok
closure,page,120,2,2.343,ok
ltree_resolver,page,120,2,216.106,ok
rcte,page,120,2,2.409,ok
ltree_denorm,page,120,2,289.527,ok
closure_ltplace,page,120,2,2.638,ok
ltree_resolver,page,120,3,222.464,ok
rcte,page,120,3,2.218,ok
ltree_denorm,page,120,3,318.542,ok
closure_ltplace,page,120,3,4.728,ok
closure,page,120,3,3.915,ok
closure,page,121,1,2.646,ok
ltree_resolver,page,121,1,248.944,ok
rcte,page,121,1,2.619,ok
ltree_denorm,page,121,1,1806.013,ok
closure_ltplace,page,121,1,2.712,ok
ltree_resolver,page,121,2,281.866,ok
rcte,page,121,2,2.286,ok
ltree_denorm,page,121,2,1690.324,ok
closure_ltplace,page,121,2,2.708,ok
closure,page,121,2,2.266,ok
rcte,page,121,3,2.011,ok
ltree_denorm,page,121,3,1608.404,ok
closure_ltplace,page,121,3,2.538,ok
closure,page,121,3,2.055,ok
ltree_resolver,page,121,3,197.004,ok
ltree_resolver,page,122,1,192.761,ok
rcte,page,122,1,3.953,ok
ltree_denorm,page,122,1,1933.273,ok
closure_ltplace,page,122,1,3.709,ok
closure,page,122,1,3.589,ok
rcte,page,122,2,3.13,ok
ltree_denorm,page,122,2,2000.761,ok
closure_ltplace,page,122,2,4.203,ok
closure,page,122,2,3.758,ok
ltree_resolver,page,122,2,231.751,ok
ltree_denorm,page,122,3,1988.424,ok
closure_ltplace,page,122,3,3.418,ok
closure,page,122,3,3.513,ok
ltree_resolver,page,122,3,203.21,ok
rcte,page,122,3,3.413,ok
rcte,page,123,1,7.812,ok
ltree_denorm,page,123,1,63.746,ok
closure_ltplace,page,123,1,4.1,ok
closure,page,123,1,6.637,ok
ltree_resolver,page,123,1,207.751,ok
ltree_denorm,page,123,2,30.619,ok
closure_ltplace,page,123,2,2.315,ok
closure,page,123,2,6.428,ok
ltree_resolver,page,123,2,200.556,ok
rcte,page,123,2,6.918,ok
closure_ltplace,page,123,3,2.46,ok
closure,page,123,3,11.16,ok
ltree_resolver,page,123,3,229.62,ok
rcte,page,123,3,7.244,ok
ltree_denorm,page,123,3,30.498,ok
ltree_denorm,page,124,1,822.672,ok
closure_ltplace,page,124,1,3.342,ok
closure,page,124,1,2.152,ok
ltree_resolver,page,124,1,202.895,ok
rcte,page,124,1,1.825,ok
closure_ltplace,page,124,2,1.152,ok
closure,page,124,2,1.182,ok
ltree_resolver,page,124,2,209.766,ok
rcte,page,124,2,2.266,ok
ltree_denorm,page,124,2,844.859,ok
closure,page,124,3,2.054,ok
ltree_resolver,page,124,3,254.889,ok
rcte,page,124,3,1.644,ok
ltree_denorm,page,124,3,866.155,ok
closure_ltplace,page,124,3,1.968,ok
closure_ltplace,page,125,1,1.356,ok
closure,page,125,1,1.567,ok
ltree_resolver,page,125,1,248.437,ok
rcte,page,125,1,1.36,ok
ltree_denorm,page,125,1,2597.062,ok
closure,page,125,2,1.43,ok
ltree_resolver,page,125,2,267.27,ok
rcte,page,125,2,1.494,ok
ltree_denorm,page,125,2,2602.831,ok
closure_ltplace,page,125,2,1.955,ok
ltree_resolver,page,125,3,238.361,ok
rcte,page,125,3,1.558,ok
ltree_denorm,page,125,3,2639.224,ok
closure_ltplace,page,125,3,1.478,ok
closure,page,125,3,1.35,ok
closure,page,126,1,1.879,ok
ltree_resolver,page,126,1,251.819,ok
rcte,page,126,1,2.707,ok
ltree_denorm,page,126,1,1456.585,ok
closure_ltplace,page,126,1,3.039,ok
ltree_resolver,page,126,2,265.515,ok
rcte,page,126,2,2.571,ok
ltree_denorm,page,126,2,1452.36,ok
closure_ltplace,page,126,2,2.589,ok
closure,page,126,2,2.194,ok
rcte,page,126,3,2.042,ok
ltree_denorm,page,126,3,1428.032,ok
closure_ltplace,page,126,3,2.42,ok
closure,page,126,3,2.153,ok
ltree_resolver,page,126,3,293.447,ok
ltree_resolver,page,127,1,245.99,ok
rcte,page,127,1,3.558,ok
ltree_denorm,page,127,1,2266.994,ok
closure_ltplace,page,127,1,3.418,ok
closure,page,127,1,3.347,ok
rcte,page,127,2,3.089,ok
ltree_denorm,page,127,2,1885.673,ok
closure_ltplace,page,127,2,2.527,ok
closure,page,127,2,2.497,ok
ltree_resolver,page,127,2,254.263,ok
ltree_denorm,page,127,3,1902.788,ok
closure_ltplace,page,127,3,2.379,ok
closure,page,127,3,2.333,ok
ltree_resolver,page,127,3,240.298,ok
rcte,page,127,3,2.753,ok
rcte,page,128,1,2.679,ok
ltree_denorm,page,128,1,1130.769,ok
closure_ltplace,page,128,1,2.472,ok
closure,page,128,1,2.721,ok
ltree_resolver,page,128,1,369.755,ok
ltree_denorm,page,128,2,1149.367,ok
closure_ltplace,page,128,2,2.356,ok
closure,page,128,2,2.636,ok
ltree_resolver,page,128,2,291.126,ok
rcte,page,128,2,2.627,ok
closure_ltplace,page,128,3,1.693,ok
closure,page,128,3,2.155,ok
ltree_resolver,page,128,3,296.429,ok
rcte,page,128,3,2.374,ok
ltree_denorm,page,128,3,1419.167,ok
ltree_denorm,page,129,1,378.806,ok
closure_ltplace,page,129,1,3.005,ok
closure,page,129,1,3.1,ok
ltree_resolver,page,129,1,281.645,ok
rcte,page,129,1,2.948,ok
closure_ltplace,page,129,2,1.621,ok
closure,page,129,2,2.422,ok
ltree_resolver,page,129,2,236.867,ok
rcte,page,129,2,2.674,ok
ltree_denorm,page,129,2,356.907,ok
closure,page,129,3,4.824,ok
ltree_resolver,page,129,3,326.494,ok
rcte,page,129,3,4.265,ok
ltree_denorm,page,129,3,386.204,ok
closure_ltplace,page,129,3,2.882,ok
closure_ltplace,page,130,1,4.301,ok
closure,page,130,1,2.444,ok
ltree_resolver,page,130,1,295.453,ok
rcte,page,130,1,2.373,ok
ltree_denorm,page,130,1,437.699,ok
closure,page,130,2,2.13,ok
ltree_resolver,page,130,2,252.295,ok
rcte,page,130,2,2.14,ok
ltree_denorm,page,130,2,447.74,ok
closure_ltplace,page,130,2,2.562,ok
ltree_resolver,page,130,3,295.31,ok
rcte,page,130,3,2.434,ok
ltree_denorm,page,130,3,486.049,ok
closure_ltplace,page,130,3,2.258,ok
closure,page,130,3,1.959,ok
closure,page,131,1,6.653,ok
ltree_resolver,page,131,1,290.712,ok
rcte,page,131,1,6.407,ok
ltree_denorm,page,131,1,502.96,ok
closure_ltplace,page,131,1,4.121,ok
ltree_resolver,page,131,2,269.739,ok
rcte,page,131,2,7.11,ok
ltree_denorm,page,131,2,464.874,ok
closure_ltplace,page,131,2,5.675,ok
closure,page,131,2,7.126,ok
rcte,page,131,3,6.195,ok
ltree_denorm,page,131,3,468.066,ok
closure_ltplace,page,131,3,5.18,ok
closure,page,131,3,7.601,ok
ltree_resolver,page,131,3,283.752,ok
ltree_resolver,page,132,1,315.817,ok
rcte,page,132,1,1.87,ok
ltree_denorm,page,132,1,397.941,ok
closure_ltplace,page,132,1,1.596,ok
closure,page,132,1,1.443,ok
rcte,page,132,2,1.231,ok
ltree_denorm,page,132,2,358.731,ok
closure_ltplace,page,132,2,1.373,ok
closure,page,132,2,1.181,ok
ltree_resolver,page,132,2,318.733,ok
ltree_denorm,page,132,3,379.777,ok
closure_ltplace,page,132,3,1.415,ok
closure,page,132,3,1.33,ok
ltree_resolver,page,132,3,262.516,ok
rcte,page,132,3,2.269,ok
rcte,page,133,1,2.883,ok
ltree_denorm,page,133,1,1192.668,ok
closure_ltplace,page,133,1,3.105,ok
closure,page,133,1,3.577,ok
ltree_resolver,page,133,1,273.483,ok
ltree_denorm,page,133,2,1132.374,ok
closure_ltplace,page,133,2,2.297,ok
closure,page,133,2,2.247,ok
ltree_resolver,page,133,2,274.529,ok
rcte,page,133,2,3.125,ok
closure_ltplace,page,133,3,2.067,ok
closure,page,133,3,3.402,ok
ltree_resolver,page,133,3,273.545,ok
rcte,page,133,3,2.757,ok
ltree_denorm,page,133,3,1052.908,ok
ltree_denorm,page,134,1,645.559,ok
closure_ltplace,page,134,1,2.948,ok
closure,page,134,1,1.77,ok
ltree_resolver,page,134,1,290.512,ok
rcte,page,134,1,2.614,ok
closure_ltplace,page,134,2,2.365,ok
closure,page,134,2,1.73,ok
ltree_resolver,page,134,2,284.569,ok
rcte,page,134,2,2.156,ok
ltree_denorm,page,134,2,760.869,ok
closure,page,134,3,2.823,ok
ltree_resolver,page,134,3,277.965,ok
rcte,page,134,3,2.127,ok
ltree_denorm,page,134,3,620.792,ok
closure_ltplace,page,134,3,2.817,ok
closure_ltplace,page,135,1,14.97,ok
closure,page,135,1,66.227,ok
ltree_resolver,page,135,1,276.679,ok
rcte,page,135,1,57.797,ok
ltree_denorm,page,135,1,2135.735,ok
closure,page,135,2,65.578,ok
ltree_resolver,page,135,2,301.247,ok
rcte,page,135,2,52.205,ok
ltree_denorm,page,135,2,2167.641,ok
closure_ltplace,page,135,2,14.525,ok
ltree_resolver,page,135,3,252.539,ok
rcte,page,135,3,62.848,ok
ltree_denorm,page,135,3,1975.509,ok
closure_ltplace,page,135,3,13.212,ok
closure,page,135,3,58.452,ok
closure,page,136,1,2.822,ok
ltree_resolver,page,136,1,265.125,ok
rcte,page,136,1,2.576,ok
ltree_denorm,page,136,1,1054.498,ok
closure_ltplace,page,136,1,2.981,ok
ltree_resolver,page,136,2,199.894,ok
rcte,page,136,2,3.043,ok
ltree_denorm,page,136,2,1165.024,ok
closure_ltplace,page,136,2,6.516,ok
closure,page,136,2,6.91,ok
rcte,page,136,3,4.623,ok
ltree_denorm,page,136,3,1164.956,ok
closure_ltplace,page,136,3,2.505,ok
closure,page,136,3,2.971,ok
ltree_resolver,page,136,3,202.879,ok
ltree_resolver,page,137,1,195.526,ok
rcte,page,137,1,6.763,ok
ltree_denorm,page,137,1,1019.961,ok
closure_ltplace,page,137,1,2.776,ok
closure,page,137,1,8.379,ok
rcte,page,137,2,7.931,ok
ltree_denorm,page,137,2,1197.409,ok
closure_ltplace,page,137,2,2.912,ok
closure,page,137,2,6.38,ok
ltree_resolver,page,137,2,242.963,ok
ltree_denorm,page,137,3,1263.75,ok
closure_ltplace,page,137,3,3.111,ok
closure,page,137,3,7.973,ok
ltree_resolver,page,137,3,216.699,ok
rcte,page,137,3,5.688,ok
rcte,page,138,1,2.104,ok
ltree_denorm,page,138,1,581.952,ok
closure_ltplace,page,138,1,2.344,ok
closure,page,138,1,1.921,ok
ltree_resolver,page,138,1,219.87,ok
ltree_denorm,page,138,2,591.367,ok
closure_ltplace,page,138,2,2.426,ok
closure,page,138,2,2.085,ok
ltree_resolver,page,138,2,216.449,ok
rcte,page,138,2,2.243,ok
closure_ltplace,page,138,3,1.891,ok
closure,page,138,3,1.734,ok
ltree_resolver,page,138,3,216.74,ok
rcte,page,138,3,2.634,ok
ltree_denorm,page,138,3,688.564,ok
ltree_denorm,page,139,1,1132.911,ok
closure_ltplace,page,139,1,2.231,ok
closure,page,139,1,2.221,ok
ltree_resolver,page,139,1,289.653,ok
rcte,page,139,1,2.775,ok
closure_ltplace,page,139,2,1.653,ok
closure,page,139,2,2.016,ok
ltree_resolver,page,139,2,229.312,ok
rcte,page,139,2,2.315,ok
ltree_denorm,page,139,2,940.91,ok
closure,page,139,3,3.143,ok
ltree_resolver,page,139,3,241.894,ok
rcte,page,139,3,2.143,ok
ltree_denorm,page,139,3,998.722,ok
closure_ltplace,page,139,3,2.595,ok
closure_ltplace,page,140,1,17.545,ok
closure,page,140,1,64.765,ok
ltree_resolver,page,140,1,237.647,ok
rcte,page,140,1,50.626,ok
ltree_denorm,page,140,1,33.037,ok
closure,page,140,2,55.701,ok
ltree_resolver,page,140,2,287.818,ok
rcte,page,140,2,50.49,ok
ltree_denorm,page,140,2,10.547,ok
closure_ltplace,page,140,2,8.46,ok
ltree_resolver,page,140,3,276.107,ok
rcte,page,140,3,65.767,ok
ltree_denorm,page,140,3,10.905,ok
closure_ltplace,page,140,3,9.584,ok
closure,page,140,3,54.8,ok
closure,page,141,1,1.575,ok
ltree_resolver,page,141,1,297.545,ok
rcte,page,141,1,1.918,ok
ltree_denorm,page,141,1,1915.554,ok
closure_ltplace,page,141,1,1.733,ok
ltree_resolver,page,141,2,267.581,ok
rcte,page,141,2,2.218,ok
ltree_denorm,page,141,2,2247.873,ok
closure_ltplace,page,141,2,2.299,ok
closure,page,141,2,1.829,ok
rcte,page,141,3,1.37,ok
ltree_denorm,page,141,3,1923.803,ok
closure_ltplace,page,141,3,2.019,ok
closure,page,141,3,1.455,ok
ltree_resolver,page,141,3,332.933,ok
ltree_resolver,page,142,1,309.393,ok
rcte,page,142,1,2.72,ok
ltree_denorm,page,142,1,561.038,ok
closure_ltplace,page,142,1,2.664,ok
closure,page,142,1,2.299,ok
rcte,page,142,2,2.615,ok
ltree_denorm,page,142,2,524.017,ok
closure_ltplace,page,142,2,3.1,ok
closure,page,142,2,2.484,ok
ltree_resolver,page,142,2,318.529,ok
ltree_denorm,page,142,3,530.925,ok
closure_ltplace,page,142,3,2.672,ok
closure,page,142,3,2.384,ok
ltree_resolver,page,142,3,330.643,ok
rcte,page,142,3,2.486,ok
rcte,page,143,1,3.273,ok
ltree_denorm,page,143,1,746.215,ok
closure_ltplace,page,143,1,2.652,ok
closure,page,143,1,1.891,ok
ltree_resolver,page,143,1,325.844,ok
ltree_denorm,page,143,2,596.429,ok
closure_ltplace,page,143,2,2.665,ok
closure,page,143,2,1.822,ok
ltree_resolver,page,143,2,298.058,ok
rcte,page,143,2,2.362,ok
closure_ltplace,page,143,3,1.791,ok
closure,page,143,3,1.765,ok
ltree_resolver,page,143,3,244.977,ok
rcte,page,143,3,1.693,ok
ltree_denorm,page,143,3,650.952,ok
ltree_denorm,page,144,1,1500.216,ok
closure_ltplace,page,144,1,2.699,ok
closure,page,144,1,5.416,ok
ltree_resolver,page,144,1,265.393,ok
rcte,page,144,1,5.026,ok
closure_ltplace,page,144,2,1.981,ok
closure,page,144,2,4.486,ok
ltree_resolver,page,144,2,333.938,ok
rcte,page,144,2,7.188,ok
ltree_denorm,page,144,2,1449.637,ok
closure,page,144,3,5.564,ok
ltree_resolver,page,144,3,295.898,ok
rcte,page,144,3,6.1,ok
ltree_denorm,page,144,3,1602.901,ok
closure_ltplace,page,144,3,2.909,ok
closure_ltplace,page,145,1,3.067,ok
closure,page,145,1,7.361,ok
ltree_resolver,page,145,1,260.834,ok
rcte,page,145,1,8.52,ok
ltree_denorm,page,145,1,24.448,ok
closure,page,145,2,5.615,ok
ltree_resolver,page,145,2,298.947,ok
rcte,page,145,2,7.683,ok
ltree_denorm,page,145,2,7.864,ok
closure_ltplace,page,145,2,2.181,ok
ltree_resolver,page,145,3,293.462,ok
rcte,page,145,3,6.65,ok
ltree_denorm,page,145,3,7.912,ok
closure_ltplace,page,145,3,2.126,ok
closure,page,145,3,6.0,ok
closure,page,146,1,1.832,ok
ltree_resolver,page,146,1,300.761,ok
rcte,page,146,1,2.798,ok
ltree_denorm,page,146,1,1189.373,ok
closure_ltplace,page,146,1,1.979,ok
ltree_resolver,page,146,2,310.34,ok
rcte,page,146,2,2.366,ok
ltree_denorm,page,146,2,1168.766,ok
closure_ltplace,page,146,2,2.238,ok
closure,page,146,2,1.945,ok
rcte,page,146,3,1.611,ok
ltree_denorm,page,146,3,1301.315,ok
closure_ltplace,page,146,3,2.54,ok
closure,page,146,3,2.236,ok
ltree_resolver,page,146,3,303.01,ok
ltree_resolver,page,147,1,274.248,ok
rcte,page,147,1,64.85,ok
ltree_denorm,page,147,1,26.106,ok
closure_ltplace,page,147,1,14.312,ok
closure,page,147,1,51.753,ok
rcte,page,147,2,51.882,ok
ltree_denorm,page,147,2,7.904,ok
closure_ltplace,page,147,2,7.765,ok
closure,page,147,2,51.498,ok
ltree_resolver,page,147,2,310.082,ok
ltree_denorm,page,147,3,8.625,ok
closure_ltplace,page,147,3,8.227,ok
closure,page,147,3,60.01,ok
ltree_resolver,page,147,3,254.213,ok
rcte,page,147,3,55.399,ok
rcte,page,148,1,4.327,ok
ltree_denorm,page,148,1,1245.568,ok
closure_ltplace,page,148,1,2.86,ok
closure,page,148,1,3.989,ok
ltree_resolver,page,148,1,288.593,ok
ltree_denorm,page,148,2,1305.199,ok
closure_ltplace,page,148,2,2.994,ok
closure,page,148,2,3.831,ok
ltree_resolver,page,148,2,370.167,ok
rcte,page,148,2,3.567,ok
closure_ltplace,page,148,3,1.478,ok
closure,page,148,3,3.082,ok
ltree_resolver,page,148,3,297.49,ok
rcte,page,148,3,3.595,ok
ltree_denorm,page,148,3,1252.793,ok
ltree_denorm,page,149,1,595.405,ok
closure_ltplace,page,149,1,2.342,ok
closure,page,149,1,1.954,ok
ltree_resolver,page,149,1,280.367,ok
rcte,page,149,1,2.629,ok
closure_ltplace,page,149,2,1.006,ok
closure,page,149,2,1.018,ok
ltree_resolver,page,149,2,297.382,ok
rcte,page,149,2,1.979,ok
ltree_denorm,page,149,2,557.304,ok
closure,page,149,3,2.291,ok
ltree_resolver,page,149,3,288.031,ok
rcte,page,149,3,1.971,ok
ltree_denorm,page,149,3,603.281,ok
closure_ltplace,page,149,3,1.603,ok
closure_ltplace,page,150,1,2.618,ok
closure,page,150,1,4.083,ok
ltree_resolver,page,150,1,298.018,ok
rcte,page,150,1,3.692,ok
ltree_denorm,page,150,1,3381.479,ok
closure,page,150,2,3.343,ok
ltree_resolver,page,150,2,312.93,ok
rcte,page,150,2,3.332,ok
ltree_denorm,page,150,2,3338.99,ok
closure_ltplace,page,150,2,3.87,ok
ltree_resolver,page,150,3,314.811,ok
rcte,page,150,3,3.913,ok
ltree_denorm,page,150,3,3296.428,ok
closure_ltplace,page,150,3,2.18,ok
closure,page,150,3,2.961,ok
closure,page,151,1,61.875,ok
ltree_resolver,page,151,1,286.547,ok
rcte,page,151,1,50.369,ok
ltree_denorm,page,151,1,1980.877,ok
closure_ltplace,page,151,1,14.581,ok
ltree_resolver,page,151,2,317.348,ok
rcte,page,151,2,67.504,ok
ltree_denorm,page,151,2,2040.429,ok
closure_ltplace,page,151,2,13.015,ok
closure,page,151,2,67.204,ok
rcte,page,151,3,52.916,ok
ltree_denorm,page,151,3,2114.812,ok
closure_ltplace,page,151,3,10.793,ok
closure,page,151,3,59.94,ok
ltree_resolver,page,151,3,261.236,ok
ltree_resolver,page,152,1,752.363,ok
rcte,page,152,1,164.609,ok
ltree_denorm,page,152,1,3342.838,ok
closure_ltplace,page,152,1,919.268,ok
closure,page,152,1,185.885,ok
rcte,page,152,2,140.734,ok
ltree_denorm,page,152,2,3423.825,ok
closure_ltplace,page,152,2,679.889,ok
closure,page,152,2,138.06,ok
ltree_resolver,page,152,2,901.442,ok
ltree_denorm,page,152,3,2958.556,ok
closure_ltplace,page,152,3,490.326,ok
closure,page,152,3,145.841,ok
ltree_resolver,page,152,3,808.197,ok
rcte,page,152,3,173.76,ok
rcte,page,153,1,4.321,ok
ltree_denorm,page,153,1,7423.468,ok
closure_ltplace,page,153,1,51.605,ok
closure,page,153,1,2.653,ok
ltree_resolver,page,153,1,582.687,ok
ltree_denorm,page,153,2,7647.324,ok
closure_ltplace,page,153,2,60.076,ok
closure,page,153,2,2.512,ok
ltree_resolver,page,153,2,610.173,ok
rcte,page,153,2,4.843,ok
closure_ltplace,page,153,3,58.55,ok
closure,page,153,3,2.489,ok
ltree_resolver,page,153,3,589.451,ok
rcte,page,153,3,4.822,ok
ltree_denorm,page,153,3,7200.284,ok
ltree_denorm,page,154,1,3457.428,ok
closure_ltplace,page,154,1,44.833,ok
closure,page,154,1,1.966,ok
ltree_resolver,page,154,1,630.043,ok
rcte,page,154,1,3.793,ok
closure_ltplace,page,154,2,46.027,ok
closure,page,154,2,1.47,ok
ltree_resolver,page,154,2,602.389,ok
rcte,page,154,2,3.501,ok
ltree_denorm,page,154,2,3391.387,ok
closure,page,154,3,1.733,ok
ltree_resolver,page,154,3,661.144,ok
rcte,page,154,3,3.392,ok
ltree_denorm,page,154,3,3898.827,ok
closure_ltplace,page,154,3,53.814,ok
closure_ltplace,page,155,1,49.808,ok
closure,page,155,1,2.679,ok
ltree_resolver,page,155,1,684.122,ok
rcte,page,155,1,3.643,ok
ltree_denorm,page,155,1,2259.39,ok
closure,page,155,2,1.502,ok
ltree_resolver,page,155,2,564.368,ok
rcte,page,155,2,4.375,ok
ltree_denorm,page,155,2,2178.693,ok
closure_ltplace,page,155,2,50.341,ok
ltree_resolver,page,155,3,550.138,ok
rcte,page,155,3,3.57,ok
ltree_denorm,page,155,3,2267.474,ok
closure_ltplace,page,155,3,51.721,ok
closure,page,155,3,1.866,ok
closure,page,157,1,8.092,ok
ltree_resolver,page,157,1,599.084,ok
rcte,page,157,1,8.203,ok
ltree_denorm,page,157,1,2580.641,ok
closure_ltplace,page,157,1,69.31,ok
ltree_resolver,page,157,2,591.17,ok
rcte,page,157,2,9.068,ok
ltree_denorm,page,157,2,2588.133,ok
closure_ltplace,page,157,2,64.283,ok
closure,page,157,2,5.649,ok
rcte,page,157,3,7.973,ok
ltree_denorm,page,157,3,2528.634,ok
closure_ltplace,page,157,3,64.567,ok
closure,page,157,3,5.618,ok
ltree_resolver,page,157,3,526.6,ok
ltree_resolver,page,158,1,555.973,ok
rcte,page,158,1,3.355,ok
ltree_denorm,page,158,1,1634.898,ok
closure_ltplace,page,158,1,54.932,ok
closure,page,158,1,1.306,ok
rcte,page,158,2,3.0,ok
ltree_denorm,page,158,2,1519.174,ok
closure_ltplace,page,158,2,48.661,ok
closure,page,158,2,2.072,ok
ltree_resolver,page,158,2,553.064,ok
ltree_denorm,page,158,3,1559.726,ok
closure_ltplace,page,158,3,49.034,ok
closure,page,158,3,1.239,ok
ltree_resolver,page,158,3,618.783,ok
rcte,page,158,3,3.475,ok
rcte,page,159,1,3.887,ok
ltree_denorm,page,159,1,4093.162,ok
closure_ltplace,page,159,1,54.011,ok
closure,page,159,1,1.23,ok
ltree_resolver,page,159,1,671.649,ok
ltree_denorm,page,159,2,3823.803,ok
closure_ltplace,page,159,2,45.889,ok
closure,page,159,2,1.383,ok
ltree_resolver,page,159,2,566.616,ok
rcte,page,159,2,3.393,ok
closure_ltplace,page,159,3,56.093,ok
closure,page,159,3,1.256,ok
ltree_resolver,page,159,3,612.693,ok
rcte,page,159,3,2.958,ok
ltree_denorm,page,159,3,3802.758,ok
ltree_denorm,page,160,1,1450.588,ok
closure_ltplace,page,160,1,52.926,ok
closure,page,160,1,1.763,ok
ltree_resolver,page,160,1,602.529,ok
rcte,page,160,1,3.872,ok
closure_ltplace,page,160,2,53.26,ok
closure,page,160,2,1.486,ok
ltree_resolver,page,160,2,706.73,ok
rcte,page,160,2,3.446,ok
ltree_denorm,page,160,2,1604.067,ok
closure,page,160,3,1.968,ok
ltree_resolver,page,160,3,578.704,ok
rcte,page,160,3,4.266,ok
ltree_denorm,page,160,3,1514.489,ok
closure_ltplace,page,160,3,56.833,ok
closure_ltplace,page,161,1,60.132,ok
closure,page,161,1,2.379,ok
ltree_resolver,page,161,1,642.386,ok
rcte,page,161,1,4.465,ok
ltree_denorm,page,161,1,862.975,ok
closure,page,161,2,1.68,ok
ltree_resolver,page,161,2,530.795,ok
rcte,page,161,2,3.541,ok
ltree_denorm,page,161,2,847.334,ok
closure_ltplace,page,161,2,52.49,ok
ltree_resolver,page,161,3,553.415,ok
rcte,page,161,3,3.54,ok
ltree_denorm,page,161,3,779.71,ok
closure_ltplace,page,161,3,51.783,ok
closure,page,161,3,1.871,ok
closure,page,163,1,12.821,ok
ltree_resolver,page,163,1,563.283,ok
rcte,page,163,1,14.433,ok
ltree_denorm,page,163,1,1498.55,ok
closure_ltplace,page,163,1,108.275,ok
ltree_resolver,page,163,2,594.566,ok
rcte,page,163,2,16.44,ok
ltree_denorm,page,163,2,1522.709,ok
closure_ltplace,page,163,2,120.527,ok
closure,page,163,2,11.958,ok
rcte,page,163,3,21.344,ok
ltree_denorm,page,163,3,1661.116,ok
closure_ltplace,page,163,3,119.781,ok
closure,page,163,3,12.111,ok
ltree_resolver,page,163,3,606.873,ok
ltree_resolver,page,164,1,369.1,ok
rcte,page,164,1,1.661,ok
ltree_denorm,page,164,1,797.72,ok
closure_ltplace,page,164,1,1.361,ok
closure,page,164,1,2.676,ok
rcte,page,164,2,1.156,ok
ltree_denorm,page,164,2,743.216,ok
closure_ltplace,page,164,2,1.439,ok
closure,page,164,2,1.191,ok
ltree_resolver,page,164,2,311.155,ok
ltree_denorm,page,164,3,879.968,ok
closure_ltplace,page,164,3,1.415,ok
closure,page,164,3,1.258,ok
ltree_resolver,page,164,3,276.431,ok
rcte,page,164,3,1.397,ok
rcte,page,165,1,4.884,ok
ltree_denorm,page,165,1,2308.543,ok
closure_ltplace,page,165,1,2.536,ok
closure,page,165,1,1.852,ok
ltree_resolver,page,165,1,316.094,ok
ltree_denorm,page,165,2,2250.615,ok
closure_ltplace,page,165,2,2.19,ok
closure,page,165,2,2.013,ok
ltree_resolver,page,165,2,277.164,ok
rcte,page,165,2,1.804,ok
closure_ltplace,page,165,3,1.199,ok
closure,page,165,3,1.347,ok
ltree_resolver,page,165,3,289.602,ok
rcte,page,165,3,1.776,ok
ltree_denorm,page,165,3,2284.526,ok
ltree_denorm,page,166,1,3046.238,ok
closure_ltplace,page,166,1,2.279,ok
closure,page,166,1,1.314,ok
ltree_resolver,page,166,1,577.054,ok
rcte,page,166,1,2.075,ok
closure_ltplace,page,166,2,1.687,ok
closure,page,166,2,1.163,ok
ltree_resolver,page,166,2,582.999,ok
rcte,page,166,2,2.512,ok
ltree_denorm,page,166,2,2966.297,ok
closure,page,166,3,1.586,ok
ltree_resolver,page,166,3,512.998,ok
rcte,page,166,3,1.73,ok
ltree_denorm,page,166,3,2927.421,ok
closure_ltplace,page,166,3,2.241,ok
closure_ltplace,page,167,1,3.082,ok
closure,page,167,1,2.695,ok
ltree_resolver,page,167,1,302.372,ok
rcte,page,167,1,2.306,ok
ltree_denorm,page,167,1,1047.105,ok
closure,page,167,2,2.14,ok
ltree_resolver,page,167,2,305.07,ok
rcte,page,167,2,2.341,ok
ltree_denorm,page,167,2,1038.378,ok
closure_ltplace,page,167,2,1.934,ok
ltree_resolver,page,167,3,327.729,ok
rcte,page,167,3,2.308,ok
ltree_denorm,page,167,3,1065.046,ok
closure_ltplace,page,167,3,1.615,ok
closure,page,167,3,1.985,ok
closure,page,168,1,2.519,ok
ltree_resolver,page,168,1,233.917,ok
rcte,page,168,1,2.47,ok
ltree_denorm,page,168,1,4584.068,ok
closure_ltplace,page,168,1,1.539,ok
ltree_resolver,page,168,2,290.027,ok
rcte,page,168,2,2.668,ok
ltree_denorm,page,168,2,4550.127,ok
closure_ltplace,page,168,2,1.301,ok
closure,page,168,2,1.754,ok
rcte,page,168,3,1.623,ok
ltree_denorm,page,168,3,4592.413,ok
closure_ltplace,page,168,3,1.299,ok
closure,page,168,3,1.589,ok
ltree_resolver,page,168,3,269.291,ok
ltree_resolver,page,169,1,284.889,ok
rcte,page,169,1,1.212,ok
ltree_denorm,page,169,1,1606.172,ok
closure_ltplace,page,169,1,1.264,ok
closure,page,169,1,0.949,ok
rcte,page,169,2,0.853,ok
ltree_denorm,page,169,2,1498.587,ok
closure_ltplace,page,169,2,1.198,ok
closure,page,169,2,0.904,ok
ltree_resolver,page,169,2,243.144,ok
ltree_denorm,page,169,3,1699.726,ok
closure_ltplace,page,169,3,1.33,ok
closure,page,169,3,1.047,ok
ltree_resolver,page,169,3,274.938,ok
rcte,page,169,3,1.033,ok
rcte,page,170,1,1.984,ok
ltree_denorm,page,170,1,1271.38,ok
closure_ltplace,page,170,1,1.266,ok
closure,page,170,1,1.378,ok
ltree_resolver,page,170,1,251.71,ok
ltree_denorm,page,170,2,1460.107,ok
closure_ltplace,page,170,2,1.237,ok
closure,page,170,2,1.366,ok
ltree_resolver,page,170,2,236.024,ok
rcte,page,170,2,1.613,ok
closure_ltplace,page,170,3,1.34,ok
closure,page,170,3,1.464,ok
ltree_resolver,page,170,3,262.3,ok
rcte,page,170,3,1.777,ok
ltree_denorm,page,170,3,1420.527,ok
ltree_denorm,page,171,1,713.331,ok
closure_ltplace,page,171,1,1.358,ok
closure,page,171,1,1.059,ok
ltree_resolver,page,171,1,293.66,ok
rcte,page,171,1,1.322,ok
closure_ltplace,page,171,2,0.833,ok
closure,page,171,2,0.678,ok
ltree_resolver,page,171,2,257.854,ok
rcte,page,171,2,1.503,ok
ltree_denorm,page,171,2,791.597,ok
closure,page,171,3,1.306,ok
ltree_resolver,page,171,3,274.443,ok
rcte,page,171,3,1.177,ok
ltree_denorm,page,171,3,708.327,ok
closure_ltplace,page,171,3,1.212,ok
closure_ltplace,page,172,1,13.84,ok
closure,page,172,1,40.806,ok
ltree_resolver,page,172,1,309.376,ok
rcte,page,172,1,33.643,ok
ltree_denorm,page,172,1,44.316,ok
closure,page,172,2,34.666,ok
ltree_resolver,page,172,2,266.741,ok
rcte,page,172,2,31.745,ok
ltree_denorm,page,172,2,21.163,ok
closure_ltplace,page,172,2,5.921,ok
ltree_resolver,page,172,3,238.2,ok
rcte,page,172,3,34.432,ok
ltree_denorm,page,172,3,23.205,ok
closure_ltplace,page,172,3,7.151,ok
closure,page,172,3,42.627,ok
closure,page,173,1,2.736,ok
ltree_resolver,page,173,1,278.926,ok
rcte,page,173,1,2.495,ok
ltree_denorm,page,173,1,1125.058,ok
closure_ltplace,page,173,1,1.454,ok
ltree_resolver,page,173,2,283.927,ok
rcte,page,173,2,1.332,ok
ltree_denorm,page,173,2,1037.006,ok
closure_ltplace,page,173,2,1.106,ok
closure,page,173,2,1.069,ok
rcte,page,173,3,0.932,ok
ltree_denorm,page,173,3,1071.242,ok
closure_ltplace,page,173,3,1.174,ok
closure,page,173,3,1.277,ok
ltree_resolver,page,173,3,322.212,ok
ltree_resolver,page,174,1,336.321,ok
rcte,page,174,1,37.427,ok
ltree_denorm,page,174,1,46.939,ok
closure_ltplace,page,174,1,9.955,ok
closure,page,174,1,38.8,ok
rcte,page,174,2,33.102,ok
ltree_denorm,page,174,2,14.384,ok
closure_ltplace,page,174,2,6.527,ok
closure,page,174,2,33.986,ok
ltree_resolver,page,174,2,343.211,ok
ltree_denorm,page,174,3,19.928,ok
closure_ltplace,page,174,3,9.656,ok
closure,page,174,3,53.149,ok
ltree_resolver,page,174,3,323.053,ok
rcte,page,174,3,33.753,ok
rcte,page,175,1,1.866,ok
ltree_denorm,page,175,1,1206.259,ok
closure_ltplace,page,175,1,1.477,ok
closure,page,175,1,0.984,ok
ltree_resolver,page,175,1,276.152,ok
ltree_denorm,page,175,2,1203.007,ok
closure_ltplace,page,175,2,1.173,ok
closure,page,175,2,0.827,ok
ltree_resolver,page,175,2,236.635,ok
rcte,page,175,2,1.226,ok
closure_ltplace,page,175,3,0.851,ok
closure,page,175,3,0.657,ok
ltree_resolver,page,175,3,293.989,ok
rcte,page,175,3,2.109,ok
ltree_denorm,page,175,3,1151.251,ok
ltree_denorm,page,176,1,1903.688,ok
closure_ltplace,page,176,1,1.166,ok
closure,page,176,1,0.956,ok
ltree_resolver,page,176,1,262.333,ok
rcte,page,176,1,1.366,ok
closure_ltplace,page,176,2,0.825,ok
closure,page,176,2,0.669,ok
ltree_resolver,page,176,2,286.941,ok
rcte,page,176,2,1.115,ok
ltree_denorm,page,176,2,1775.566,ok
closure,page,176,3,1.128,ok
ltree_resolver,page,176,3,254.055,ok
rcte,page,176,3,1.332,ok
ltree_denorm,page,176,3,1879.153,ok
closure_ltplace,page,176,3,1.097,ok
closure_ltplace,page,177,1,0.999,ok
closure,page,177,1,1.239,ok
ltree_resolver,page,177,1,276.364,ok
rcte,page,177,1,1.417,ok
ltree_denorm,page,177,1,2122.324,ok
closure,page,177,2,1.46,ok
ltree_resolver,page,177,2,268.585,ok
rcte,page,177,2,1.47,ok
ltree_denorm,page,177,2,2160.627,ok
closure_ltplace,page,177,2,1.191,ok
ltree_resolver,page,177,3,293.358,ok
rcte,page,177,3,1.554,ok
ltree_denorm,page,177,3,2115.594,ok
closure_ltplace,page,177,3,1.219,ok
closure,page,177,3,1.219,ok
closure,page,178,1,0.808,ok
ltree_resolver,page,178,1,280.136,ok
rcte,page,178,1,1.271,ok
ltree_denorm,page,178,1,3106.842,ok
closure_ltplace,page,178,1,1.261,ok
ltree_resolver,page,178,2,273.137,ok
rcte,page,178,2,1.351,ok
ltree_denorm,page,178,2,3170.756,ok
closure_ltplace,page,178,2,1.125,ok
closure,page,178,2,0.868,ok
rcte,page,178,3,0.86,ok
ltree_denorm,page,178,3,3382.676,ok
closure_ltplace,page,178,3,1.263,ok
closure,page,178,3,0.948,ok
ltree_resolver,page,178,3,254.516,ok
ltree_resolver,page,179,1,263.464,ok
rcte,page,179,1,6.177,ok
ltree_denorm,page,179,1,36.655,ok
closure_ltplace,page,179,1,2.604,ok
closure,page,179,1,4.877,ok
rcte,page,179,2,7.849,ok
ltree_denorm,page,179,2,12.286,ok
closure_ltplace,page,179,2,1.427,ok
closure,page,179,2,4.499,ok
ltree_resolver,page,179,2,301.968,ok
ltree_denorm,page,179,3,11.729,ok
closure_ltplace,page,179,3,1.561,ok
closure,page,179,3,4.698,ok
ltree_resolver,page,179,3,294.381,ok
rcte,page,179,3,4.143,ok
rcte,page,180,1,1.589,ok
ltree_denorm,page,180,1,4073.28,ok
closure_ltplace,page,180,1,1.575,ok
closure,page,180,1,1.405,ok
ltree_resolver,page,180,1,293.406,ok
ltree_denorm,page,180,2,3756.433,ok
closure_ltplace,page,180,2,1.061,ok
closure,page,180,2,0.853,ok
ltree_resolver,page,180,2,290.833,ok
rcte,page,180,2,1.582,ok
closure_ltplace,page,180,3,1.148,ok
closure,page,180,3,1.278,ok
ltree_resolver,page,180,3,241.211,ok
rcte,page,180,3,1.544,ok
ltree_denorm,page,180,3,4078.233,ok
ltree_denorm,page,181,1,3986.139,ok
closure_ltplace,page,181,1,2.313,ok
closure,page,181,1,3.623,ok
ltree_resolver,page,181,1,357.722,ok
rcte,page,181,1,3.269,ok
closure_ltplace,page,181,2,1.415,ok
closure,page,181,2,2.592,ok
ltree_resolver,page,181,2,299.862,ok
rcte,page,181,2,3.121,ok
ltree_denorm,page,181,2,3826.325,ok
closure,page,181,3,3.823,ok
ltree_resolver,page,181,3,289.416,ok
rcte,page,181,3,2.925,ok
ltree_denorm,page,181,3,3867.242,ok
closure_ltplace,page,181,3,2.473,ok
closure_ltplace,page,182,1,1.178,ok
closure,page,182,1,1.016,ok
ltree_resolver,page,182,1,292.564,ok
rcte,page,182,1,1.296,ok
ltree_denorm,page,182,1,2592.981,ok
closure,page,182,2,1.097,ok
ltree_resolver,page,182,2,284.539,ok
rcte,page,182,2,1.663,ok
ltree_denorm,page,182,2,2835.3,ok
closure_ltplace,page,182,2,1.431,ok
ltree_resolver,page,182,3,287.133,ok
rcte,page,182,3,1.202,ok
ltree_denorm,page,182,3,2669.94,ok
closure_ltplace,page,182,3,1.077,ok
closure,page,182,3,0.884,ok
closure,page,183,1,0.81,ok
ltree_resolver,page,183,1,320.971,ok
rcte,page,183,1,1.327,ok
ltree_denorm,page,183,1,1346.18,ok
closure_ltplace,page,183,1,1.246,ok
ltree_resolver,page,183,2,309.164,ok
rcte,page,183,2,1.073,ok
ltree_denorm,page,183,2,1310.774,ok
closure_ltplace,page,183,2,1.185,ok
closure,page,183,2,0.795,ok
rcte,page,183,3,0.673,ok
ltree_denorm,page,183,3,1266.385,ok
closure_ltplace,page,183,3,1.146,ok
closure,page,183,3,0.807,ok
ltree_resolver,page,183,3,290.591,ok
ltree_resolver,page,184,1,283.05,ok
rcte,page,184,1,1.575,ok
ltree_denorm,page,184,1,2378.707,ok
closure_ltplace,page,184,1,1.313,ok
closure,page,184,1,0.944,ok
rcte,page,184,2,0.808,ok
ltree_denorm,page,184,2,2483.011,ok
closure_ltplace,page,184,2,1.29,ok
closure,page,184,2,1.001,ok
ltree_resolver,page,184,2,282.779,ok
ltree_denorm,page,184,3,2573.405,ok
closure_ltplace,page,184,3,1.33,ok
closure,page,184,3,1.501,ok
ltree_resolver,page,184,3,249.732,ok
rcte,page,184,3,1.113,ok
rcte,page,185,1,1.435,ok
ltree_denorm,page,185,1,1121.833,ok
closure_ltplace,page,185,1,1.333,ok
closure,page,185,1,1.017,ok
ltree_resolver,page,185,1,257.201,ok
ltree_denorm,page,185,2,1156.685,ok
closure_ltplace,page,185,2,1.16,ok
closure,page,185,2,0.818,ok
ltree_resolver,page,185,2,322.123,ok
rcte,page,185,2,1.66,ok
closure_ltplace,page,185,3,1.121,ok
closure,page,185,3,0.869,ok
ltree_resolver,page,185,3,287.214,ok
rcte,page,185,3,1.086,ok
ltree_denorm,page,185,3,1111.489,ok
ltree_denorm,page,186,1,464.179,ok
closure_ltplace,page,186,1,1.876,ok
closure,page,186,1,2.422,ok
ltree_resolver,page,186,1,356.192,ok
rcte,page,186,1,2.257,ok
closure_ltplace,page,186,2,0.791,ok
closure,page,186,2,1.996,ok
ltree_resolver,page,186,2,306.261,ok
rcte,page,186,2,3.796,ok
ltree_denorm,page,186,2,508.384,ok
closure,page,186,3,2.654,ok
ltree_resolver,page,186,3,219.096,ok
rcte,page,186,3,2.459,ok
ltree_denorm,page,186,3,444.037,ok
closure_ltplace,page,186,3,1.3,ok
closure_ltplace,page,187,1,1.089,ok
closure,page,187,1,2.348,ok
ltree_resolver,page,187,1,274.776,ok
rcte,page,187,1,2.078,ok
ltree_denorm,page,187,1,1512.766,ok
closure,page,187,2,2.698,ok
ltree_resolver,page,187,2,234.626,ok
rcte,page,187,2,2.421,ok
ltree_denorm,page,187,2,1563.784,ok
closure_ltplace,page,187,2,1.311,ok
ltree_resolver,page,187,3,204.441,ok
rcte,page,187,3,2.352,ok
ltree_denorm,page,187,3,1594.037,ok
closure_ltplace,page,187,3,1.515,ok
closure,page,187,3,2.33,ok
closure,page,188,1,1.186,ok
ltree_resolver,page,188,1,246.817,ok
rcte,page,188,1,1.244,ok
ltree_denorm,page,188,1,2801.746,ok
closure_ltplace,page,188,1,1.106,ok
ltree_resolver,page,188,2,219.598,ok
rcte,page,188,2,1.346,ok
ltree_denorm,page,188,2,3132.242,ok
closure_ltplace,page,188,2,1.802,ok
closure,page,188,2,1.011,ok
rcte,page,188,3,0.856,ok
ltree_denorm,page,188,3,2835.663,ok
closure_ltplace,page,188,3,1.213,ok
closure,page,188,3,0.979,ok
ltree_resolver,page,188,3,224.795,ok
ltree_resolver,page,189,1,290.586,ok
rcte,page,189,1,1.498,ok
ltree_denorm,page,189,1,1162.571,ok
closure_ltplace,page,189,1,1.219,ok
closure,page,189,1,1.929,ok
rcte,page,189,2,1.322,ok
ltree_denorm,page,189,2,1241.542,ok
closure_ltplace,page,189,2,1.396,ok
closure,page,189,2,1.336,ok
ltree_resolver,page,189,2,230.22,ok
ltree_denorm,page,189,3,1170.621,ok
closure_ltplace,page,189,3,1.244,ok
closure,page,189,3,1.164,ok
ltree_resolver,page,189,3,261.216,ok
rcte,page,189,3,1.537,ok
rcte,page,190,1,1.486,ok
ltree_denorm,page,190,1,3864.64,ok
closure_ltplace,page,190,1,1.373,ok
closure,page,190,1,2.815,ok
ltree_resolver,page,190,1,263.211,ok
ltree_denorm,page,190,2,3713.359,ok
closure_ltplace,page,190,2,1.233,ok
closure,page,190,2,1.242,ok
ltree_resolver,page,190,2,276.092,ok
rcte,page,190,2,2.23,ok
closure_ltplace,page,190,3,0.973,ok
closure,page,190,3,1.009,ok
ltree_resolver,page,190,3,293.99,ok
rcte,page,190,3,1.799,ok
ltree_denorm,page,190,3,3666.009,ok
ltree_denorm,page,191,1,739.42,ok
closure_ltplace,page,191,1,1.078,ok
closure,page,191,1,0.923,ok
ltree_resolver,page,191,1,317.164,ok
rcte,page,191,1,1.215,ok
closure_ltplace,page,191,2,0.734,ok
closure,page,191,2,0.737,ok
ltree_resolver,page,191,2,354.208,ok
rcte,page,191,2,0.971,ok
ltree_denorm,page,191,2,764.6,ok
closure,page,191,3,1.078,ok
ltree_resolver,page,191,3,311.009,ok
rcte,page,191,3,1.185,ok
ltree_denorm,page,191,3,867.62,ok
closure_ltplace,page,191,3,1.258,ok
closure_ltplace,page,192,1,2.08,ok
closure,page,192,1,2.218,ok
ltree_resolver,page,192,1,281.967,ok
rcte,page,192,1,1.956,ok
ltree_denorm,page,192,1,1347.906,ok
closure,page,192,2,2.783,ok
ltree_resolver,page,192,2,328.04,ok
rcte,page,192,2,1.867,ok
ltree_denorm,page,192,2,1195.025,ok
closure_ltplace,page,192,2,1.276,ok
ltree_resolver,page,192,3,269.137,ok
rcte,page,192,3,1.811,ok
ltree_denorm,page,192,3,1143.468,ok
closure_ltplace,page,192,3,1.489,ok
closure,page,192,3,2.253,ok
closure,page,193,1,1.732,ok
ltree_resolver,page,193,1,304.524,ok
rcte,page,193,1,1.267,ok
ltree_denorm,page,193,1,1761.612,ok
closure_ltplace,page,193,1,1.196,ok
ltree_resolver,page,193,2,246.008,ok
rcte,page,193,2,1.192,ok
ltree_denorm,page,193,2,1839.266,ok
closure_ltplace,page,193,2,1.205,ok
closure,page,193,2,1.216,ok
rcte,page,193,3,1.011,ok
ltree_denorm,page,193,3,1635.972,ok
closure_ltplace,page,193,3,1.415,ok
closure,page,193,3,1.153,ok
ltree_resolver,page,193,3,296.598,ok
ltree_resolver,page,194,1,284.251,ok
rcte,page,194,1,1.159,ok
ltree_denorm,page,194,1,3739.726,ok
closure_ltplace,page,194,1,1.113,ok
closure,page,194,1,0.918,ok
rcte,page,194,2,1.136,ok
ltree_denorm,page,194,2,3673.92,ok
closure_ltplace,page,194,2,1.672,ok
closure,page,194,2,1.202,ok
ltree_resolver,page,194,2,279.32,ok
ltree_denorm,page,194,3,3661.703,ok
closure_ltplace,page,194,3,1.019,ok
closure,page,194,3,0.862,ok
ltree_resolver,page,194,3,285.566,ok
rcte,page,194,3,1.051,ok
rcte,page,195,1,40.158,ok
ltree_denorm,page,195,1,1837.795,ok
closure_ltplace,page,195,1,6.19,ok
closure,page,195,1,38.45,ok
ltree_resolver,page,195,1,295.706,ok
ltree_denorm,page,195,2,1905.002,ok
closure_ltplace,page,195,2,6.235,ok
closure,page,195,2,39.301,ok
ltree_resolver,page,195,2,310.052,ok
rcte,page,195,2,33.323,ok
closure_ltplace,page,195,3,3.991,ok
closure,page,195,3,35.466,ok
ltree_resolver,page,195,3,340.205,ok
rcte,page,195,3,48.382,ok
ltree_denorm,page,195,3,2026.595,ok
ltree_denorm,page,196,1,1596.256,ok
closure_ltplace,page,196,1,1.219,ok
closure,page,196,1,1.061,ok
ltree_resolver,page,196,1,287.7,ok
rcte,page,196,1,1.85,ok
closure_ltplace,page,196,2,0.997,ok
closure,page,196,2,1.042,ok
ltree_resolver,page,196,2,338.179,ok
rcte,page,196,2,1.138,ok
ltree_denorm,page,196,2,1870.354,ok
closure,page,196,3,1.312,ok
ltree_resolver,page,196,3,314.897,ok
rcte,page,196,3,1.356,ok
ltree_denorm,page,196,3,1617.064,ok
closure_ltplace,page,196,3,1.302,ok
closure_ltplace,page,197,1,0.94,ok
closure,page,197,1,0.905,ok
ltree_resolver,page,197,1,322.702,ok
rcte,page,197,1,1.308,ok
ltree_denorm,page,197,1,3453.467,ok
closure,page,197,2,1.286,ok
ltree_resolver,page,197,2,293.381,ok
rcte,page,197,2,1.446,ok
ltree_denorm,page,197,2,3337.402,ok
closure_ltplace,page,197,2,1.592,ok
ltree_resolver,page,197,3,317.062,ok
rcte,page,197,3,1.223,ok
ltree_denorm,page,197,3,3299.752,ok
closure_ltplace,page,197,3,1.087,ok
closure,page,197,3,0.817,ok
closure,page,198,1,0.718,ok
ltree_resolver,page,198,1,239.711,ok
rcte,page,198,1,1.007,ok
ltree_denorm,page,198,1,4554.742,ok
closure_ltplace,page,198,1,1.397,ok
ltree_resolver,page,198,2,289.214,ok
rcte,page,198,2,2.301,ok
ltree_denorm,page,198,2,4955.007,ok
closure_ltplace,page,198,2,1.247,ok
closure,page,198,2,1.013,ok
rcte,page,198,3,0.935,ok
ltree_denorm,page,198,3,4780.243,ok
closure_ltplace,page,198,3,1.097,ok
closure,page,198,3,1.025,ok
ltree_resolver,page,198,3,293.922,ok
ltree_resolver,page,199,1,353.489,ok
rcte,page,199,1,45.93,ok
ltree_denorm,page,199,1,2089.905,ok
closure_ltplace,page,199,1,7.054,ok
closure,page,199,1,40.974,ok
rcte,page,199,2,46.181,ok
ltree_denorm,page,199,2,1932.107,ok
closure_ltplace,page,199,2,6.241,ok
closure,page,199,2,38.096,ok
ltree_resolver,page,199,2,259.245,ok
ltree_denorm,page,199,3,1969.382,ok
closure_ltplace,page,199,3,7.414,ok
closure,page,199,3,39.588,ok
ltree_resolver,page,199,3,304.718,ok
rcte,page,199,3,36.545,ok
rcte,page,200,1,0.903,ok
ltree_denorm,page,200,1,4069.618,ok
closure_ltplace,page,200,1,1.495,ok
closure,page,200,1,0.959,ok
ltree_resolver,page,200,1,285.604,ok
ltree_denorm,page,200,2,4169.989,ok
closure_ltplace,page,200,2,1.229,ok
closure,page,200,2,1.127,ok
ltree_resolver,page,200,2,293.861,ok
rcte,page,200,2,1.201,ok
closure_ltplace,page,200,3,0.905,ok
closure,page,200,3,0.829,ok
ltree_resolver,page,200,3,273.45,ok
rcte,page,200,3,0.983,ok
ltree_denorm,page,200,3,4305.463,ok
ltree_denorm,page,201,1,3154.931,ok
closure_ltplace,page,201,1,1.413,ok
closure,page,201,1,1.182,ok
ltree_resolver,page,201,1,282.421,ok
rcte,page,201,1,1.884,ok
closure_ltplace,page,201,2,0.853,ok
closure,page,201,2,0.875,ok
ltree_resolver,page,201,2,265.551,ok
rcte,page,201,2,1.111,ok
ltree_denorm,page,201,2,2769.559,ok
closure,page,201,3,1.705,ok
ltree_resolver,page,201,3,276.221,ok
rcte,page,201,3,1.193,ok
ltree_denorm,page,201,3,2871.099,ok
closure_ltplace,page,201,3,1.947,ok
closure_ltplace,page,202,1,1.439,ok
closure,page,202,1,2.902,ok
ltree_resolver,page,202,1,283.729,ok
rcte,page,202,1,1.359,ok
ltree_denorm,page,202,1,903.898,ok
closure,page,202,2,1.375,ok
ltree_resolver,page,202,2,329.245,ok
rcte,page,202,2,1.295,ok
ltree_denorm,page,202,2,880.408,ok
closure_ltplace,page,202,2,1.895,ok
ltree_resolver,page,202,3,284.172,ok
rcte,page,202,3,1.358,ok
ltree_denorm,page,202,3,852.627,ok
closure_ltplace,page,202,3,1.368,ok
closure,page,202,3,1.327,ok
closure,page,203,1,0.83,ok
ltree_resolver,page,203,1,252.693,ok
rcte,page,203,1,1.409,ok
ltree_denorm,page,203,1,2640.356,ok
closure_ltplace,page,203,1,1.627,ok
ltree_resolver,page,203,2,273.639,ok
rcte,page,203,2,1.537,ok
ltree_denorm,page,203,2,2234.015,ok
closure_ltplace,page,203,2,1.241,ok
closure,page,203,2,0.929,ok
rcte,page,203,3,0.927,ok
ltree_denorm,page,203,3,2339.538,ok
closure_ltplace,page,203,3,1.136,ok
closure,page,203,3,0.806,ok
ltree_resolver,page,203,3,290.823,ok
ltree_resolver,page,204,1,620.605,ok
rcte,page,204,1,3.089,ok
ltree_denorm,page,204,1,2369.112,ok
closure_ltplace,page,204,1,53.678,ok
closure,page,204,1,1.34,ok
rcte,page,204,2,2.699,ok
ltree_denorm,page,204,2,2219.441,ok
closure_ltplace,page,204,2,47.725,ok
closure,page,204,2,1.137,ok
ltree_resolver,page,204,2,720.933,ok
ltree_denorm,page,204,3,2161.051,ok
closure_ltplace,page,204,3,45.462,ok
closure,page,204,3,1.467,ok
ltree_resolver,page,204,3,533.693,ok
rcte,page,204,3,2.716,ok
rcte,page,205,1,4.474,ok
ltree_denorm,page,205,1,4136.087,ok
closure_ltplace,page,205,1,37.254,ok
closure,page,205,1,1.387,ok
ltree_resolver,page,205,1,536.175,ok
ltree_denorm,page,205,2,4275.748,ok
closure_ltplace,page,205,2,64.243,ok
closure,page,205,2,1.121,ok
ltree_resolver,page,205,2,581.175,ok
rcte,page,205,2,3.542,ok
closure_ltplace,page,205,3,68.449,ok
closure,page,205,3,1.173,ok
ltree_resolver,page,205,3,577.901,ok
rcte,page,205,3,2.922,ok
ltree_denorm,page,205,3,4171.832,ok
ltree_denorm,page,206,1,1332.033,ok
closure_ltplace,page,206,1,48.26,ok
closure,page,206,1,1.486,ok
ltree_resolver,page,206,1,591.252,ok
rcte,page,206,1,2.954,ok
closure_ltplace,page,206,2,38.084,ok
closure,page,206,2,1.321,ok
ltree_resolver,page,206,2,550.741,ok
rcte,page,206,2,2.719,ok
ltree_denorm,page,206,2,1280.992,ok
closure,page,206,3,1.144,ok
ltree_resolver,page,206,3,553.669,ok
rcte,page,206,3,2.845,ok
ltree_denorm,page,206,3,1299.506,ok
closure_ltplace,page,206,3,53.824,ok
closure_ltplace,page,207,1,38.609,ok
closure,page,207,1,1.837,ok
ltree_resolver,page,207,1,532.791,ok
rcte,page,207,1,2.912,ok
ltree_denorm,page,207,1,2266.675,ok
closure,page,207,2,1.141,ok
ltree_resolver,page,207,2,552.272,ok
rcte,page,207,2,3.584,ok
ltree_denorm,page,207,2,2278.425,ok
closure_ltplace,page,207,2,37.736,ok
ltree_resolver,page,207,3,536.248,ok
rcte,page,207,3,2.889,ok
ltree_denorm,page,207,3,2018.265,ok
closure_ltplace,page,207,3,45.638,ok
closure,page,207,3,1.056,ok
closure,page,208,1,2.647,ok
ltree_resolver,page,208,1,613.168,ok
rcte,page,208,1,3.064,ok
ltree_denorm,page,208,1,3497.893,ok
closure_ltplace,page,208,1,51.852,ok
ltree_resolver,page,208,2,643.464,ok
rcte,page,208,2,3.008,ok
ltree_denorm,page,208,2,3439.742,ok
closure_ltplace,page,208,2,48.844,ok
closure,page,208,2,1.443,ok
rcte,page,208,3,2.75,ok
ltree_denorm,page,208,3,3628.983,ok
closure_ltplace,page,208,3,50.499,ok
closure,page,208,3,1.171,ok
ltree_resolver,page,208,3,556.157,ok
ltree_resolver,page,209,1,563.344,ok
rcte,page,209,1,2.843,ok
ltree_denorm,page,209,1,5901.965,ok
closure_ltplace,page,209,1,44.946,ok
closure,page,209,1,1.131,ok
rcte,page,209,2,2.827,ok
ltree_denorm,page,209,2,5459.031,ok
closure_ltplace,page,209,2,41.983,ok
closure,page,209,2,1.374,ok
ltree_resolver,page,209,2,561.891,ok
ltree_denorm,page,209,3,5672.238,ok
closure_ltplace,page,209,3,42.01,ok
closure,page,209,3,1.241,ok
ltree_resolver,page,209,3,577.659,ok
rcte,page,209,3,3.825,ok
rcte,page,210,1,5.537,ok
ltree_denorm,page,210,1,9135.445,ok
closure_ltplace,page,210,1,56.489,ok
closure,page,210,1,1.452,ok
ltree_resolver,page,210,1,567.325,ok
ltree_denorm,page,210,2,8603.1,ok
closure_ltplace,page,210,2,49.666,ok
closure,page,210,2,1.334,ok
ltree_resolver,page,210,2,570.359,ok
rcte,page,210,2,4.105,ok
closure_ltplace,page,210,3,51.941,ok
closure,page,210,3,1.15,ok
ltree_resolver,page,210,3,554.158,ok
rcte,page,210,3,3.25,ok
ltree_denorm,page,210,3,8845.291,ok
ltree_denorm,page,211,1,1568.111,ok
closure_ltplace,page,211,1,69.033,ok
closure,page,211,1,2.341,ok
ltree_resolver,page,211,1,635.53,ok
rcte,page,211,1,3.606,ok
closure_ltplace,page,211,2,49.65,ok
closure,page,211,2,1.567,ok
ltree_resolver,page,211,2,612.395,ok
rcte,page,211,2,3.24,ok
ltree_denorm,page,211,2,1735.693,ok
closure,page,211,3,2.221,ok
ltree_resolver,page,211,3,608.366,ok
rcte,page,211,3,3.515,ok
ltree_denorm,page,211,3,1599.485,ok
closure_ltplace,page,211,3,44.658,ok
closure_ltplace,page,212,1,53.336,ok
closure,page,212,1,1.456,ok
ltree_resolver,page,212,1,542.991,ok
rcte,page,212,1,2.905,ok
ltree_denorm,page,212,1,2307.86,ok
closure,page,212,2,1.39,ok
ltree_resolver,page,212,2,571.491,ok
rcte,page,212,2,3.625,ok
ltree_denorm,page,212,2,2449.755,ok
closure_ltplace,page,212,2,42.906,ok
ltree_resolver,page,212,3,532.382,ok
rcte,page,212,3,2.631,ok
ltree_denorm,page,212,3,2363.006,ok
closure_ltplace,page,212,3,35.619,ok
closure,page,212,3,1.114,ok
closure,page,213,1,3.657,ok
ltree_resolver,page,213,1,524.584,ok
rcte,page,213,1,2.747,ok
ltree_denorm,page,213,1,2249.609,ok
closure_ltplace,page,213,1,38.545,ok
ltree_resolver,page,213,2,541.526,ok
rcte,page,213,2,2.736,ok
ltree_denorm,page,213,2,2119.117,ok
closure_ltplace,page,213,2,42.666,ok
closure,page,213,2,1.141,ok
rcte,page,213,3,3.138,ok
ltree_denorm,page,213,3,2201.463,ok
closure_ltplace,page,213,3,45.044,ok
closure,page,213,3,1.453,ok
ltree_resolver,page,213,3,585.02,ok
ltree_resolver,page,214,1,261.093,ok
rcte,page,214,1,1.515,ok
ltree_denorm,page,214,1,3510.888,ok
closure_ltplace,page,214,1,1.045,ok
closure,page,214,1,0.689,ok
rcte,page,214,2,0.688,ok
ltree_denorm,page,214,2,3489.325,ok
closure_ltplace,page,214,2,1.086,ok
closure,page,214,2,0.664,ok
ltree_resolver,page,214,2,299.666,ok
ltree_denorm,page,214,3,3695.464,ok
closure_ltplace,page,214,3,0.776,ok
closure,page,214,3,0.605,ok
ltree_resolver,page,214,3,253.411,ok
rcte,page,214,3,0.958,ok
rcte,page,215,1,0.693,ok
ltree_denorm,page,215,1,1858.693,ok
closure_ltplace,page,215,1,0.97,ok
closure,page,215,1,0.869,ok
ltree_resolver,page,215,1,255.76,ok
ltree_denorm,page,215,2,1926.272,ok
closure_ltplace,page,215,2,1.36,ok
closure,page,215,2,1.155,ok
ltree_resolver,page,215,2,300.323,ok
rcte,page,215,2,1.181,ok
closure_ltplace,page,215,3,0.761,ok
closure,page,215,3,0.739,ok
ltree_resolver,page,215,3,322.737,ok
rcte,page,215,3,1.269,ok
ltree_denorm,page,215,3,2227.602,ok
ltree_denorm,page,216,1,1729.279,ok
closure_ltplace,page,216,1,0.98,ok
closure,page,216,1,1.019,ok
ltree_resolver,page,216,1,305.106,ok
rcte,page,216,1,1.046,ok
closure_ltplace,page,216,2,0.706,ok
closure,page,216,2,0.696,ok
ltree_resolver,page,216,2,297.749,ok
rcte,page,216,2,1.256,ok
ltree_denorm,page,216,2,1705.904,ok
closure,page,216,3,1.142,ok
ltree_resolver,page,216,3,260.058,ok
rcte,page,216,3,2.664,ok
ltree_denorm,page,216,3,1667.931,ok
closure_ltplace,page,216,3,0.984,ok
closure_ltplace,page,217,1,0.876,ok
closure,page,217,1,0.672,ok
ltree_resolver,page,217,1,274.704,ok
rcte,page,217,1,0.874,ok
ltree_denorm,page,217,1,649.422,ok
closure,page,217,2,0.942,ok
ltree_resolver,page,217,2,244.315,ok
rcte,page,217,2,0.978,ok
ltree_denorm,page,217,2,668.612,ok
closure_ltplace,page,217,2,0.953,ok
ltree_resolver,page,217,3,246.098,ok
rcte,page,217,3,0.91,ok
ltree_denorm,page,217,3,700.619,ok
closure_ltplace,page,217,3,0.865,ok
closure,page,217,3,0.534,ok
closure,page,218,1,1.375,ok
ltree_resolver,page,218,1,268.13,ok
rcte,page,218,1,0.94,ok
ltree_denorm,page,218,1,4854.725,ok
closure_ltplace,page,218,1,1.188,ok
ltree_resolver,page,218,2,250.499,ok
rcte,page,218,2,0.862,ok
ltree_denorm,page,218,2,4929.345,ok
closure_ltplace,page,218,2,1.074,ok
closure,page,218,2,0.775,ok
rcte,page,218,3,0.753,ok
ltree_denorm,page,218,3,4939.251,ok
closure_ltplace,page,218,3,0.976,ok
closure,page,218,3,0.628,ok
ltree_resolver,page,218,3,247.872,ok
ltree_resolver,page,219,1,243.454,ok
rcte,page,219,1,1.092,ok
ltree_denorm,page,219,1,123.487,ok
closure_ltplace,page,219,1,0.905,ok
closure,page,219,1,0.848,ok
rcte,page,219,2,0.626,ok
ltree_denorm,page,219,2,92.355,ok
closure_ltplace,page,219,2,0.908,ok
closure,page,219,2,0.868,ok
ltree_resolver,page,219,2,223.927,ok
ltree_denorm,page,219,3,92.373,ok
closure_ltplace,page,219,3,0.742,ok
closure,page,219,3,0.475,ok
ltree_resolver,page,219,3,290.275,ok
rcte,page,219,3,0.873,ok
rcte,page,220,1,1.212,ok
ltree_denorm,page,220,1,5191.087,ok
closure_ltplace,page,220,1,0.861,ok
closure,page,220,1,0.668,ok
ltree_resolver,page,220,1,255.063,ok
ltree_denorm,page,220,2,5017.924,ok
closure_ltplace,page,220,2,1.037,ok
closure,page,220,2,0.98,ok
ltree_resolver,page,220,2,299.254,ok
rcte,page,220,2,1.194,ok
closure_ltplace,page,220,3,0.913,ok
closure,page,220,3,0.796,ok
ltree_resolver,page,220,3,281.253,ok
rcte,page,220,3,1.088,ok
ltree_denorm,page,220,3,5038.676,ok
ltree_denorm,page,221,1,654.43,ok
closure_ltplace,page,221,1,1.223,ok
closure,page,221,1,1.154,ok
ltree_resolver,page,221,1,238.796,ok
rcte,page,221,1,1.278,ok
closure_ltplace,page,221,2,1.488,ok
closure,page,221,2,0.969,ok
ltree_resolver,page,221,2,354.692,ok
rcte,page,221,2,1.496,ok
ltree_denorm,page,221,2,720.223,ok
closure,page,221,3,1.209,ok
ltree_resolver,page,221,3,269.387,ok
rcte,page,221,3,1.034,ok
ltree_denorm,page,221,3,665.348,ok
closure_ltplace,page,221,3,1.358,ok
closure_ltplace,page,222,1,5.526,ok
closure,page,222,1,2.947,ok
ltree_resolver,page,222,1,297.31,ok
rcte,page,222,1,3.232,ok
ltree_denorm,page,222,1,80.764,ok
closure,page,222,2,2.968,ok
ltree_resolver,page,222,2,311.584,ok
rcte,page,222,2,2.188,ok
ltree_denorm,page,222,2,56.407,ok
closure_ltplace,page,222,2,1.67,ok
ltree_resolver,page,222,3,257.169,ok
rcte,page,222,3,2.634,ok
ltree_denorm,page,222,3,57.488,ok
closure_ltplace,page,222,3,2.069,ok
closure,page,222,3,2.912,ok
closure,page,223,1,3.031,ok
ltree_resolver,page,223,1,546.842,ok
rcte,page,223,1,1.565,ok
ltree_denorm,page,223,1,5364.013,ok
closure_ltplace,page,223,1,1.441,ok
ltree_resolver,page,223,2,520.662,ok
rcte,page,223,2,1.579,ok
ltree_denorm,page,223,2,5544.296,ok
closure_ltplace,page,223,2,1.345,ok
closure,page,223,2,0.977,ok
rcte,page,223,3,1.245,ok
ltree_denorm,page,223,3,5532.878,ok
closure_ltplace,page,223,3,1.449,ok
closure,page,223,3,0.946,ok
ltree_resolver,page,223,3,520.349,ok
ltree_resolver,page,224,1,303.473,ok
rcte,page,224,1,1.177,ok
ltree_denorm,page,224,1,1786.045,ok
closure_ltplace,page,224,1,1.04,ok
closure,page,224,1,0.877,ok
rcte,page,224,2,0.924,ok
ltree_denorm,page,224,2,1766.072,ok
closure_ltplace,page,224,2,0.931,ok
closure,page,224,2,0.688,ok
ltree_resolver,page,224,2,296.227,ok
ltree_denorm,page,224,3,1808.628,ok
closure_ltplace,page,224,3,1.398,ok
closure,page,224,3,1.266,ok
ltree_resolver,page,224,3,285.768,ok
rcte,page,224,3,0.952,ok
rcte,page,225,1,9.038,ok
ltree_denorm,page,225,1,4496.308,ok
closure_ltplace,page,225,1,0.97,ok
closure,page,225,1,1.066,ok
ltree_resolver,page,225,1,241.304,ok
ltree_denorm,page,225,2,4421.695,ok
closure_ltplace,page,225,2,1.009,ok
closure,page,225,2,0.98,ok
ltree_resolver,page,225,2,277.704,ok
rcte,page,225,2,1.313,ok
closure_ltplace,page,225,3,0.731,ok
closure,page,225,3,0.873,ok
ltree_resolver,page,225,3,277.939,ok
rcte,page,225,3,1.042,ok
ltree_denorm,page,225,3,4233.712,ok
ltree_denorm,page,226,1,6205.309,ok
closure_ltplace,page,226,1,0.946,ok
closure,page,226,1,0.757,ok
ltree_resolver,page,226,1,276.485,ok
rcte,page,226,1,1.364,ok
closure_ltplace,page,226,2,0.858,ok
closure,page,226,2,0.813,ok
ltree_resolver,page,226,2,279.93,ok
rcte,page,226,2,1.09,ok
ltree_denorm,page,226,2,6478.765,ok
closure,page,226,3,1.157,ok
ltree_resolver,page,226,3,290.172,ok
rcte,page,226,3,1.161,ok
ltree_denorm,page,226,3,6329.505,ok
closure_ltplace,page,226,3,1.034,ok
closure_ltplace,page,227,1,1.543,ok
closure,page,227,1,0.816,ok
ltree_resolver,page,227,1,328.179,ok
rcte,page,227,1,1.024,ok
ltree_denorm,page,227,1,3884.262,ok
closure,page,227,2,1.017,ok
ltree_resolver,page,227,2,300.63,ok
rcte,page,227,2,0.926,ok
ltree_denorm,page,227,2,3859.249,ok
closure_ltplace,page,227,2,0.975,ok
ltree_resolver,page,227,3,300.204,ok
rcte,page,227,3,1.01,ok
ltree_denorm,page,227,3,4115.62,ok
closure_ltplace,page,227,3,0.883,ok
closure,page,227,3,0.801,ok
closure,page,228,1,0.511,ok
ltree_resolver,page,228,1,336.966,ok
rcte,page,228,1,1.091,ok
ltree_denorm,page,228,1,2685.569,ok
closure_ltplace,page,228,1,1.078,ok
ltree_resolver,page,228,2,314.762,ok
rcte,page,228,2,1.068,ok
ltree_denorm,page,228,2,2747.572,ok
closure_ltplace,page,228,2,0.902,ok
closure,page,228,2,0.742,ok
rcte,page,228,3,0.957,ok
ltree_denorm,page,228,3,2566.696,ok
closure_ltplace,page,228,3,1.024,ok
closure,page,228,3,0.969,ok
ltree_resolver,page,228,3,303.313,ok
ltree_resolver,page,229,1,264.426,ok
rcte,page,229,1,0.985,ok
ltree_denorm,page,229,1,1793.869,ok
closure_ltplace,page,229,1,0.885,ok
closure,page,229,1,0.74,ok
rcte,page,229,2,1.307,ok
ltree_denorm,page,229,2,1962.284,ok
closure_ltplace,page,229,2,1.26,ok
closure,page,229,2,0.696,ok
ltree_resolver,page,229,2,288.774,ok
ltree_denorm,page,229,3,1841.247,ok
closure_ltplace,page,229,3,1.167,ok
closure,page,229,3,0.798,ok
ltree_resolver,page,229,3,286.446,ok
rcte,page,229,3,0.969,ok
rcte,page,230,1,0.594,ok
ltree_denorm,page,230,1,1213.729,ok
closure_ltplace,page,230,1,1.217,ok
closure,page,230,1,0.895,ok
ltree_resolver,page,230,1,260.625,ok
ltree_denorm,page,230,2,1173.751,ok
closure_ltplace,page,230,2,0.898,ok
closure,page,230,2,0.616,ok
ltree_resolver,page,230,2,244.779,ok
rcte,page,230,2,1.475,ok
closure_ltplace,page,230,3,1.026,ok
closure,page,230,3,0.672,ok
ltree_resolver,page,230,3,282.986,ok
rcte,page,230,3,1.125,ok
ltree_denorm,page,230,3,1180.506,ok
ltree_denorm,page,231,1,1168.824,ok
closure_ltplace,page,231,1,0.923,ok
closure,page,231,1,0.602,ok
ltree_resolver,page,231,1,275.676,ok
rcte,page,231,1,1.065,ok
closure_ltplace,page,231,2,0.71,ok
closure,page,231,2,0.568,ok
ltree_resolver,page,231,2,312.844,ok
rcte,page,231,2,1.231,ok
ltree_denorm,page,231,2,1268.283,ok
closure,page,231,3,0.917,ok
ltree_resolver,page,231,3,256.598,ok
rcte,page,231,3,0.904,ok
ltree_denorm,page,231,3,1223.513,ok
closure_ltplace,page,231,3,0.955,ok
closure_ltplace,page,232,1,0.528,ok
closure,page,232,1,0.563,ok
ltree_resolver,page,232,1,290.418,ok
rcte,page,232,1,1.259,ok
ltree_denorm,page,232,1,5940.089,ok
closure,page,232,2,1.259,ok
ltree_resolver,page,232,2,345.704,ok
rcte,page,232,2,1.226,ok
ltree_denorm,page,232,2,6063.413,ok
closure_ltplace,page,232,2,1.405,ok
ltree_resolver,page,232,3,327.319,ok
rcte,page,232,3,1.113,ok
ltree_denorm,page,232,3,5935.546,ok
closure_ltplace,page,232,3,1.032,ok
closure,page,232,3,0.795,ok
closure,page,233,1,1.83,ok
ltree_resolver,page,233,1,264.436,ok
rcte,page,233,1,1.01,ok
ltree_denorm,page,233,1,5350.872,ok
closure_ltplace,page,233,1,0.931,ok
ltree_resolver,page,233,2,272.43,ok
rcte,page,233,2,1.357,ok
ltree_denorm,page,233,2,5338.356,ok
closure_ltplace,page,233,2,1.333,ok
closure,page,233,2,0.922,ok
rcte,page,233,3,0.828,ok
ltree_denorm,page,233,3,5307.356,ok
closure_ltplace,page,233,3,1.048,ok
closure,page,233,3,0.823,ok
ltree_resolver,page,233,3,291.78,ok
ltree_resolver,page,234,1,278.365,ok
rcte,page,234,1,1.054,ok
ltree_denorm,page,234,1,1924.689,ok
closure_ltplace,page,234,1,1.224,ok
closure,page,234,1,0.895,ok
rcte,page,234,2,0.667,ok
ltree_denorm,page,234,2,1833.025,ok
closure_ltplace,page,234,2,0.838,ok
closure,page,234,2,0.657,ok
ltree_resolver,page,234,2,290.471,ok
ltree_denorm,page,234,3,1816.192,ok
closure_ltplace,page,234,3,0.813,ok
closure,page,234,3,0.637,ok
ltree_resolver,page,234,3,275.266,ok
rcte,page,234,3,0.857,ok
rcte,page,235,1,1.271,ok
ltree_denorm,page,235,1,80.816,ok
closure_ltplace,page,235,1,0.981,ok
closure,page,235,1,0.675,ok
ltree_resolver,page,235,1,341.484,ok
ltree_denorm,page,235,2,26.69,ok
closure_ltplace,page,235,2,0.763,ok
closure,page,235,2,0.526,ok
ltree_resolver,page,235,2,277.75,ok
rcte,page,235,2,0.815,ok
closure_ltplace,page,235,3,0.62,ok
closure,page,235,3,0.5,ok
ltree_resolver,page,235,3,284.184,ok
rcte,page,235,3,0.951,ok
ltree_denorm,page,235,3,34.714,ok
ltree_denorm,page,236,1,3228.706,ok
closure_ltplace,page,236,1,1.147,ok
closure,page,236,1,0.797,ok
ltree_resolver,page,236,1,528.316,ok
rcte,page,236,1,2.703,ok
closure_ltplace,page,236,2,1.551,ok
closure,page,236,2,1.626,ok
ltree_resolver,page,236,2,499.091,ok
rcte,page,236,2,1.618,ok
ltree_denorm,page,236,2,3221.356,ok
closure,page,236,3,1.052,ok
ltree_resolver,page,236,3,286.395,ok
rcte,page,236,3,0.963,ok
ltree_denorm,page,236,3,2419.523,ok
closure_ltplace,page,236,3,1.083,ok
closure_ltplace,page,237,1,0.754,ok
closure,page,237,1,0.835,ok
ltree_resolver,page,237,1,245.311,ok
rcte,page,237,1,0.892,ok
ltree_denorm,page,237,1,1260.97,ok
closure,page,237,2,0.938,ok
ltree_resolver,page,237,2,272.936,ok
rcte,page,237,2,0.936,ok
ltree_denorm,page,237,2,1263.009,ok
closure_ltplace,page,237,2,1.004,ok
ltree_resolver,page,237,3,287.459,ok
rcte,page,237,3,0.881,ok
ltree_denorm,page,237,3,1267.036,ok
closure_ltplace,page,237,3,1.013,ok
closure,page,237,3,0.726,ok
closure,page,238,1,0.588,ok
ltree_resolver,page,238,1,315.914,ok
rcte,page,238,1,0.973,ok
ltree_denorm,page,238,1,1638.155,ok
closure_ltplace,page,238,1,1.509,ok
ltree_resolver,page,238,2,261.968,ok
rcte,page,238,2,1.532,ok
ltree_denorm,page,238,2,1597.254,ok
closure_ltplace,page,238,2,0.873,ok
closure,page,238,2,0.566,ok
rcte,page,238,3,0.645,ok
ltree_denorm,page,238,3,1656.023,ok
closure_ltplace,page,238,3,0.984,ok
closure,page,238,3,0.989,ok
ltree_resolver,page,238,3,290.681,ok
ltree_resolver,page,239,1,283.683,ok
rcte,page,239,1,0.857,ok
ltree_denorm,page,239,1,1673.246,ok
closure_ltplace,page,239,1,1.147,ok
closure,page,239,1,0.727,ok
rcte,page,239,2,0.718,ok
ltree_denorm,page,239,2,1654.368,ok
closure_ltplace,page,239,2,0.976,ok
closure,page,239,2,0.732,ok
ltree_resolver,page,239,2,299.606,ok
ltree_denorm,page,239,3,1742.073,ok
closure_ltplace,page,239,3,0.84,ok
closure,page,239,3,0.6,ok
ltree_resolver,page,239,3,307.291,ok
rcte,page,239,3,1.328,ok
rcte,page,240,1,1.158,ok
ltree_denorm,page,240,1,5132.377,ok
closure_ltplace,page,240,1,1.073,ok
closure,page,240,1,0.924,ok
ltree_resolver,page,240,1,289.061,ok
ltree_denorm,page,240,2,4935.431,ok
closure_ltplace,page,240,2,0.988,ok
closure,page,240,2,0.975,ok
ltree_resolver,page,240,2,308.865,ok
rcte,page,240,2,0.879,ok
closure_ltplace,page,240,3,0.602,ok
closure,page,240,3,0.456,ok
ltree_resolver,page,240,3,272.656,ok
rcte,page,240,3,1.058,ok
ltree_denorm,page,240,3,5121.5,ok
ltree_denorm,page,241,1,6752.643,ok
closure_ltplace,page,241,1,1.348,ok
closure,page,241,1,0.717,ok
ltree_resolver,page,241,1,200.086,ok
rcte,page,241,1,1.293,ok
closure_ltplace,page,241,2,0.769,ok
closure,page,241,2,0.657,ok
ltree_resolver,page,241,2,212.235,ok
rcte,page,241,2,1.147,ok
ltree_denorm,page,241,2,7059.947,ok
closure,page,241,3,1.229,ok
ltree_resolver,page,241,3,219.15,ok
rcte,page,241,3,1.22,ok
ltree_denorm,page,241,3,7085.911,ok
closure_ltplace,page,241,3,0.992,ok
closure_ltplace,page,242,1,0.873,ok
closure,page,242,1,0.888,ok
ltree_resolver,page,242,1,211.044,ok
rcte,page,242,1,1.027,ok
ltree_denorm,page,242,1,4684.415,ok
closure,page,242,2,1.185,ok
ltree_resolver,page,242,2,207.73,ok
rcte,page,242,2,1.153,ok
ltree_denorm,page,242,2,4644.604,ok
closure_ltplace,page,242,2,1.155,ok
ltree_resolver,page,242,3,203.149,ok
rcte,page,242,3,1.005,ok
ltree_denorm,page,242,3,4723.518,ok
closure_ltplace,page,242,3,1.032,ok
closure,page,242,3,1.315,ok
closure,page,243,1,0.878,ok
ltree_resolver,page,243,1,228.347,ok
rcte,page,243,1,1.381,ok
ltree_denorm,page,243,1,1554.197,ok
closure_ltplace,page,243,1,1.182,ok
ltree_resolver,page,243,2,221.318,ok
rcte,page,243,2,1.159,ok
ltree_denorm,page,243,2,1534.822,ok
closure_ltplace,page,243,2,1.136,ok
closure,page,243,2,0.807,ok
rcte,page,243,3,0.834,ok
ltree_denorm,page,243,3,1751.372,ok
closure_ltplace,page,243,3,1.408,ok
closure,page,243,3,1.034,ok
ltree_resolver,page,243,3,236.963,ok
ltree_resolver,page,244,1,263.623,ok
rcte,page,244,1,1.378,ok
ltree_denorm,page,244,1,3030.349,ok
closure_ltplace,page,244,1,1.608,ok
closure,page,244,1,1.72,ok
rcte,page,244,2,1.173,ok
ltree_denorm,page,244,2,2995.244,ok
closure_ltplace,page,244,2,1.243,ok
closure,page,244,2,0.761,ok
ltree_resolver,page,244,2,208.559,ok
ltree_denorm,page,244,3,2956.911,ok
closure_ltplace,page,244,3,3.076,ok
closure,page,244,3,1.131,ok
ltree_resolver,page,244,3,216.749,ok
rcte,page,244,3,1.127,ok
rcte,page,245,1,1.238,ok
ltree_denorm,page,245,1,2256.752,ok
closure_ltplace,page,245,1,1.47,ok
closure,page,245,1,1.239,ok
ltree_resolver,page,245,1,241.395,ok
ltree_denorm,page,245,2,2239.432,ok
closure_ltplace,page,245,2,1.155,ok
closure,page,245,2,0.802,ok
ltree_resolver,page,245,2,222.239,ok
rcte,page,245,2,1.794,ok
closure_ltplace,page,245,3,0.879,ok
closure,page,245,3,0.943,ok
ltree_resolver,page,245,3,213.614,ok
rcte,page,245,3,1.432,ok
ltree_denorm,page,245,3,2201.837,ok
ltree_denorm,page,246,1,3962.087,ok
closure_ltplace,page,246,1,1.027,ok
closure,page,246,1,0.84,ok
ltree_resolver,page,246,1,223.59,ok
rcte,page,246,1,1.397,ok
closure_ltplace,page,246,2,0.998,ok
closure,page,246,2,0.753,ok
ltree_resolver,page,246,2,219.052,ok
rcte,page,246,2,1.271,ok
ltree_denorm,page,246,2,3974.579,ok
closure,page,246,3,1.262,ok
ltree_resolver,page,246,3,252.375,ok
rcte,page,246,3,1.559,ok
ltree_denorm,page,246,3,3817.62,ok
closure_ltplace,page,246,3,1.633,ok
closure_ltplace,page,247,1,0.692,ok
closure,page,247,1,0.867,ok
ltree_resolver,page,247,1,220.181,ok
rcte,page,247,1,1.265,ok
ltree_denorm,page,247,1,474.664,ok
closure,page,247,2,1.616,ok
ltree_resolver,page,247,2,289.577,ok
rcte,page,247,2,1.323,ok
ltree_denorm,page,247,2,453.199,ok
closure_ltplace,page,247,2,1.338,ok
ltree_resolver,page,247,3,221.888,ok
rcte,page,247,3,1.185,ok
ltree_denorm,page,247,3,411.679,ok
closure_ltplace,page,247,3,1.037,ok
closure,page,247,3,0.857,ok
closure,page,248,1,0.853,ok
ltree_resolver,page,248,1,223.901,ok
rcte,page,248,1,1.359,ok
ltree_denorm,page,248,1,2912.814,ok
closure_ltplace,page,248,1,1.164,ok
ltree_resolver,page,248,2,196.825,ok
rcte,page,248,2,1.238,ok
ltree_denorm,page,248,2,2787.577,ok
closure_ltplace,page,248,2,1.259,ok
closure,page,248,2,0.911,ok
rcte,page,248,3,0.952,ok
ltree_denorm,page,248,3,2885.159,ok
closure_ltplace,page,248,3,1.627,ok
closure,page,248,3,1.148,ok
ltree_resolver,page,248,3,224.058,ok
ltree_resolver,page,249,1,201.389,ok
rcte,page,249,1,1.075,ok
ltree_denorm,page,249,1,5066.608,ok
closure_ltplace,page,249,1,1.599,ok
closure,page,249,1,1.235,ok
rcte,page,249,2,1.075,ok
ltree_denorm,page,249,2,4941.636,ok
closure_ltplace,page,249,2,1.114,ok
closure,page,249,2,0.811,ok
ltree_resolver,page,249,2,199.727,ok
ltree_denorm,page,249,3,5018.504,ok
closure_ltplace,page,249,3,1.211,ok
closure,page,249,3,1.078,ok
ltree_resolver,page,249,3,228.659,ok
rcte,page,249,3,2.44,ok
rcte,page,250,1,1.324,ok
ltree_denorm,page,250,1,1059.054,ok
closure_ltplace,page,250,1,1.216,ok
closure,page,250,1,0.957,ok
ltree_resolver,page,250,1,209.295,ok
ltree_denorm,page,250,2,956.916,ok
closure_ltplace,page,250,2,1.177,ok
closure,page,250,2,0.788,ok
ltree_resolver,page,250,2,194.368,ok
rcte,page,250,2,1.096,ok
closure_ltplace,page,250,3,0.627,ok
closure,page,250,3,0.661,ok
ltree_resolver,page,250,3,195.088,ok
rcte,page,250,3,1.254,ok
ltree_denorm,page,250,3,930.744,ok
ltree_denorm,page,251,1,2082.278,ok
closure_ltplace,page,251,1,2.223,ok
closure,page,251,1,3.247,ok
ltree_resolver,page,251,1,254.963,ok
rcte,page,251,1,2.425,ok
closure_ltplace,page,251,2,1.411,ok
closure,page,251,2,2.27,ok
ltree_resolver,page,251,2,209.655,ok
rcte,page,251,2,2.675,ok
ltree_denorm,page,251,2,1955.408,ok
closure,page,251,3,2.708,ok
ltree_resolver,page,251,3,210.097,ok
rcte,page,251,3,2.461,ok
ltree_denorm,page,251,3,2033.442,ok
closure_ltplace,page,251,3,1.877,ok
closure_ltplace,page,252,1,1.111,ok
closure,page,252,1,1.059,ok
ltree_resolver,page,252,1,227.794,ok
rcte,page,252,1,1.045,ok
ltree_denorm,page,252,1,671.954,ok
closure,page,252,2,1.27,ok
ltree_resolver,page,252,2,194.632,ok
rcte,page,252,2,1.138,ok
ltree_denorm,page,252,2,637.567,ok
closure_ltplace,page,252,2,1.206,ok
ltree_resolver,page,252,3,218.128,ok
rcte,page,252,3,1.227,ok
ltree_denorm,page,252,3,623.833,ok
closure_ltplace,page,252,3,1.116,ok
closure,page,252,3,1.108,ok
closure,page,253,1,1.498,ok
ltree_resolver,page,253,1,216.324,ok
rcte,page,253,1,1.465,ok
ltree_denorm,page,253,1,2249.16,ok
closure_ltplace,page,253,1,0.984,ok
ltree_resolver,page,253,2,224.857,ok
rcte,page,253,2,1.214,ok
ltree_denorm,page,253,2,2027.027,ok
closure_ltplace,page,253,2,1.178,ok
closure,page,253,2,0.728,ok
rcte,page,253,3,0.6,ok
ltree_denorm,page,253,3,2081.585,ok
closure_ltplace,page,253,3,1.138,ok
closure,page,253,3,0.692,ok
ltree_resolver,page,253,3,230.229,ok
ltree_resolver,count,1,1,994.311,ok
rcte,count,1,1,390.074,ok
closure,count,1,1,482.885,ok
rcte,count,1,2,318.267,ok
closure,count,1,2,425.457,ok
ltree_resolver,count,1,2,804.17,ok
closure,count,1,3,452.127,ok
ltree_resolver,count,1,3,836.84,ok
rcte,count,1,3,355.475,ok
rcte,count,2,1,574.477,ok
closure,count,2,1,942.426,ok
ltree_resolver,count,2,1,1011.78,ok
closure,count,2,2,891.132,ok
ltree_resolver,count,2,2,993.067,ok
rcte,count,2,2,514.76,ok
ltree_resolver,count,2,3,1047.332,ok
rcte,count,2,3,531.176,ok
closure,count,2,3,916.55,ok
closure,count,3,1,855.599,ok
ltree_resolver,count,3,1,949.782,ok
rcte,count,3,1,403.187,ok
ltree_resolver,count,3,2,874.585,ok
rcte,count,3,2,387.758,ok
closure,count,3,2,752.108,ok
rcte,count,3,3,424.227,ok
closure,count,3,3,757.741,ok
ltree_resolver,count,3,3,791.694,ok
ltree_resolver,count,4,1,806.786,ok
rcte,count,4,1,348.945,ok
closure,count,4,1,423.049,ok
rcte,count,4,2,329.015,ok
closure,count,4,2,435.133,ok
ltree_resolver,count,4,2,930.787,ok
closure,count,4,3,463.475,ok
ltree_resolver,count,4,3,859.418,ok
rcte,count,4,3,328.062,ok
rcte,count,5,1,442.445,ok
closure,count,5,1,844.228,ok
ltree_resolver,count,5,1,966.982,ok
closure,count,5,2,979.895,ok
ltree_resolver,count,5,2,1058.95,ok
rcte,count,5,2,488.55,ok
ltree_resolver,count,5,3,915.043,ok
rcte,count,5,3,450.459,ok
closure,count,5,3,828.217,ok
closure,count,6,1,899.688,ok
ltree_resolver,count,6,1,901.818,ok
rcte,count,6,1,516.604,ok
ltree_resolver,count,6,2,1038.12,ok
rcte,count,6,2,507.296,ok
closure,count,6,2,918.147,ok
rcte,count,6,3,452.358,ok
closure,count,6,3,909.553,ok
ltree_resolver,count,6,3,1014.433,ok
ltree_resolver,count,7,1,834.105,ok
rcte,count,7,1,403.472,ok
closure,count,7,1,880.622,ok
rcte,count,7,2,393.841,ok
closure,count,7,2,845.784,ok
ltree_resolver,count,7,2,878.571,ok
closure,count,7,3,916.505,ok
ltree_resolver,count,7,3,964.19,ok
rcte,count,7,3,436.523,ok
rcte,count,8,1,353.156,ok
closure,count,8,1,783.882,ok
ltree_resolver,count,8,1,891.767,ok
closure,count,8,2,765.567,ok
ltree_resolver,count,8,2,798.896,ok
rcte,count,8,2,379.333,ok
ltree_resolver,count,8,3,900.093,ok
rcte,count,8,3,406.509,ok
closure,count,8,3,886.138,ok
closure,count,9,1,995.014,ok
ltree_resolver,count,9,1,1091.686,ok
rcte,count,9,1,836.53,ok
ltree_resolver,count,9,2,1088.761,ok
rcte,count,9,2,829.426,ok
closure,count,9,2,987.394,ok
rcte,count,9,3,824.792,ok
closure,count,9,3,1072.186,ok
ltree_resolver,count,9,3,1037.018,ok
ltree_resolver,count,10,1,848.996,ok
rcte,count,10,1,397.948,ok
closure,count,10,1,482.179,ok
rcte,count,10,2,342.01,ok
closure,count,10,2,424.838,ok
ltree_resolver,count,10,2,827.385,ok
closure,count,10,3,462.72,ok
ltree_resolver,count,10,3,737.263,ok
rcte,count,10,3,305.321,ok
rcte,count,11,1,223.68,ok
closure,count,11,1,154.83,ok
ltree_resolver,count,11,1,200.948,ok
closure,count,11,2,161.26,ok
ltree_resolver,count,11,2,197.147,ok
rcte,count,11,2,211.307,ok
ltree_resolver,count,11,3,223.051,ok
rcte,count,11,3,218.704,ok
closure,count,11,3,155.07,ok
closure,count,12,1,224.926,ok
ltree_resolver,count,12,1,226.026,ok
rcte,count,12,1,313.046,ok
ltree_resolver,count,12,2,209.973,ok
rcte,count,12,2,290.075,ok
closure,count,12,2,230.029,ok
rcte,count,12,3,294.585,ok
closure,count,12,3,215.658,ok
ltree_resolver,count,12,3,201.938,ok
ltree_resolver,count,13,1,216.662,ok
rcte,count,13,1,230.306,ok
closure,count,13,1,143.731,ok
rcte,count,13,2,221.641,ok
closure,count,13,2,149.895,ok
ltree_resolver,count,13,2,247.326,ok
closure,count,13,3,173.789,ok
ltree_resolver,count,13,3,202.438,ok
rcte,count,13,3,223.534,ok
rcte,count,14,1,157.54,ok
closure,count,14,1,122.746,ok
ltree_resolver,count,14,1,228.343,ok
closure,count,14,2,127.639,ok
ltree_resolver,count,14,2,219.123,ok
rcte,count,14,2,165.79,ok
ltree_resolver,count,14,3,227.517,ok
rcte,count,14,3,162.787,ok
closure,count,14,3,120.346,ok
closure,count,15,1,216.451,ok
ltree_resolver,count,15,1,256.017,ok
rcte,count,15,1,382.021,ok
ltree_resolver,count,15,2,248.372,ok
rcte,count,15,2,347.109,ok
closure,count,15,2,210.549,ok
rcte,count,15,3,289.51,ok
closure,count,15,3,220.503,ok
ltree_resolver,count,15,3,273.454,ok
ltree_resolver,count,16,1,237.255,ok
rcte,count,16,1,527.326,ok
closure,count,16,1,314.685,ok
rcte,count,16,2,460.596,ok
closure,count,16,2,326.907,ok
ltree_resolver,count,16,2,246.855,ok
closure,count,16,3,326.388,ok
ltree_resolver,count,16,3,227.711,ok
rcte,count,16,3,422.29,ok
rcte,count,17,1,237.423,ok
closure,count,17,1,140.165,ok
ltree_resolver,count,17,1,195.033,ok
closure,count,17,2,147.055,ok
ltree_resolver,count,17,2,195.612,ok
rcte,count,17,2,180.819,ok
ltree_resolver,count,17,3,210.743,ok
rcte,count,17,3,177.218,ok
closure,count,17,3,140.812,ok
closure,count,18,1,185.481,ok
ltree_resolver,count,18,1,242.245,ok
rcte,count,18,1,256.563,ok
ltree_resolver,count,18,2,299.575,ok
rcte,count,18,2,280.386,ok
closure,count,18,2,195.631,ok
rcte,count,18,3,240.453,ok
closure,count,18,3,193.949,ok
ltree_resolver,count,18,3,260.981,ok
ltree_resolver,count,19,1,203.526,ok
rcte,count,19,1,465.878,ok
closure,count,19,1,286.5,ok
rcte,count,19,2,433.825,ok
closure,count,19,2,298.701,ok
ltree_resolver,count,19,2,213.404,ok
closure,count,19,3,316.159,ok
ltree_resolver,count,19,3,222.482,ok
rcte,count,19,3,497.296,ok
rcte,count,20,1,441.236,ok
closure,count,20,1,303.124,ok
ltree_resolver,count,20,1,216.476,ok
closure,count,20,2,301.835,ok
ltree_resolver,count,20,2,215.293,ok
rcte,count,20,2,469.951,ok
ltree_resolver,count,20,3,227.68,ok
rcte,count,20,3,431.94,ok
closure,count,20,3,324.578,ok
closure,count,21,1,150.584,ok
ltree_resolver,count,21,1,218.86,ok
rcte,count,21,1,223.966,ok
ltree_resolver,count,21,2,227.771,ok
rcte,count,21,2,234.499,ok
closure,count,21,2,158.869,ok
rcte,count,21,3,226.858,ok
closure,count,21,3,157.695,ok
ltree_resolver,count,21,3,237.446,ok
ltree_resolver,count,22,1,196.52,ok
rcte,count,22,1,187.45,ok
closure,count,22,1,132.854,ok
rcte,count,22,2,169.434,ok
closure,count,22,2,131.97,ok
ltree_resolver,count,22,2,223.495,ok
closure,count,22,3,133.038,ok
ltree_resolver,count,22,3,207.001,ok
rcte,count,22,3,187.216,ok
rcte,count,23,1,297.803,ok
closure,count,23,1,212.154,ok
ltree_resolver,count,23,1,217.813,ok
closure,count,23,2,215.334,ok
ltree_resolver,count,23,2,229.316,ok
rcte,count,23,2,317.557,ok
ltree_resolver,count,23,3,206.963,ok
rcte,count,23,3,305.32,ok
closure,count,23,3,210.004,ok
closure,count,24,1,148.782,ok
ltree_resolver,count,24,1,205.245,ok
rcte,count,24,1,267.377,ok
ltree_resolver,count,24,2,221.328,ok
rcte,count,24,2,213.015,ok
closure,count,24,2,159.405,ok
rcte,count,24,3,207.182,ok
closure,count,24,3,148.768,ok
ltree_resolver,count,24,3,224.879,ok
ltree_resolver,count,25,1,205.284,ok
rcte,count,25,1,236.386,ok
closure,count,25,1,167.721,ok
rcte,count,25,2,239.91,ok
closure,count,25,2,156.89,ok
ltree_resolver,count,25,2,209.622,ok
closure,count,25,3,159.265,ok
ltree_resolver,count,25,3,217.238,ok
rcte,count,25,3,234.208,ok
rcte,count,26,1,250.962,ok
closure,count,26,1,145.982,ok
ltree_resolver,count,26,1,239.517,ok
closure,count,26,2,147.637,ok
ltree_resolver,count,26,2,191.631,ok
rcte,count,26,2,195.357,ok
ltree_resolver,count,26,3,202.143,ok
rcte,count,26,3,215.712,ok
closure,count,26,3,147.354,ok
closure,count,27,1,150.839,ok
ltree_resolver,count,27,1,203.055,ok
rcte,count,27,1,202.829,ok
ltree_resolver,count,27,2,216.818,ok
rcte,count,27,2,182.533,ok
closure,count,27,2,140.559,ok
rcte,count,27,3,177.132,ok
closure,count,27,3,136.363,ok
ltree_resolver,count,27,3,222.356,ok
ltree_resolver,count,28,1,226.276,ok
rcte,count,28,1,207.52,ok
closure,count,28,1,154.115,ok
rcte,count,28,2,193.887,ok
closure,count,28,2,135.081,ok
ltree_resolver,count,28,2,207.703,ok
closure,count,28,3,163.643,ok
ltree_resolver,count,28,3,225.505,ok
rcte,count,28,3,210.808,ok
rcte,count,29,1,445.951,ok
closure,count,29,1,305.324,ok
ltree_resolver,count,29,1,291.859,ok
closure,count,29,2,315.378,ok
ltree_resolver,count,29,2,231.87,ok
rcte,count,29,2,440.92,ok
ltree_resolver,count,29,3,244.241,ok
rcte,count,29,3,602.76,ok
closure,count,29,3,422.976,ok
closure,count,30,1,163.289,ok
ltree_resolver,count,30,1,236.622,ok
rcte,count,30,1,296.554,ok
ltree_resolver,count,30,2,235.375,ok
rcte,count,30,2,158.581,ok
closure,count,30,2,143.819,ok
rcte,count,30,3,197.52,ok
closure,count,30,3,140.254,ok
ltree_resolver,count,30,3,230.635,ok
ltree_resolver,count,31,1,217.082,ok
rcte,count,31,1,440.096,ok
closure,count,31,1,328.632,ok
rcte,count,31,2,429.517,ok
closure,count,31,2,304.196,ok
ltree_resolver,count,31,2,216.718,ok
closure,count,31,3,336.147,ok
ltree_resolver,count,31,3,220.308,ok
rcte,count,31,3,442.086,ok
rcte,count,32,1,435.872,ok
closure,count,32,1,298.249,ok
ltree_resolver,count,32,1,221.352,ok
closure,count,32,2,323.915,ok
ltree_resolver,count,32,2,232.053,ok
rcte,count,32,2,519.723,ok
ltree_resolver,count,32,3,245.0,ok
rcte,count,32,3,481.893,ok
closure,count,32,3,328.733,ok
closure,count,33,1,162.619,ok
ltree_resolver,count,33,1,224.825,ok
rcte,count,33,1,231.904,ok
ltree_resolver,count,33,2,211.458,ok
rcte,count,33,2,209.485,ok
closure,count,33,2,158.315,ok
rcte,count,33,3,265.119,ok
closure,count,33,3,151.012,ok
ltree_resolver,count,33,3,233.573,ok
ltree_resolver,count,34,1,223.004,ok
rcte,count,34,1,298.442,ok
closure,count,34,1,206.337,ok
rcte,count,34,2,293.751,ok
closure,count,34,2,187.909,ok
ltree_resolver,count,34,2,251.905,ok
closure,count,34,3,191.845,ok
ltree_resolver,count,34,3,222.79,ok
rcte,count,34,3,319.504,ok
rcte,count,35,1,212.888,ok
closure,count,35,1,135.303,ok
ltree_resolver,count,35,1,212.704,ok
closure,count,35,2,147.472,ok
ltree_resolver,count,35,2,201.179,ok
rcte,count,35,2,199.473,ok
ltree_resolver,count,35,3,219.341,ok
rcte,count,35,3,196.345,ok
closure,count,35,3,143.807,ok
closure,count,36,1,194.298,ok
ltree_resolver,count,36,1,244.468,ok
rcte,count,36,1,254.887,ok
ltree_resolver,count,36,2,241.106,ok
rcte,count,36,2,301.539,ok
closure,count,36,2,187.257,ok
rcte,count,36,3,281.588,ok
closure,count,36,3,173.341,ok
ltree_resolver,count,36,3,220.024,ok
ltree_resolver,count,37,1,207.525,ok
rcte,count,37,1,223.047,ok
closure,count,37,1,143.793,ok
rcte,count,37,2,189.16,ok
closure,count,37,2,141.409,ok
ltree_resolver,count,37,2,201.919,ok
closure,count,37,3,157.991,ok
ltree_resolver,count,37,3,205.012,ok
rcte,count,37,3,196.002,ok
rcte,count,38,1,465.178,ok
closure,count,38,1,308.502,ok
ltree_resolver,count,38,1,212.91,ok
closure,count,38,2,299.656,ok
ltree_resolver,count,38,2,230.006,ok
rcte,count,38,2,457.186,ok
ltree_resolver,count,38,3,222.515,ok
rcte,count,38,3,462.773,ok
closure,count,38,3,294.943,ok
closure,count,39,1,304.731,ok
ltree_resolver,count,39,1,214.855,ok
rcte,count,39,1,412.389,ok
ltree_resolver,count,39,2,229.858,ok
rcte,count,39,2,477.372,ok
closure,count,39,2,313.429,ok
rcte,count,39,3,428.285,ok
closure,count,39,3,306.886,ok
ltree_resolver,count,39,3,226.558,ok
ltree_resolver,count,40,1,221.273,ok
rcte,count,40,1,281.749,ok
closure,count,40,1,204.281,ok
rcte,count,40,2,368.253,ok
closure,count,40,2,195.917,ok
ltree_resolver,count,40,2,228.467,ok
closure,count,40,3,199.968,ok
ltree_resolver,count,40,3,262.818,ok
rcte,count,40,3,276.646,ok
rcte,count,41,1,280.998,ok
closure,count,41,1,189.032,ok
ltree_resolver,count,41,1,228.047,ok
closure,count,41,2,221.042,ok
ltree_resolver,count,41,2,233.971,ok
rcte,count,41,2,290.8,ok
ltree_resolver,count,41,3,222.796,ok
rcte,count,41,3,284.701,ok
closure,count,41,3,218.397,ok
closure,count,42,1,191.943,ok
ltree_resolver,count,42,1,203.873,ok
rcte,count,42,1,266.129,ok
ltree_resolver,count,42,2,217.161,ok
rcte,count,42,2,308.567,ok
closure,count,42,2,188.569,ok
rcte,count,42,3,328.61,ok
closure,count,42,3,190.297,ok
ltree_resolver,count,42,3,250.641,ok
ltree_resolver,count,43,1,272.386,ok
rcte,count,43,1,241.241,ok
closure,count,43,1,192.009,ok
rcte,count,43,2,254.357,ok
closure,count,43,2,169.115,ok
ltree_resolver,count,43,2,217.628,ok
closure,count,43,3,179.132,ok
ltree_resolver,count,43,3,232.492,ok
rcte,count,43,3,236.583,ok
rcte,count,44,1,279.659,ok
closure,count,44,1,185.78,ok
ltree_resolver,count,44,1,200.781,ok
closure,count,44,2,178.242,ok
ltree_resolver,count,44,2,221.993,ok
rcte,count,44,2,251.381,ok
ltree_resolver,count,44,3,198.534,ok
rcte,count,44,3,287.604,ok
closure,count,44,3,187.099,ok
closure,count,45,1,149.752,ok
ltree_resolver,count,45,1,198.783,ok
rcte,count,45,1,208.609,ok
ltree_resolver,count,45,2,189.896,ok
rcte,count,45,2,155.359,ok
closure,count,45,2,125.916,ok
rcte,count,45,3,161.953,ok
closure,count,45,3,138.021,ok
ltree_resolver,count,45,3,211.472,ok
ltree_resolver,count,46,1,210.181,ok
rcte,count,46,1,171.397,ok
closure,count,46,1,139.887,ok
rcte,count,46,2,174.989,ok
closure,count,46,2,139.753,ok
ltree_resolver,count,46,2,212.331,ok
closure,count,46,3,136.151,ok
ltree_resolver,count,46,3,201.465,ok
rcte,count,46,3,200.033,ok
rcte,count,47,1,169.799,ok
closure,count,47,1,107.173,ok
ltree_resolver,count,47,1,196.713,ok
closure,count,47,2,111.041,ok
ltree_resolver,count,47,2,210.358,ok
rcte,count,47,2,125.916,ok
ltree_resolver,count,47,3,193.6,ok
rcte,count,47,3,135.29,ok
closure,count,47,3,113.616,ok
closure,count,48,1,152.347,ok
ltree_resolver,count,48,1,189.774,ok
rcte,count,48,1,196.107,ok
ltree_resolver,count,48,2,186.771,ok
rcte,count,48,2,241.047,ok
closure,count,48,2,142.578,ok
rcte,count,48,3,176.831,ok
closure,count,48,3,150.165,ok
ltree_resolver,count,48,3,194.444,ok
ltree_resolver,count,49,1,207.624,ok
rcte,count,49,1,256.769,ok
closure,count,49,1,175.45,ok
rcte,count,49,2,217.07,ok
closure,count,49,2,173.479,ok
ltree_resolver,count,49,2,219.471,ok
closure,count,49,3,175.009,ok
ltree_resolver,count,49,3,223.225,ok
rcte,count,49,3,280.499,ok
rcte,count,50,1,517.854,ok
closure,count,50,1,317.462,ok
ltree_resolver,count,50,1,244.821,ok
closure,count,50,2,302.58,ok
ltree_resolver,count,50,2,234.825,ok
rcte,count,50,2,419.893,ok
ltree_resolver,count,50,3,250.183,ok
rcte,count,50,3,483.201,ok
closure,count,50,3,303.507,ok
closure,count,51,1,27.297,ok
ltree_resolver,count,51,1,646.999,ok
rcte,count,51,1,24.157,ok
ltree_resolver,count,51,2,566.134,ok
rcte,count,51,2,25.208,ok
closure,count,51,2,23.605,ok
rcte,count,51,3,23.755,ok
closure,count,51,3,23.662,ok
ltree_resolver,count,51,3,545.293,ok
ltree_resolver,count,52,1,584.192,ok
rcte,count,52,1,15.334,ok
closure,count,52,1,12.493,ok
rcte,count,52,2,12.775,ok
closure,count,52,2,12.637,ok
ltree_resolver,count,52,2,551.864,ok
closure,count,52,3,12.59,ok
ltree_resolver,count,52,3,572.362,ok
rcte,count,52,3,12.924,ok
rcte,count,53,1,20.125,ok
closure,count,53,1,17.608,ok
ltree_resolver,count,53,1,618.17,ok
closure,count,53,2,17.897,ok
ltree_resolver,count,53,2,544.234,ok
rcte,count,53,2,20.775,ok
ltree_resolver,count,53,3,592.269,ok
rcte,count,53,3,19.241,ok
closure,count,53,3,16.968,ok
closure,count,54,1,13.543,ok
ltree_resolver,count,54,1,555.311,ok
rcte,count,54,1,16.948,ok
ltree_resolver,count,54,2,558.254,ok
rcte,count,54,2,13.694,ok
closure,count,54,2,11.246,ok
rcte,count,54,3,13.236,ok
closure,count,54,3,13.71,ok
ltree_resolver,count,54,3,603.894,ok
ltree_resolver,count,55,1,553.398,ok
rcte,count,55,1,24.879,ok
closure,count,55,1,20.022,ok
rcte,count,55,2,21.93,ok
closure,count,55,2,20.396,ok
ltree_resolver,count,55,2,546.056,ok
closure,count,55,3,20.689,ok
ltree_resolver,count,55,3,553.32,ok
rcte,count,55,3,22.218,ok
rcte,count,56,1,68.995,ok
closure,count,56,1,60.75,ok
ltree_resolver,count,56,1,547.21,ok
closure,count,56,2,61.291,ok
ltree_resolver,count,56,2,569.341,ok
rcte,count,56,2,62.486,ok
ltree_resolver,count,56,3,562.612,ok
rcte,count,56,3,63.936,ok
closure,count,56,3,63.353,ok
closure,count,57,1,14.573,ok
ltree_resolver,count,57,1,590.814,ok
rcte,count,57,1,12.827,ok
ltree_resolver,count,57,2,608.827,ok
rcte,count,57,2,13.037,ok
closure,count,57,2,13.179,ok
rcte,count,57,3,13.684,ok
closure,count,57,3,12.465,ok
ltree_resolver,count,57,3,583.493,ok
ltree_resolver,count,59,1,699.173,ok
rcte,count,59,1,14.23,ok
closure,count,59,1,10.73,ok
rcte,count,59,2,11.878,ok
closure,count,59,2,21.293,ok
ltree_resolver,count,59,2,662.388,ok
closure,count,59,3,10.662,ok
ltree_resolver,count,59,3,615.696,ok
rcte,count,59,3,13.3,ok
rcte,count,60,1,67.689,ok
closure,count,60,1,54.71,ok
ltree_resolver,count,60,1,577.124,ok
closure,count,60,2,57.856,ok
ltree_resolver,count,60,2,548.471,ok
rcte,count,60,2,91.861,ok
ltree_resolver,count,60,3,578.943,ok
rcte,count,60,3,60.307,ok
closure,count,60,3,69.045,ok
closure,count,61,1,27.447,ok
ltree_resolver,count,61,1,567.127,ok
rcte,count,61,1,18.594,ok
ltree_resolver,count,61,2,594.173,ok
rcte,count,61,2,24.777,ok
closure,count,61,2,17.2,ok
rcte,count,61,3,17.69,ok
closure,count,61,3,17.147,ok
ltree_resolver,count,61,3,613.681,ok
ltree_resolver,count,62,1,212.643,ok
rcte,count,62,1,25.454,ok
closure,count,62,1,22.99,ok
rcte,count,62,2,23.865,ok
closure,count,62,2,22.044,ok
ltree_resolver,count,62,2,207.51,ok
closure,count,62,3,24.674,ok
ltree_resolver,count,62,3,197.968,ok
rcte,count,62,3,44.108,ok
rcte,count,63,1,10.155,ok
closure,count,63,1,8.105,ok
ltree_resolver,count,63,1,190.859,ok
closure,count,63,2,8.542,ok
ltree_resolver,count,63,2,206.542,ok
rcte,count,63,2,11.311,ok
ltree_resolver,count,63,3,183.311,ok
rcte,count,63,3,7.312,ok
closure,count,63,3,6.385,ok
closure,count,64,1,9.51,ok
ltree_resolver,count,64,1,194.221,ok
rcte,count,64,1,10.049,ok
ltree_resolver,count,64,2,200.397,ok
rcte,count,64,2,11.467,ok
closure,count,64,2,9.957,ok
rcte,count,64,3,9.776,ok
closure,count,64,3,9.044,ok
ltree_resolver,count,64,3,199.364,ok
ltree_resolver,count,65,1,180.449,ok
rcte,count,65,1,10.787,ok
closure,count,65,1,7.89,ok
rcte,count,65,2,8.071,ok
closure,count,65,2,7.323,ok
ltree_resolver,count,65,2,210.413,ok
closure,count,65,3,8.426,ok
ltree_resolver,count,65,3,209.612,ok
rcte,count,65,3,9.471,ok
rcte,count,66,1,19.001,ok
closure,count,66,1,16.483,ok
ltree_resolver,count,66,1,203.467,ok
closure,count,66,2,14.767,ok
ltree_resolver,count,66,2,195.566,ok
rcte,count,66,2,16.692,ok
ltree_resolver,count,66,3,177.19,ok
rcte,count,66,3,16.349,ok
closure,count,66,3,15.944,ok
closure,count,67,1,7.07,ok
ltree_resolver,count,67,1,187.594,ok
rcte,count,67,1,7.041,ok
ltree_resolver,count,67,2,180.0,ok
rcte,count,67,2,7.159,ok
closure,count,67,2,13.338,ok
rcte,count,67,3,7.428,ok
closure,count,67,3,5.656,ok
ltree_resolver,count,67,3,188.496,ok
ltree_resolver,count,68,1,189.122,ok
rcte,count,68,1,17.588,ok
closure,count,68,1,12.139,ok
rcte,count,68,2,12.993,ok
closure,count,68,2,11.869,ok
ltree_resolver,count,68,2,183.446,ok
closure,count,68,3,13.653,ok
ltree_resolver,count,68,3,184.549,ok
rcte,count,68,3,13.227,ok
rcte,count,69,1,28.019,ok
closure,count,69,1,22.064,ok
ltree_resolver,count,69,1,180.403,ok
closure,count,69,2,20.125,ok
ltree_resolver,count,69,2,182.152,ok
rcte,count,69,2,27.823,ok
ltree_resolver,count,69,3,185.584,ok
rcte,count,69,3,21.791,ok
closure,count,69,3,22.284,ok
closure,count,70,1,29.346,ok
ltree_resolver,count,70,1,194.183,ok
rcte,count,70,1,22.08,ok
ltree_resolver,count,70,2,185.712,ok
rcte,count,70,2,23.051,ok
closure,count,70,2,21.563,ok
rcte,count,70,3,23.295,ok
closure,count,70,3,22.022,ok
ltree_resolver,count,70,3,208.106,ok
ltree_resolver,count,71,1,238.745,ok
rcte,count,71,1,16.221,ok
closure,count,71,1,13.225,ok
rcte,count,71,2,18.431,ok
closure,count,71,2,12.957,ok
ltree_resolver,count,71,2,198.616,ok
closure,count,71,3,11.489,ok
ltree_resolver,count,71,3,208.991,ok
rcte,count,71,3,13.042,ok
rcte,count,72,1,101.018,ok
closure,count,72,1,80.871,ok
ltree_resolver,count,72,1,188.273,ok
closure,count,72,2,88.454,ok
ltree_resolver,count,72,2,200.17,ok
rcte,count,72,2,80.736,ok
ltree_resolver,count,72,3,200.28,ok
rcte,count,72,3,81.406,ok
closure,count,72,3,78.997,ok
closure,count,73,1,13.135,ok
ltree_resolver,count,73,1,198.105,ok
rcte,count,73,1,10.312,ok
ltree_resolver,count,73,2,187.819,ok
rcte,count,73,2,10.255,ok
closure,count,73,2,8.874,ok
rcte,count,73,3,9.431,ok
closure,count,73,3,8.534,ok
ltree_resolver,count,73,3,191.147,ok
ltree_resolver,count,74,1,179.199,ok
rcte,count,74,1,8.09,ok
closure,count,74,1,6.214,ok
rcte,count,74,2,6.136,ok
closure,count,74,2,5.669,ok
ltree_resolver,count,74,2,176.618,ok
closure,count,74,3,7.368,ok
ltree_resolver,count,74,3,196.652,ok
rcte,count,74,3,7.822,ok
rcte,count,75,1,8.538,ok
closure,count,75,1,6.543,ok
ltree_resolver,count,75,1,186.684,ok
closure,count,75,2,7.121,ok
ltree_resolver,count,75,2,184.069,ok
rcte,count,75,2,6.651,ok
ltree_resolver,count,75,3,215.138,ok
rcte,count,75,3,10.253,ok
closure,count,75,3,7.854,ok
closure,count,76,1,11.347,ok
ltree_resolver,count,76,1,185.651,ok
rcte,count,76,1,10.749,ok
ltree_resolver,count,76,2,188.985,ok
rcte,count,76,2,10.956,ok
closure,count,76,2,10.546,ok
rcte,count,76,3,12.378,ok
closure,count,76,3,9.177,ok
ltree_resolver,count,76,3,184.996,ok
ltree_resolver,count,77,1,189.287,ok
rcte,count,77,1,7.262,ok
closure,count,77,1,5.387,ok
rcte,count,77,2,5.533,ok
closure,count,77,2,5.183,ok
ltree_resolver,count,77,2,189.083,ok
closure,count,77,3,5.875,ok
ltree_resolver,count,77,3,178.026,ok
rcte,count,77,3,6.649,ok
rcte,count,78,1,21.311,ok
closure,count,78,1,14.655,ok
ltree_resolver,count,78,1,196.13,ok
closure,count,78,2,12.484,ok
ltree_resolver,count,78,2,179.655,ok
rcte,count,78,2,13.763,ok
ltree_resolver,count,78,3,211.042,ok
rcte,count,78,3,13.957,ok
closure,count,78,3,12.594,ok
closure,count,79,1,7.017,ok
ltree_resolver,count,79,1,188.884,ok
rcte,count,79,1,6.779,ok
ltree_resolver,count,79,2,197.502,ok
rcte,count,79,2,9.022,ok
closure,count,79,2,5.457,ok
rcte,count,79,3,6.344,ok
closure,count,79,3,5.614,ok
ltree_resolver,count,79,3,192.216,ok
ltree_resolver,count,80,1,214.846,ok
rcte,count,80,1,12.655,ok
closure,count,80,1,8.532,ok
rcte,count,80,2,8.989,ok
closure,count,80,2,11.965,ok
ltree_resolver,count,80,2,195.846,ok
closure,count,80,3,9.378,ok
ltree_resolver,count,80,3,215.946,ok
rcte,count,80,3,10.016,ok
rcte,count,81,1,91.849,ok
closure,count,81,1,78.363,ok
ltree_resolver,count,81,1,220.928,ok
closure,count,81,2,82.299,ok
ltree_resolver,count,81,2,280.821,ok
rcte,count,81,2,128.956,ok
ltree_resolver,count,81,3,204.951,ok
rcte,count,81,3,77.646,ok
closure,count,81,3,96.641,ok
closure,count,82,1,28.372,ok
ltree_resolver,count,82,1,215.212,ok
rcte,count,82,1,33.749,ok
ltree_resolver,count,82,2,251.632,ok
rcte,count,82,2,27.565,ok
closure,count,82,2,27.399,ok
rcte,count,82,3,25.927,ok
closure,count,82,3,21.647,ok
ltree_resolver,count,82,3,212.506,ok
ltree_resolver,count,83,1,223.835,ok
rcte,count,83,1,16.61,ok
closure,count,83,1,9.472,ok
rcte,count,83,2,9.97,ok
closure,count,83,2,8.685,ok
ltree_resolver,count,83,2,221.529,ok
closure,count,83,3,9.263,ok
ltree_resolver,count,83,3,203.636,ok
rcte,count,83,3,15.272,ok
rcte,count,84,1,10.911,ok
closure,count,84,1,9.01,ok
ltree_resolver,count,84,1,207.816,ok
closure,count,84,2,9.343,ok
ltree_resolver,count,84,2,231.185,ok
rcte,count,84,2,14.341,ok
ltree_resolver,count,84,3,193.402,ok
rcte,count,84,3,10.495,ok
closure,count,84,3,9.438,ok
closure,count,85,1,85.927,ok
ltree_resolver,count,85,1,212.151,ok
rcte,count,85,1,80.486,ok
ltree_resolver,count,85,2,192.01,ok
rcte,count,85,2,84.665,ok
closure,count,85,2,80.24,ok
rcte,count,85,3,80.199,ok
closure,count,85,3,77.98,ok
ltree_resolver,count,85,3,188.351,ok
ltree_resolver,count,86,1,203.7,ok
rcte,count,86,1,19.065,ok
closure,count,86,1,15.323,ok
rcte,count,86,2,16.637,ok
closure,count,86,2,14.363,ok
ltree_resolver,count,86,2,190.918,ok
closure,count,86,3,15.006,ok
ltree_resolver,count,86,3,204.514,ok
rcte,count,86,3,14.698,ok
rcte,count,87,1,10.053,ok
closure,count,87,1,7.733,ok
ltree_resolver,count,87,1,196.272,ok
closure,count,87,2,8.633,ok
ltree_resolver,count,87,2,231.252,ok
rcte,count,87,2,9.888,ok
ltree_resolver,count,87,3,184.264,ok
rcte,count,87,3,8.606,ok
closure,count,87,3,7.833,ok
closure,count,88,1,49.451,ok
ltree_resolver,count,88,1,215.551,ok
rcte,count,88,1,38.122,ok
ltree_resolver,count,88,2,192.914,ok
rcte,count,88,2,25.39,ok
closure,count,88,2,23.213,ok
rcte,count,88,3,23.784,ok
closure,count,88,3,22.845,ok
ltree_resolver,count,88,3,218.552,ok
ltree_resolver,count,89,1,205.076,ok
rcte,count,89,1,28.36,ok
closure,count,89,1,21.898,ok
rcte,count,89,2,22.508,ok
closure,count,89,2,21.679,ok
ltree_resolver,count,89,2,197.142,ok
closure,count,89,3,24.754,ok
ltree_resolver,count,89,3,201.628,ok
rcte,count,89,3,23.761,ok
rcte,count,90,1,99.767,ok
closure,count,90,1,86.854,ok
ltree_resolver,count,90,1,203.767,ok
closure,count,90,2,81.604,ok
ltree_resolver,count,90,2,206.974,ok
rcte,count,90,2,87.139,ok
ltree_resolver,count,90,3,190.841,ok
rcte,count,90,3,84.26,ok
closure,count,90,3,92.341,ok
closure,count,91,1,9.845,ok
ltree_resolver,count,91,1,194.681,ok
rcte,count,91,1,9.187,ok
ltree_resolver,count,91,2,187.023,ok
rcte,count,91,2,8.378,ok
closure,count,91,2,7.908,ok
rcte,count,91,3,8.162,ok
closure,count,91,3,6.769,ok
ltree_resolver,count,91,3,196.784,ok
ltree_resolver,count,92,1,206.737,ok
rcte,count,92,1,21.137,ok
closure,count,92,1,16.567,ok
rcte,count,92,2,13.886,ok
closure,count,92,2,16.947,ok
ltree_resolver,count,92,2,250.985,ok
closure,count,92,3,15.509,ok
ltree_resolver,count,92,3,246.709,ok
rcte,count,92,3,21.694,ok
rcte,count,93,1,25.822,ok
closure,count,93,1,21.852,ok
ltree_resolver,count,93,1,199.734,ok
closure,count,93,2,21.884,ok
ltree_resolver,count,93,2,215.887,ok
rcte,count,93,2,19.327,ok
ltree_resolver,count,93,3,211.634,ok
rcte,count,93,3,21.305,ok
closure,count,93,3,16.994,ok
closure,count,94,1,27.949,ok
ltree_resolver,count,94,1,258.624,ok
rcte,count,94,1,34.638,ok
ltree_resolver,count,94,2,208.751,ok
rcte,count,94,2,25.374,ok
closure,count,94,2,25.232,ok
rcte,count,94,3,24.922,ok
closure,count,94,3,23.766,ok
ltree_resolver,count,94,3,249.741,ok
ltree_resolver,count,95,1,266.736,ok
rcte,count,95,1,21.335,ok
closure,count,95,1,14.922,ok
rcte,count,95,2,17.828,ok
closure,count,95,2,19.104,ok
ltree_resolver,count,95,2,223.612,ok
closure,count,95,3,13.901,ok
ltree_resolver,count,95,3,228.166,ok
rcte,count,95,3,20.946,ok
rcte,count,96,1,12.244,ok
closure,count,96,1,9.19,ok
ltree_resolver,count,96,1,200.858,ok
closure,count,96,2,9.763,ok
ltree_resolver,count,96,2,222.08,ok
rcte,count,96,2,9.862,ok
ltree_resolver,count,96,3,270.544,ok
rcte,count,96,3,13.432,ok
closure,count,96,3,12.244,ok
closure,count,97,1,9.985,ok
ltree_resolver,count,97,1,240.918,ok
rcte,count,97,1,10.688,ok
ltree_resolver,count,97,2,256.595,ok
rcte,count,97,2,11.389,ok
closure,count,97,2,6.299,ok
rcte,count,97,3,6.754,ok
closure,count,97,3,5.481,ok
ltree_resolver,count,97,3,227.628,ok
ltree_resolver,count,98,1,213.814,ok
rcte,count,98,1,17.047,ok
closure,count,98,1,12.71,ok
rcte,count,98,2,12.898,ok
closure,count,98,2,11.956,ok
ltree_resolver,count,98,2,208.25,ok
closure,count,98,3,12.621,ok
ltree_resolver,count,98,3,218.06,ok
rcte,count,98,3,14.379,ok
rcte,count,99,1,12.27,ok
closure,count,99,1,8.546,ok
ltree_resolver,count,99,1,201.059,ok
closure,count,99,2,8.671,ok
ltree_resolver,count,99,2,213.271,ok
rcte,count,99,2,8.953,ok
ltree_resolver,count,99,3,195.558,ok
rcte,count,99,3,8.8,ok
closure,count,99,3,8.455,ok
closure,count,100,1,11.707,ok
ltree_resolver,count,100,1,201.342,ok
rcte,count,100,1,11.104,ok
ltree_resolver,count,100,2,204.705,ok
rcte,count,100,2,9.543,ok
closure,count,100,2,9.37,ok
rcte,count,100,3,9.476,ok
closure,count,100,3,9.048,ok
ltree_resolver,count,100,3,187.617,ok
ltree_resolver,count,101,1,189.996,ok
rcte,count,101,1,95.202,ok
closure,count,101,1,90.306,ok
rcte,count,101,2,89.152,ok
closure,count,101,2,83.809,ok
ltree_resolver,count,101,2,207.39,ok
closure,count,101,3,101.94,ok
ltree_resolver,count,101,3,208.215,ok
rcte,count,101,3,83.008,ok
rcte,count,102,1,6.682,ok
closure,count,102,1,6.178,ok
ltree_resolver,count,102,1,649.786,ok
closure,count,102,2,5.403,ok
ltree_resolver,count,102,2,549.308,ok
rcte,count,102,2,6.18,ok
ltree_resolver,count,102,3,553.954,ok
rcte,count,102,3,7.217,ok
closure,count,102,3,6.487,ok
closure,count,103,1,1.547,ok
ltree_resolver,count,103,1,617.039,ok
rcte,count,103,1,1.973,ok
ltree_resolver,count,103,2,592.281,ok
rcte,count,103,2,1.611,ok
closure,count,103,2,1.087,ok
rcte,count,103,3,1.037,ok
closure,count,103,3,0.896,ok
ltree_resolver,count,103,3,584.075,ok
ltree_resolver,count,104,1,520.269,ok
rcte,count,104,1,8.21,ok
closure,count,104,1,2.179,ok
rcte,count,104,2,1.56,ok
closure,count,104,2,1.758,ok
ltree_resolver,count,104,2,549.668,ok
closure,count,104,3,2.066,ok
ltree_resolver,count,104,3,572.99,ok
rcte,count,104,3,6.16,ok
rcte,count,105,1,4.139,ok
closure,count,105,1,1.928,ok
ltree_resolver,count,105,1,718.071,ok
closure,count,105,2,1.479,ok
ltree_resolver,count,105,2,500.608,ok
rcte,count,105,2,1.655,ok
ltree_resolver,count,105,3,513.399,ok
rcte,count,105,3,1.713,ok
closure,count,105,3,1.307,ok
closure,count,106,1,2.137,ok
ltree_resolver,count,106,1,496.491,ok
rcte,count,106,1,2.333,ok
ltree_resolver,count,106,2,495.964,ok
rcte,count,106,2,2.118,ok
closure,count,106,2,1.646,ok
rcte,count,106,3,1.583,ok
closure,count,106,3,1.927,ok
ltree_resolver,count,106,3,511.768,ok
ltree_resolver,count,107,1,512.75,ok
rcte,count,107,1,3.476,ok
closure,count,107,1,2.342,ok
rcte,count,107,2,2.472,ok
closure,count,107,2,2.119,ok
ltree_resolver,count,107,2,568.888,ok
closure,count,107,3,2.879,ok
ltree_resolver,count,107,3,568.877,ok
rcte,count,107,3,2.816,ok
rcte,count,108,1,2.163,ok
closure,count,108,1,1.72,ok
ltree_resolver,count,108,1,558.856,ok
closure,count,108,2,2.195,ok
ltree_resolver,count,108,2,569.742,ok
rcte,count,108,2,2.159,ok
ltree_resolver,count,108,3,513.096,ok
rcte,count,108,3,2.234,ok
closure,count,108,3,2.741,ok
closure,count,109,1,5.756,ok
ltree_resolver,count,109,1,553.329,ok
rcte,count,109,1,4.7,ok
ltree_resolver,count,109,2,563.79,ok
rcte,count,109,2,4.913,ok
closure,count,109,2,5.439,ok
rcte,count,109,3,4.848,ok
closure,count,109,3,4.321,ok
ltree_resolver,count,109,3,508.876,ok
ltree_resolver,count,110,1,542.56,ok
rcte,count,110,1,2.349,ok
closure,count,110,1,1.899,ok
rcte,count,110,2,1.682,ok
closure,count,110,2,1.577,ok
ltree_resolver,count,110,2,570.125,ok
closure,count,110,3,1.806,ok
ltree_resolver,count,110,3,486.194,ok
rcte,count,110,3,1.862,ok
rcte,count,111,1,2.769,ok
closure,count,111,1,2.54,ok
ltree_resolver,count,111,1,594.595,ok
closure,count,111,2,3.57,ok
ltree_resolver,count,111,2,532.485,ok
rcte,count,111,2,2.563,ok
ltree_resolver,count,111,3,537.666,ok
rcte,count,111,3,2.786,ok
closure,count,111,3,1.888,ok
closure,count,112,1,5.101,ok
ltree_resolver,count,112,1,199.933,ok
rcte,count,112,1,3.938,ok
ltree_resolver,count,112,2,177.741,ok
rcte,count,112,2,3.097,ok
closure,count,112,2,2.688,ok
rcte,count,112,3,2.481,ok
closure,count,112,3,2.526,ok
ltree_resolver,count,112,3,186.879,ok
ltree_resolver,count,113,1,183.622,ok
rcte,count,113,1,1.999,ok
closure,count,113,1,1.316,ok
rcte,count,113,2,1.17,ok
closure,count,113,2,1.123,ok
ltree_resolver,count,113,2,177.911,ok
closure,count,113,3,2.52,ok
ltree_resolver,count,113,3,183.791,ok
rcte,count,113,3,2.225,ok
rcte,count,114,1,2.247,ok
closure,count,114,1,1.597,ok
ltree_resolver,count,114,1,177.71,ok
closure,count,114,2,1.852,ok
ltree_resolver,count,114,2,173.601,ok
rcte,count,114,2,1.968,ok
ltree_resolver,count,114,3,178.296,ok
rcte,count,114,3,2.608,ok
closure,count,114,3,1.453,ok
closure,count,115,1,1.649,ok
ltree_resolver,count,115,1,188.613,ok
rcte,count,115,1,1.681,ok
ltree_resolver,count,115,2,190.272,ok
rcte,count,115,2,1.949,ok
closure,count,115,2,1.514,ok
rcte,count,115,3,1.676,ok
closure,count,115,3,2.29,ok
ltree_resolver,count,115,3,220.071,ok
ltree_resolver,count,116,1,192.611,ok
rcte,count,116,1,2.518,ok
closure,count,116,1,2.052,ok
rcte,count,116,2,2.19,ok
closure,count,116,2,1.955,ok
ltree_resolver,count,116,2,185.26,ok
closure,count,116,3,2.515,ok
ltree_resolver,count,116,3,179.021,ok
rcte,count,116,3,2.107,ok
rcte,count,117,1,1.664,ok
closure,count,117,1,1.254,ok
ltree_resolver,count,117,1,185.69,ok
closure,count,117,2,1.638,ok
ltree_resolver,count,117,2,192.452,ok
rcte,count,117,2,1.358,ok
ltree_resolver,count,117,3,181.922,ok
rcte,count,117,3,1.392,ok
closure,count,117,3,1.101,ok
closure,count,118,1,2.569,ok
ltree_resolver,count,118,1,182.77,ok
rcte,count,118,1,2.477,ok
ltree_resolver,count,118,2,180.239,ok
rcte,count,118,2,2.262,ok
closure,count,118,2,1.889,ok
rcte,count,118,3,1.919,ok
closure,count,118,3,1.682,ok
ltree_resolver,count,118,3,190.687,ok
ltree_resolver,count,119,1,186.221,ok
rcte,count,119,1,2.051,ok
closure,count,119,1,1.698,ok
rcte,count,119,2,1.576,ok
closure,count,119,2,1.275,ok
ltree_resolver,count,119,2,172.342,ok
closure,count,119,3,1.612,ok
ltree_resolver,count,119,3,181.397,ok
rcte,count,119,3,2.255,ok
rcte,count,120,1,1.963,ok
closure,count,120,1,1.475,ok
ltree_resolver,count,120,1,192.482,ok
closure,count,120,2,1.729,ok
ltree_resolver,count,120,2,181.15,ok
rcte,count,120,2,1.748,ok
ltree_resolver,count,120,3,183.22,ok
rcte,count,120,3,2.384,ok
closure,count,120,3,1.897,ok
closure,count,121,1,1.893,ok
ltree_resolver,count,121,1,192.485,ok
rcte,count,121,1,2.125,ok
ltree_resolver,count,121,2,173.932,ok
rcte,count,121,2,2.059,ok
closure,count,121,2,1.435,ok
rcte,count,121,3,1.555,ok
closure,count,121,3,1.267,ok
ltree_resolver,count,121,3,170.691,ok
ltree_resolver,count,122,1,187.553,ok
rcte,count,122,1,3.647,ok
closure,count,122,1,2.796,ok
rcte,count,122,2,2.563,ok
closure,count,122,2,2.876,ok
ltree_resolver,count,122,2,191.145,ok
closure,count,122,3,3.224,ok
ltree_resolver,count,122,3,173.516,ok
rcte,count,122,3,3.199,ok
rcte,count,123,1,6.83,ok
closure,count,123,1,5.712,ok
ltree_resolver,count,123,1,177.964,ok
closure,count,123,2,7.914,ok
ltree_resolver,count,123,2,211.34,ok
rcte,count,123,2,8.284,ok
ltree_resolver,count,123,3,188.213,ok
rcte,count,123,3,6.389,ok
closure,count,123,3,6.68,ok
closure,count,124,1,2.049,ok
ltree_resolver,count,124,1,187.377,ok
rcte,count,124,1,2.424,ok
ltree_resolver,count,124,2,178.889,ok
rcte,count,124,2,1.486,ok
closure,count,124,2,1.041,ok
rcte,count,124,3,1.173,ok
closure,count,124,3,0.944,ok
ltree_resolver,count,124,3,170.596,ok
ltree_resolver,count,125,1,199.075,ok
rcte,count,125,1,1.438,ok
closure,count,125,1,1.037,ok
rcte,count,125,2,1.102,ok
closure,count,125,2,1.125,ok
ltree_resolver,count,125,2,192.18,ok
closure,count,125,3,1.102,ok
ltree_resolver,count,125,3,200.504,ok
rcte,count,125,3,1.903,ok
rcte,count,126,1,1.873,ok
closure,count,126,1,1.447,ok
ltree_resolver,count,126,1,194.229,ok
closure,count,126,2,4.377,ok
ltree_resolver,count,126,2,207.931,ok
rcte,count,126,2,2.227,ok
ltree_resolver,count,126,3,176.171,ok
rcte,count,126,3,2.015,ok
closure,count,126,3,1.431,ok
closure,count,127,1,2.292,ok
ltree_resolver,count,127,1,219.366,ok
rcte,count,127,1,7.611,ok
ltree_resolver,count,127,2,198.46,ok
rcte,count,127,2,2.629,ok
closure,count,127,2,1.915,ok
rcte,count,127,3,1.812,ok
closure,count,127,3,2.26,ok
ltree_resolver,count,127,3,191.714,ok
ltree_resolver,count,128,1,185.389,ok
rcte,count,128,1,2.567,ok
closure,count,128,1,1.851,ok
rcte,count,128,2,1.646,ok
closure,count,128,2,1.778,ok
ltree_resolver,count,128,2,191.582,ok
closure,count,128,3,2.331,ok
ltree_resolver,count,128,3,195.069,ok
rcte,count,128,3,2.985,ok
rcte,count,129,1,3.423,ok
closure,count,129,1,2.255,ok
ltree_resolver,count,129,1,171.77,ok
closure,count,129,2,2.363,ok
ltree_resolver,count,129,2,197.996,ok
rcte,count,129,2,2.917,ok
ltree_resolver,count,129,3,176.015,ok
rcte,count,129,3,2.705,ok
closure,count,129,3,2.67,ok
closure,count,130,1,1.678,ok
ltree_resolver,count,130,1,174.493,ok
rcte,count,130,1,1.853,ok
ltree_resolver,count,130,2,191.108,ok
rcte,count,130,2,1.751,ok
closure,count,130,2,1.29,ok
rcte,count,130,3,1.21,ok
closure,count,130,3,1.198,ok
ltree_resolver,count,130,3,184.16,ok
ltree_resolver,count,131,1,182.813,ok
rcte,count,131,1,6.075,ok
closure,count,131,1,5.029,ok
rcte,count,131,2,5.232,ok
closure,count,131,2,5.054,ok
ltree_resolver,count,131,2,197.97,ok
closure,count,131,3,5.543,ok
ltree_resolver,count,131,3,186.401,ok
rcte,count,131,3,6.926,ok
rcte,count,132,1,1.592,ok
closure,count,132,1,1.989,ok
ltree_resolver,count,132,1,204.901,ok
closure,count,132,2,1.345,ok
ltree_resolver,count,132,2,200.572,ok
rcte,count,132,2,1.43,ok
ltree_resolver,count,132,3,199.449,ok
rcte,count,132,3,1.621,ok
closure,count,132,3,1.4,ok
closure,count,133,1,1.963,ok
ltree_resolver,count,133,1,183.247,ok
rcte,count,133,1,2.419,ok
ltree_resolver,count,133,2,172.932,ok
rcte,count,133,2,2.389,ok
closure,count,133,2,2.081,ok
rcte,count,133,3,2.375,ok
closure,count,133,3,1.77,ok
ltree_resolver,count,133,3,188.869,ok
ltree_resolver,count,134,1,220.423,ok
rcte,count,134,1,2.552,ok
closure,count,134,1,1.935,ok
rcte,count,134,2,1.663,ok
closure,count,134,2,1.311,ok
ltree_resolver,count,134,2,211.333,ok
closure,count,134,3,1.987,ok
ltree_resolver,count,134,3,225.534,ok
rcte,count,134,3,1.948,ok
rcte,count,135,1,62.772,ok
closure,count,135,1,65.627,ok
ltree_resolver,count,135,1,194.731,ok
closure,count,135,2,57.628,ok
ltree_resolver,count,135,2,205.806,ok
rcte,count,135,2,85.883,ok
ltree_resolver,count,135,3,209.135,ok
rcte,count,135,3,51.47,ok
closure,count,135,3,79.074,ok
closure,count,136,1,4.052,ok
ltree_resolver,count,136,1,187.916,ok
rcte,count,136,1,2.56,ok
ltree_resolver,count,136,2,191.569,ok
rcte,count,136,2,2.824,ok
closure,count,136,2,2.45,ok
rcte,count,136,3,10.711,ok
closure,count,136,3,4.434,ok
ltree_resolver,count,136,3,228.925,ok
ltree_resolver,count,137,1,224.466,ok
rcte,count,137,1,6.052,ok
closure,count,137,1,5.06,ok
rcte,count,137,2,4.901,ok
closure,count,137,2,4.719,ok
ltree_resolver,count,137,2,191.713,ok
closure,count,137,3,7.685,ok
ltree_resolver,count,137,3,216.382,ok
rcte,count,137,3,6.642,ok
rcte,count,138,1,2.165,ok
closure,count,138,1,1.49,ok
ltree_resolver,count,138,1,219.859,ok
closure,count,138,2,2.229,ok
ltree_resolver,count,138,2,212.925,ok
rcte,count,138,2,2.294,ok
ltree_resolver,count,138,3,179.505,ok
rcte,count,138,3,2.291,ok
closure,count,138,3,1.62,ok
closure,count,139,1,1.841,ok
ltree_resolver,count,139,1,209.599,ok
rcte,count,139,1,2.013,ok
ltree_resolver,count,139,2,182.32,ok
rcte,count,139,2,2.043,ok
closure,count,139,2,1.526,ok
rcte,count,139,3,1.71,ok
closure,count,139,3,1.346,ok
ltree_resolver,count,139,3,189.019,ok
ltree_resolver,count,140,1,210.722,ok
rcte,count,140,1,53.458,ok
closure,count,140,1,55.794,ok
rcte,count,140,2,54.697,ok
closure,count,140,2,57.493,ok
ltree_resolver,count,140,2,193.332,ok
closure,count,140,3,60.294,ok
ltree_resolver,count,140,3,207.205,ok
rcte,count,140,3,63.552,ok
rcte,count,141,1,1.604,ok
closure,count,141,1,1.061,ok
ltree_resolver,count,141,1,228.692,ok
closure,count,141,2,1.253,ok
ltree_resolver,count,141,2,203.257,ok
rcte,count,141,2,1.468,ok
ltree_resolver,count,141,3,189.301,ok
rcte,count,141,3,1.751,ok
closure,count,141,3,1.429,ok
closure,count,142,1,3.334,ok
ltree_resolver,count,142,1,229.417,ok
rcte,count,142,1,3.522,ok
ltree_resolver,count,142,2,214.271,ok
rcte,count,142,2,2.219,ok
closure,count,142,2,1.794,ok
rcte,count,142,3,1.675,ok
closure,count,142,3,1.809,ok
ltree_resolver,count,142,3,195.794,ok
ltree_resolver,count,143,1,187.664,ok
rcte,count,143,1,4.128,ok
closure,count,143,1,1.734,ok
rcte,count,143,2,1.564,ok
closure,count,143,2,1.218,ok
ltree_resolver,count,143,2,186.342,ok
closure,count,143,3,1.929,ok
ltree_resolver,count,143,3,205.653,ok
rcte,count,143,3,1.821,ok
rcte,count,144,1,5.844,ok
closure,count,144,1,5.092,ok
ltree_resolver,count,144,1,202.635,ok
closure,count,144,2,4.856,ok
ltree_resolver,count,144,2,193.474,ok
rcte,count,144,2,4.684,ok
ltree_resolver,count,144,3,195.498,ok
rcte,count,144,3,6.149,ok
closure,count,144,3,4.555,ok
closure,count,145,1,6.147,ok
ltree_resolver,count,145,1,185.509,ok
rcte,count,145,1,5.693,ok
ltree_resolver,count,145,2,183.035,ok
rcte,count,145,2,5.466,ok
closure,count,145,2,5.106,ok
rcte,count,145,3,5.271,ok
closure,count,145,3,5.126,ok
ltree_resolver,count,145,3,193.41,ok
ltree_resolver,count,146,1,186.842,ok
rcte,count,146,1,2.068,ok
closure,count,146,1,1.269,ok
rcte,count,146,2,1.134,ok
closure,count,146,2,1.554,ok
ltree_resolver,count,146,2,201.484,ok
closure,count,146,3,1.722,ok
ltree_resolver,count,146,3,196.534,ok
rcte,count,146,3,2.884,ok
rcte,count,147,1,58.662,ok
closure,count,147,1,66.833,ok
ltree_resolver,count,147,1,212.864,ok
closure,count,147,2,57.223,ok
ltree_resolver,count,147,2,192.642,ok
rcte,count,147,2,53.687,ok
ltree_resolver,count,147,3,176.596,ok
rcte,count,147,3,51.663,ok
closure,count,147,3,53.356,ok
closure,count,148,1,4.192,ok
ltree_resolver,count,148,1,201.675,ok
rcte,count,148,1,3.912,ok
ltree_resolver,count,148,2,181.404,ok
rcte,count,148,2,3.574,ok
closure,count,148,2,3.153,ok
rcte,count,148,3,3.112,ok
closure,count,148,3,3.0,ok
ltree_resolver,count,148,3,175.579,ok
ltree_resolver,count,149,1,181.254,ok
rcte,count,149,1,1.977,ok
closure,count,149,1,1.32,ok
rcte,count,149,2,1.473,ok
closure,count,149,2,1.382,ok
ltree_resolver,count,149,2,191.746,ok
closure,count,149,3,1.61,ok
ltree_resolver,count,149,3,187.377,ok
rcte,count,149,3,1.579,ok
rcte,count,150,1,4.763,ok
closure,count,150,1,2.763,ok
ltree_resolver,count,150,1,170.66,ok
closure,count,150,2,2.646,ok
ltree_resolver,count,150,2,183.903,ok
rcte,count,150,2,5.362,ok
ltree_resolver,count,150,3,195.4,ok
rcte,count,150,3,2.88,ok
closure,count,150,3,2.606,ok
closure,count,151,1,53.371,ok
ltree_resolver,count,151,1,187.136,ok
rcte,count,151,1,52.538,ok
ltree_resolver,count,151,2,219.232,ok
rcte,count,151,2,52.231,ok
closure,count,151,2,51.542,ok
rcte,count,151,3,50.861,ok
closure,count,151,3,50.956,ok
ltree_resolver,count,151,3,188.043,ok
ltree_resolver,count,152,1,626.828,ok
rcte,count,152,1,60.402,ok
closure,count,152,1,84.118,ok
rcte,count,152,2,94.457,ok
closure,count,152,2,67.423,ok
ltree_resolver,count,152,2,568.329,ok
closure,count,152,3,65.204,ok
ltree_resolver,count,152,3,626.184,ok
rcte,count,152,3,63.968,ok
rcte,count,153,1,1.91,ok
closure,count,153,1,1.412,ok
ltree_resolver,count,153,1,545.425,ok
closure,count,153,2,1.682,ok
ltree_resolver,count,153,2,592.131,ok
rcte,count,153,2,2.189,ok
ltree_resolver,count,153,3,542.669,ok
rcte,count,153,3,1.652,ok
closure,count,153,3,1.254,ok
closure,count,154,1,2.429,ok
ltree_resolver,count,154,1,504.784,ok
rcte,count,154,1,1.472,ok
ltree_resolver,count,154,2,531.256,ok
rcte,count,154,2,1.61,ok
closure,count,154,2,0.941,ok
rcte,count,154,3,0.878,ok
closure,count,154,3,0.853,ok
ltree_resolver,count,154,3,564.643,ok
ltree_resolver,count,155,1,525.599,ok
rcte,count,155,1,1.24,ok
closure,count,155,1,0.778,ok
rcte,count,155,2,0.779,ok
closure,count,155,2,0.731,ok
ltree_resolver,count,155,2,586.591,ok
closure,count,155,3,0.923,ok
ltree_resolver,count,155,3,694.781,ok
rcte,count,155,3,2.068,ok
rcte,count,157,1,5.14,ok
closure,count,157,1,3.487,ok
ltree_resolver,count,157,1,635.199,ok
closure,count,157,2,6.248,ok
ltree_resolver,count,157,2,582.798,ok
rcte,count,157,2,3.877,ok
ltree_resolver,count,157,3,493.447,ok
rcte,count,157,3,3.769,ok
closure,count,157,3,3.477,ok
closure,count,158,1,0.799,ok
ltree_resolver,count,158,1,476.235,ok
rcte,count,158,1,1.199,ok
ltree_resolver,count,158,2,530.092,ok
rcte,count,158,2,1.181,ok
closure,count,158,2,0.609,ok
rcte,count,158,3,1.062,ok
closure,count,158,3,0.649,ok
ltree_resolver,count,158,3,476.418,ok
ltree_resolver,count,159,1,525.271,ok
rcte,count,159,1,1.389,ok
closure,count,159,1,1.125,ok
rcte,count,159,2,0.932,ok
closure,count,159,2,0.818,ok
ltree_resolver,count,159,2,593.949,ok
closure,count,159,3,0.939,ok
ltree_resolver,count,159,3,533.387,ok
rcte,count,159,3,1.241,ok
rcte,count,160,1,1.092,ok
closure,count,160,1,0.853,ok
ltree_resolver,count,160,1,562.053,ok
closure,count,160,2,1.305,ok
ltree_resolver,count,160,2,600.123,ok
rcte,count,160,2,1.207,ok
ltree_resolver,count,160,3,693.703,ok
rcte,count,160,3,1.412,ok
closure,count,160,3,0.927,ok
closure,count,161,1,1.037,ok
ltree_resolver,count,161,1,552.278,ok
rcte,count,161,1,1.518,ok
ltree_resolver,count,161,2,538.712,ok
rcte,count,161,2,1.118,ok
closure,count,161,2,0.83,ok
rcte,count,161,3,0.676,ok
closure,count,161,3,0.629,ok
ltree_resolver,count,161,3,491.475,ok
ltree_resolver,count,163,1,527.086,ok
rcte,count,163,1,6.553,ok
closure,count,163,1,5.714,ok
rcte,count,163,2,5.987,ok
closure,count,163,2,5.62,ok
ltree_resolver,count,163,2,551.962,ok
closure,count,163,3,7.85,ok
ltree_resolver,count,163,3,472.528,ok
rcte,count,163,3,5.698,ok
rcte,count,164,1,1.641,ok
closure,count,164,1,0.921,ok
ltree_resolver,count,164,1,166.507,ok
closure,count,164,2,1.099,ok
ltree_resolver,count,164,2,170.142,ok
rcte,count,164,2,1.221,ok
ltree_resolver,count,164,3,177.058,ok
rcte,count,164,3,1.043,ok
closure,count,164,3,0.588,ok
closure,count,165,1,1.324,ok
ltree_resolver,count,165,1,184.387,ok
rcte,count,165,1,1.748,ok
ltree_resolver,count,165,2,173.46,ok
rcte,count,165,2,1.631,ok
closure,count,165,2,1.305,ok
rcte,count,165,3,1.145,ok
closure,count,165,3,0.945,ok
ltree_resolver,count,165,3,190.392,ok
ltree_resolver,count,166,1,243.578,ok
rcte,count,166,1,1.511,ok
closure,count,166,1,0.976,ok
rcte,count,166,2,1.328,ok
closure,count,166,2,1.2,ok
ltree_resolver,count,166,2,220.382,ok
closure,count,166,3,1.438,ok
ltree_resolver,count,166,3,224.254,ok
rcte,count,166,3,1.3,ok
rcte,count,167,1,2.008,ok
closure,count,167,1,1.707,ok
ltree_resolver,count,167,1,182.236,ok
closure,count,167,2,1.985,ok
ltree_resolver,count,167,2,182.68,ok
rcte,count,167,2,1.967,ok
ltree_resolver,count,167,3,176.946,ok
rcte,count,167,3,2.097,ok
closure,count,167,3,1.816,ok
closure,count,168,1,1.293,ok
ltree_resolver,count,168,1,173.672,ok
rcte,count,168,1,1.721,ok
ltree_resolver,count,168,2,182.111,ok
rcte,count,168,2,1.799,ok
closure,count,168,2,2.368,ok
rcte,count,168,3,1.511,ok
closure,count,168,3,1.489,ok
ltree_resolver,count,168,3,169.93,ok
ltree_resolver,count,169,1,170.02,ok
rcte,count,169,1,0.992,ok
closure,count,169,1,0.615,ok
rcte,count,169,2,0.62,ok
closure,count,169,2,0.496,ok
ltree_resolver,count,169,2,182.957,ok
closure,count,169,3,1.103,ok
ltree_resolver,count,169,3,214.917,ok
rcte,count,169,3,1.034,ok
rcte,count,170,1,1.576,ok
closure,count,170,1,1.304,ok
ltree_resolver,count,170,1,196.193,ok
closure,count,170,2,1.789,ok
ltree_resolver,count,170,2,175.791,ok
rcte,count,170,2,1.701,ok
ltree_resolver,count,170,3,161.59,ok
rcte,count,170,3,1.524,ok
closure,count,170,3,1.534,ok
closure,count,171,1,1.099,ok
ltree_resolver,count,171,1,175.243,ok
rcte,count,171,1,1.291,ok
ltree_resolver,count,171,2,187.598,ok
rcte,count,171,2,1.217,ok
closure,count,171,2,1.024,ok
rcte,count,171,3,0.802,ok
closure,count,171,3,0.535,ok
ltree_resolver,count,171,3,168.25,ok
ltree_resolver,count,172,1,185.469,ok
rcte,count,172,1,48.302,ok
closure,count,172,1,29.925,ok
rcte,count,172,2,31.343,ok
closure,count,172,2,35.047,ok
ltree_resolver,count,172,2,169.3,ok
closure,count,172,3,28.611,ok
ltree_resolver,count,172,3,184.925,ok
rcte,count,172,3,31.644,ok
rcte,count,173,1,1.271,ok
closure,count,173,1,0.852,ok
ltree_resolver,count,173,1,179.297,ok
closure,count,173,2,0.986,ok
ltree_resolver,count,173,2,185.983,ok
rcte,count,173,2,3.586,ok
ltree_resolver,count,173,3,182.875,ok
rcte,count,173,3,2.066,ok
closure,count,173,3,0.955,ok
closure,count,174,1,32.989,ok
ltree_resolver,count,174,1,176.064,ok
rcte,count,174,1,31.242,ok
ltree_resolver,count,174,2,184.912,ok
rcte,count,174,2,32.488,ok
closure,count,174,2,32.139,ok
rcte,count,174,3,33.617,ok
closure,count,174,3,30.739,ok
ltree_resolver,count,174,3,173.13,ok
ltree_resolver,count,175,1,187.784,ok
rcte,count,175,1,2.202,ok
closure,count,175,1,0.849,ok
rcte,count,175,2,1.023,ok
closure,count,175,2,0.601,ok
ltree_resolver,count,175,2,178.431,ok
closure,count,175,3,1.275,ok
ltree_resolver,count,175,3,180.432,ok
rcte,count,175,3,1.127,ok
rcte,count,176,1,1.034,ok
closure,count,176,1,0.794,ok
ltree_resolver,count,176,1,178.361,ok
closure,count,176,2,1.073,ok
ltree_resolver,count,176,2,175.402,ok
rcte,count,176,2,3.083,ok
ltree_resolver,count,176,3,178.478,ok
rcte,count,176,3,1.248,ok
closure,count,176,3,0.713,ok
closure,count,177,1,1.4,ok
ltree_resolver,count,177,1,182.908,ok
rcte,count,177,1,1.609,ok
ltree_resolver,count,177,2,165.538,ok
rcte,count,177,2,1.303,ok
closure,count,177,2,1.018,ok
rcte,count,177,3,1.381,ok
closure,count,177,3,1.171,ok
ltree_resolver,count,177,3,208.035,ok
ltree_resolver,count,178,1,190.518,ok
rcte,count,178,1,1.456,ok
closure,count,178,1,0.929,ok
rcte,count,178,2,0.826,ok
closure,count,178,2,0.624,ok
ltree_resolver,count,178,2,175.281,ok
closure,count,178,3,1.292,ok
ltree_resolver,count,178,3,189.671,ok
rcte,count,178,3,1.345,ok
rcte,count,179,1,4.027,ok
closure,count,179,1,3.48,ok
ltree_resolver,count,179,1,179.478,ok
closure,count,179,2,3.73,ok
ltree_resolver,count,179,2,189.617,ok
rcte,count,179,2,4.271,ok
ltree_resolver,count,179,3,189.875,ok
rcte,count,179,3,4.334,ok
closure,count,179,3,3.741,ok
closure,count,180,1,0.988,ok
ltree_resolver,count,180,1,171.953,ok
rcte,count,180,1,1.004,ok
ltree_resolver,count,180,2,189.376,ok
rcte,count,180,2,1.012,ok
closure,count,180,2,0.605,ok
rcte,count,180,3,0.674,ok
closure,count,180,3,0.537,ok
ltree_resolver,count,180,3,188.365,ok
ltree_resolver,count,181,1,186.903,ok
rcte,count,181,1,3.619,ok
closure,count,181,1,2.909,ok
rcte,count,181,2,2.66,ok
closure,count,181,2,2.635,ok
ltree_resolver,count,181,2,186.221,ok
closure,count,181,3,2.969,ok
ltree_resolver,count,181,3,195.968,ok
rcte,count,181,3,2.913,ok
rcte,count,182,1,1.408,ok
closure,count,182,1,1.056,ok
ltree_resolver,count,182,1,209.426,ok
closure,count,182,2,1.454,ok
ltree_resolver,count,182,2,196.519,ok
rcte,count,182,2,1.203,ok
ltree_resolver,count,182,3,179.634,ok
rcte,count,182,3,1.063,ok
closure,count,182,3,0.648,ok
closure,count,183,1,0.925,ok
ltree_resolver,count,183,1,174.181,ok
rcte,count,183,1,1.204,ok
ltree_resolver,count,183,2,177.83,ok
rcte,count,183,2,0.966,ok
closure,count,183,2,0.586,ok
rcte,count,183,3,0.497,ok
closure,count,183,3,0.439,ok
ltree_resolver,count,183,3,187.853,ok
ltree_resolver,count,184,1,179.175,ok
rcte,count,184,1,1.24,ok
closure,count,184,1,0.837,ok
rcte,count,184,2,0.729,ok
closure,count,184,2,0.603,ok
ltree_resolver,count,184,2,176.326,ok
closure,count,184,3,2.002,ok
ltree_resolver,count,184,3,179.859,ok
rcte,count,184,3,1.09,ok
rcte,count,185,1,1.154,ok
closure,count,185,1,0.719,ok
ltree_resolver,count,185,1,182.107,ok
closure,count,185,2,0.997,ok
ltree_resolver,count,185,2,188.169,ok
rcte,count,185,2,1.069,ok
ltree_resolver,count,185,3,204.937,ok
rcte,count,185,3,1.025,ok
closure,count,185,3,1.023,ok
closure,count,186,1,2.7,ok
ltree_resolver,count,186,1,180.902,ok
rcte,count,186,1,2.54,ok
ltree_resolver,count,186,2,180.165,ok
rcte,count,186,2,3.218,ok
closure,count,186,2,2.215,ok
rcte,count,186,3,2.053,ok
closure,count,186,3,1.776,ok
ltree_resolver,count,186,3,187.936,ok
ltree_resolver,count,187,1,213.303,ok
rcte,count,187,1,3.147,ok
closure,count,187,1,2.257,ok
rcte,count,187,2,2.463,ok
closure,count,187,2,1.928,ok
ltree_resolver,count,187,2,185.689,ok
closure,count,187,3,1.952,ok
ltree_resolver,count,187,3,179.642,ok
rcte,count,187,3,2.432,ok
rcte,count,188,1,1.421,ok
closure,count,188,1,0.771,ok
ltree_resolver,count,188,1,187.904,ok
closure,count,188,2,1.211,ok
ltree_resolver,count,188,2,179.476,ok
rcte,count,188,2,1.244,ok
ltree_resolver,count,188,3,181.646,ok
rcte,count,188,3,1.311,ok
closure,count,188,3,1.183,ok
closure,count,189,1,1.6,ok
ltree_resolver,count,189,1,203.699,ok
rcte,count,189,1,1.713,ok
ltree_resolver,count,189,2,192.613,ok
rcte,count,189,2,1.184,ok
closure,count,189,2,0.828,ok
rcte,count,189,3,0.701,ok
closure,count,189,3,0.598,ok
ltree_resolver,count,189,3,195.126,ok
ltree_resolver,count,190,1,215.481,ok
rcte,count,190,1,2.762,ok
closure,count,190,1,1.508,ok
rcte,count,190,2,1.386,ok
closure,count,190,2,1.406,ok
ltree_resolver,count,190,2,203.297,ok
closure,count,190,3,1.46,ok
ltree_resolver,count,190,3,207.478,ok
rcte,count,190,3,2.032,ok
rcte,count,191,1,1.371,ok
closure,count,191,1,0.986,ok
ltree_resolver,count,191,1,191.691,ok
closure,count,191,2,1.186,ok
ltree_resolver,count,191,2,209.919,ok
rcte,count,191,2,1.334,ok
ltree_resolver,count,191,3,190.808,ok
rcte,count,191,3,1.218,ok
closure,count,191,3,0.928,ok
closure,count,192,1,2.306,ok
ltree_resolver,count,192,1,191.286,ok
rcte,count,192,1,2.085,ok
ltree_resolver,count,192,2,182.586,ok
rcte,count,192,2,1.716,ok
closure,count,192,2,1.391,ok
rcte,count,192,3,1.284,ok
closure,count,192,3,1.533,ok
ltree_resolver,count,192,3,187.704,ok
ltree_resolver,count,193,1,177.372,ok
rcte,count,193,1,2.145,ok
closure,count,193,1,1.274,ok
rcte,count,193,2,0.86,ok
closure,count,193,2,0.809,ok
ltree_resolver,count,193,2,188.298,ok
closure,count,193,3,1.642,ok
ltree_resolver,count,193,3,197.505,ok
rcte,count,193,3,2.164,ok
rcte,count,194,1,1.915,ok
closure,count,194,1,0.7,ok
ltree_resolver,count,194,1,189.773,ok
closure,count,194,2,0.974,ok
ltree_resolver,count,194,2,181.761,ok
rcte,count,194,2,1.189,ok
ltree_resolver,count,194,3,177.464,ok
rcte,count,194,3,1.132,ok
closure,count,194,3,1.177,ok
closure,count,195,1,51.013,ok
ltree_resolver,count,195,1,194.017,ok
rcte,count,195,1,49.102,ok
ltree_resolver,count,195,2,194.409,ok
rcte,count,195,2,35.087,ok
closure,count,195,2,34.175,ok
rcte,count,195,3,42.735,ok
closure,count,195,3,43.305,ok
ltree_resolver,count,195,3,188.417,ok
ltree_resolver,count,196,1,203.334,ok
rcte,count,196,1,2.103,ok
closure,count,196,1,0.972,ok
rcte,count,196,2,0.892,ok
closure,count,196,2,0.762,ok
ltree_resolver,count,196,2,193.456,ok
closure,count,196,3,1.546,ok
ltree_resolver,count,196,3,194.269,ok
rcte,count,196,3,1.192,ok
rcte,count,197,1,2.035,ok
closure,count,197,1,0.751,ok
ltree_resolver,count,197,1,214.516,ok
closure,count,197,2,1.181,ok
ltree_resolver,count,197,2,196.868,ok
rcte,count,197,2,1.233,ok
ltree_resolver,count,197,3,185.855,ok
rcte,count,197,3,0.999,ok
closure,count,197,3,0.712,ok
closure,count,198,1,0.707,ok
ltree_resolver,count,198,1,187.599,ok
rcte,count,198,1,1.063,ok
ltree_resolver,count,198,2,192.434,ok
rcte,count,198,2,1.066,ok
closure,count,198,2,0.875,ok
rcte,count,198,3,0.637,ok
closure,count,198,3,0.541,ok
ltree_resolver,count,198,3,194.56,ok
ltree_resolver,count,199,1,179.685,ok
rcte,count,199,1,40.665,ok
closure,count,199,1,33.616,ok
rcte,count,199,2,35.185,ok
closure,count,199,2,39.7,ok
ltree_resolver,count,199,2,181.607,ok
closure,count,199,3,31.113,ok
ltree_resolver,count,199,3,182.289,ok
rcte,count,199,3,33.69,ok
rcte,count,200,1,1.964,ok
closure,count,200,1,0.812,ok
ltree_resolver,count,200,1,194.604,ok
closure,count,200,2,1.345,ok
ltree_resolver,count,200,2,205.276,ok
rcte,count,200,2,1.072,ok
ltree_resolver,count,200,3,182.418,ok
rcte,count,200,3,1.326,ok
closure,count,200,3,1.121,ok
closure,count,201,1,1.73,ok
ltree_resolver,count,201,1,171.89,ok
rcte,count,201,1,1.677,ok
ltree_resolver,count,201,2,199.473,ok
rcte,count,201,2,1.205,ok
closure,count,201,2,0.749,ok
rcte,count,201,3,0.681,ok
closure,count,201,3,0.689,ok
ltree_resolver,count,201,3,193.733,ok
ltree_resolver,count,202,1,193.356,ok
rcte,count,202,1,1.207,ok
closure,count,202,1,0.784,ok
rcte,count,202,2,0.718,ok
closure,count,202,2,0.82,ok
ltree_resolver,count,202,2,211.048,ok
closure,count,202,3,1.445,ok
ltree_resolver,count,202,3,179.123,ok
rcte,count,202,3,1.157,ok
rcte,count,203,1,0.749,ok
closure,count,203,1,0.577,ok
ltree_resolver,count,203,1,183.724,ok
closure,count,203,2,1.316,ok
ltree_resolver,count,203,2,238.381,ok
rcte,count,203,2,1.238,ok
ltree_resolver,count,203,3,187.798,ok
rcte,count,203,3,1.413,ok
closure,count,203,3,0.965,ok
closure,count,204,1,0.848,ok
ltree_resolver,count,204,1,530.656,ok
rcte,count,204,1,1.028,ok
ltree_resolver,count,204,2,586.721,ok
rcte,count,204,2,0.982,ok
closure,count,204,2,0.485,ok
rcte,count,204,3,0.51,ok
closure,count,204,3,0.411,ok
ltree_resolver,count,204,3,541.098,ok
ltree_resolver,count,205,1,557.143,ok
rcte,count,205,1,0.798,ok
closure,count,205,1,0.622,ok
rcte,count,205,2,0.515,ok
closure,count,205,2,0.375,ok
ltree_resolver,count,205,2,529.561,ok
closure,count,205,3,0.869,ok
ltree_resolver,count,205,3,555.98,ok
rcte,count,205,3,0.949,ok
rcte,count,206,1,0.568,ok
closure,count,206,1,0.38,ok
ltree_resolver,count,206,1,538.956,ok
closure,count,206,2,0.898,ok
ltree_resolver,count,206,2,485.665,ok
rcte,count,206,2,0.796,ok
ltree_resolver,count,206,3,504.567,ok
rcte,count,206,3,0.995,ok
closure,count,206,3,0.776,ok
closure,count,207,1,0.587,ok
ltree_resolver,count,207,1,539.592,ok
rcte,count,207,1,0.89,ok
ltree_resolver,count,207,2,536.186,ok
rcte,count,207,2,0.918,ok
closure,count,207,2,0.623,ok
rcte,count,207,3,0.615,ok
closure,count,207,3,0.527,ok
ltree_resolver,count,207,3,496.981,ok
ltree_resolver,count,208,1,526.549,ok
rcte,count,208,1,1.037,ok
closure,count,208,1,0.852,ok
rcte,count,208,2,0.779,ok
closure,count,208,2,0.552,ok
ltree_resolver,count,208,2,576.184,ok
closure,count,208,3,1.064,ok
ltree_resolver,count,208,3,526.093,ok
rcte,count,208,3,1.204,ok
rcte,count,209,1,0.547,ok
closure,count,209,1,0.494,ok
ltree_resolver,count,209,1,575.666,ok
closure,count,209,2,1.177,ok
ltree_resolver,count,209,2,517.802,ok
rcte,count,209,2,0.84,ok
ltree_resolver,count,209,3,537.653,ok
rcte,count,209,3,1.047,ok
closure,count,209,3,0.92,ok
closure,count,210,1,0.986,ok
ltree_resolver,count,210,1,544.878,ok
rcte,count,210,1,1.223,ok
ltree_resolver,count,210,2,474.274,ok
rcte,count,210,2,1.065,ok
closure,count,210,2,0.656,ok
rcte,count,210,3,0.94,ok
closure,count,210,3,0.79,ok
ltree_resolver,count,210,3,541.624,ok
ltree_resolver,count,211,1,613.068,ok
rcte,count,211,1,1.197,ok
closure,count,211,1,0.863,ok
rcte,count,211,2,0.889,ok
closure,count,211,2,0.925,ok
ltree_resolver,count,211,2,576.677,ok
closure,count,211,3,1.069,ok
ltree_resolver,count,211,3,597.745,ok
rcte,count,211,3,1.589,ok
rcte,count,212,1,0.777,ok
closure,count,212,1,0.641,ok
ltree_resolver,count,212,1,538.502,ok
closure,count,212,2,1.038,ok
ltree_resolver,count,212,2,602.147,ok
rcte,count,212,2,0.915,ok
ltree_resolver,count,212,3,562.332,ok
rcte,count,212,3,0.996,ok
closure,count,212,3,1.795,ok
closure,count,213,1,0.513,ok
ltree_resolver,count,213,1,603.187,ok
rcte,count,213,1,1.046,ok
ltree_resolver,count,213,2,519.622,ok
rcte,count,213,2,1.182,ok
closure,count,213,2,1.065,ok
rcte,count,213,3,0.728,ok
closure,count,213,3,0.757,ok
ltree_resolver,count,213,3,643.102,ok
ltree_resolver,count,214,1,203.029,ok
rcte,count,214,1,0.93,ok
closure,count,214,1,0.596,ok
rcte,count,214,2,0.528,ok
closure,count,214,2,0.544,ok
ltree_resolver,count,214,2,195.453,ok
closure,count,214,3,0.904,ok
ltree_resolver,count,214,3,179.668,ok
rcte,count,214,3,1.076,ok
rcte,count,215,1,0.58,ok
closure,count,215,1,0.422,ok
ltree_resolver,count,215,1,172.707,ok
closure,count,215,2,0.829,ok
ltree_resolver,count,215,2,168.866,ok
rcte,count,215,2,0.812,ok
ltree_resolver,count,215,3,174.114,ok
rcte,count,215,3,1.076,ok
closure,count,215,3,0.601,ok
closure,count,216,1,0.527,ok
ltree_resolver,count,216,1,201.248,ok
rcte,count,216,1,1.3,ok
ltree_resolver,count,216,2,185.899,ok
rcte,count,216,2,1.171,ok
closure,count,216,2,0.739,ok
rcte,count,216,3,0.571,ok
closure,count,216,3,0.536,ok
ltree_resolver,count,216,3,171.613,ok
ltree_resolver,count,217,1,171.97,ok
rcte,count,217,1,0.901,ok
closure,count,217,1,0.49,ok
rcte,count,217,2,0.415,ok
closure,count,217,2,0.755,ok
ltree_resolver,count,217,2,184.979,ok
closure,count,217,3,1.071,ok
ltree_resolver,count,217,3,177.665,ok
rcte,count,217,3,1.079,ok
rcte,count,218,1,1.282,ok
closure,count,218,1,0.733,ok
ltree_resolver,count,218,1,186.254,ok
closure,count,218,2,0.846,ok
ltree_resolver,count,218,2,199.581,ok
rcte,count,218,2,0.927,ok
ltree_resolver,count,218,3,189.404,ok
rcte,count,218,3,1.023,ok
closure,count,218,3,0.702,ok
closure,count,219,1,1.283,ok
ltree_resolver,count,219,1,179.013,ok
rcte,count,219,1,0.837,ok
ltree_resolver,count,219,2,190.187,ok
rcte,count,219,2,1.408,ok
closure,count,219,2,0.922,ok
rcte,count,219,3,0.991,ok
closure,count,219,3,0.549,ok
ltree_resolver,count,219,3,205.418,ok
ltree_resolver,count,220,1,189.456,ok
rcte,count,220,1,1.733,ok
closure,count,220,1,0.879,ok
rcte,count,220,2,0.677,ok
closure,count,220,2,0.754,ok
ltree_resolver,count,220,2,190.977,ok
closure,count,220,3,0.971,ok
ltree_resolver,count,220,3,191.204,ok
rcte,count,220,3,0.982,ok
rcte,count,221,1,1.719,ok
closure,count,221,1,0.731,ok
ltree_resolver,count,221,1,185.945,ok
closure,count,221,2,0.939,ok
ltree_resolver,count,221,2,183.414,ok
rcte,count,221,2,0.966,ok
ltree_resolver,count,221,3,181.723,ok
rcte,count,221,3,1.007,ok
closure,count,221,3,0.584,ok
closure,count,222,1,2.622,ok
ltree_resolver,count,222,1,169.576,ok
rcte,count,222,1,2.001,ok
ltree_resolver,count,222,2,176.903,ok
rcte,count,222,2,1.937,ok
closure,count,222,2,1.685,ok
rcte,count,222,3,1.53,ok
closure,count,222,3,1.789,ok
ltree_resolver,count,222,3,193.398,ok
ltree_resolver,count,223,1,190.115,ok
rcte,count,223,1,1.803,ok
closure,count,223,1,0.826,ok
rcte,count,223,2,0.456,ok
closure,count,223,2,0.541,ok
ltree_resolver,count,223,2,193.751,ok
closure,count,223,3,1.134,ok
ltree_resolver,count,223,3,190.979,ok
rcte,count,223,3,0.91,ok
rcte,count,224,1,1.566,ok
closure,count,224,1,0.972,ok
ltree_resolver,count,224,1,190.545,ok
closure,count,224,2,1.183,ok
ltree_resolver,count,224,2,184.553,ok
rcte,count,224,2,0.982,ok
ltree_resolver,count,224,3,180.66,ok
rcte,count,224,3,1.06,ok
closure,count,224,3,0.764,ok
closure,count,225,1,1.326,ok
ltree_resolver,count,225,1,174.565,ok
rcte,count,225,1,0.998,ok
ltree_resolver,count,225,2,171.082,ok
rcte,count,225,2,1.283,ok
closure,count,225,2,0.799,ok
rcte,count,225,3,0.664,ok
closure,count,225,3,0.698,ok
ltree_resolver,count,225,3,178.772,ok
ltree_resolver,count,226,1,191.609,ok
rcte,count,226,1,1.591,ok
closure,count,226,1,0.746,ok
rcte,count,226,2,0.552,ok
closure,count,226,2,0.648,ok
ltree_resolver,count,226,2,184.639,ok
closure,count,226,3,1.019,ok
ltree_resolver,count,226,3,186.826,ok
rcte,count,226,3,1.223,ok
rcte,count,227,1,1.889,ok
closure,count,227,1,0.672,ok
ltree_resolver,count,227,1,191.556,ok
closure,count,227,2,1.66,ok
ltree_resolver,count,227,2,205.479,ok
rcte,count,227,2,1.134,ok
ltree_resolver,count,227,3,205.736,ok
rcte,count,227,3,1.03,ok
closure,count,227,3,0.499,ok
closure,count,228,1,5.641,ok
ltree_resolver,count,228,1,222.741,ok
rcte,count,228,1,0.984,ok
ltree_resolver,count,228,2,189.794,ok
rcte,count,228,2,0.919,ok
closure,count,228,2,0.493,ok
rcte,count,228,3,0.416,ok
closure,count,228,3,0.507,ok
ltree_resolver,count,228,3,199.537,ok
ltree_resolver,count,229,1,189.112,ok
rcte,count,229,1,1.529,ok
closure,count,229,1,0.516,ok
rcte,count,229,2,0.448,ok
closure,count,229,2,0.314,ok
ltree_resolver,count,229,2,180.341,ok
closure,count,229,3,1.052,ok
ltree_resolver,count,229,3,183.355,ok
rcte,count,229,3,1.105,ok
rcte,count,230,1,3.171,ok
closure,count,230,1,0.622,ok
ltree_resolver,count,230,1,208.268,ok
closure,count,230,2,1.115,ok
ltree_resolver,count,230,2,200.84,ok
rcte,count,230,2,1.215,ok
ltree_resolver,count,230,3,185.485,ok
rcte,count,230,3,0.955,ok
closure,count,230,3,0.572,ok
closure,count,231,1,1.388,ok
ltree_resolver,count,231,1,173.039,ok
rcte,count,231,1,0.993,ok
ltree_resolver,count,231,2,167.832,ok
rcte,count,231,2,0.928,ok
closure,count,231,2,0.879,ok
rcte,count,231,3,0.594,ok
closure,count,231,3,0.433,ok
ltree_resolver,count,231,3,189.06,ok
ltree_resolver,count,232,1,234.664,ok
rcte,count,232,1,2.063,ok
closure,count,232,1,0.777,ok
rcte,count,232,2,0.504,ok
closure,count,232,2,0.404,ok
ltree_resolver,count,232,2,182.652,ok
closure,count,232,3,1.137,ok
ltree_resolver,count,232,3,178.534,ok
rcte,count,232,3,0.83,ok
rcte,count,233,1,1.842,ok
closure,count,233,1,0.672,ok
ltree_resolver,count,233,1,178.893,ok
closure,count,233,2,1.014,ok
ltree_resolver,count,233,2,184.854,ok
rcte,count,233,2,0.97,ok
ltree_resolver,count,233,3,216.163,ok
rcte,count,233,3,1.056,ok
closure,count,233,3,0.861,ok
closure,count,234,1,1.455,ok
ltree_resolver,count,234,1,175.355,ok
rcte,count,234,1,0.914,ok
ltree_resolver,count,234,2,174.162,ok
rcte,count,234,2,0.945,ok
closure,count,234,2,0.679,ok
rcte,count,234,3,1.238,ok
closure,count,234,3,0.664,ok
ltree_resolver,count,234,3,192.553,ok
ltree_resolver,count,235,1,179.291,ok
rcte,count,235,1,1.703,ok
closure,count,235,1,0.714,ok
rcte,count,235,2,0.586,ok
closure,count,235,2,0.738,ok
ltree_resolver,count,235,2,178.983,ok
closure,count,235,3,1.131,ok
ltree_resolver,count,235,3,190.657,ok
rcte,count,235,3,1.212,ok
rcte,count,236,1,1.513,ok
closure,count,236,1,0.688,ok
ltree_resolver,count,236,1,203.835,ok
closure,count,236,2,0.998,ok
ltree_resolver,count,236,2,175.057,ok
rcte,count,236,2,0.916,ok
ltree_resolver,count,236,3,177.479,ok
rcte,count,236,3,0.875,ok
closure,count,236,3,0.432,ok
closure,count,237,1,1.182,ok
ltree_resolver,count,237,1,190.771,ok
rcte,count,237,1,1.327,ok
ltree_resolver,count,237,2,199.345,ok
rcte,count,237,2,1.298,ok
closure,count,237,2,0.934,ok
rcte,count,237,3,1.68,ok
closure,count,237,3,0.679,ok
ltree_resolver,count,237,3,179.114,ok
ltree_resolver,count,238,1,212.045,ok
rcte,count,238,1,1.832,ok
closure,count,238,1,0.63,ok
rcte,count,238,2,0.531,ok
closure,count,238,2,0.553,ok
ltree_resolver,count,238,2,211.107,ok
closure,count,238,3,0.803,ok
ltree_resolver,count,238,3,177.985,ok
rcte,count,238,3,0.838,ok
rcte,count,239,1,1.444,ok
closure,count,239,1,0.868,ok
ltree_resolver,count,239,1,203.969,ok
closure,count,239,2,0.979,ok
ltree_resolver,count,239,2,187.595,ok
rcte,count,239,2,0.94,ok
ltree_resolver,count,239,3,203.528,ok
rcte,count,239,3,0.964,ok
closure,count,239,3,0.616,ok
closure,count,240,1,1.31,ok
ltree_resolver,count,240,1,227.957,ok
rcte,count,240,1,1.199,ok
ltree_resolver,count,240,2,172.409,ok
rcte,count,240,2,1.13,ok
closure,count,240,2,0.878,ok
rcte,count,240,3,0.79,ok
closure,count,240,3,0.824,ok
ltree_resolver,count,240,3,194.586,ok
ltree_resolver,count,241,1,208.056,ok
rcte,count,241,1,1.611,ok
closure,count,241,1,0.6,ok
rcte,count,241,2,0.497,ok
closure,count,241,2,0.519,ok
ltree_resolver,count,241,2,203.328,ok
closure,count,241,3,1.945,ok
ltree_resolver,count,241,3,197.052,ok
rcte,count,241,3,1.01,ok
rcte,count,242,1,1.477,ok
closure,count,242,1,2.838,ok
ltree_resolver,count,242,1,216.829,ok
closure,count,242,2,0.895,ok
ltree_resolver,count,242,2,212.686,ok
rcte,count,242,2,1.059,ok
ltree_resolver,count,242,3,190.174,ok
rcte,count,242,3,0.928,ok
closure,count,242,3,0.489,ok
closure,count,243,1,1.231,ok
ltree_resolver,count,243,1,211.762,ok
rcte,count,243,1,0.941,ok
ltree_resolver,count,243,2,197.21,ok
rcte,count,243,2,1.092,ok
closure,count,243,2,0.523,ok
rcte,count,243,3,0.487,ok
closure,count,243,3,0.453,ok
ltree_resolver,count,243,3,183.554,ok
ltree_resolver,count,244,1,170.918,ok
rcte,count,244,1,1.827,ok
closure,count,244,1,0.712,ok
rcte,count,244,2,0.665,ok
closure,count,244,2,0.637,ok
ltree_resolver,count,244,2,172.467,ok
closure,count,244,3,1.293,ok
ltree_resolver,count,244,3,176.216,ok
rcte,count,244,3,0.859,ok
rcte,count,245,1,1.313,ok
closure,count,245,1,0.747,ok
ltree_resolver,count,245,1,193.042,ok
closure,count,245,2,0.918,ok
ltree_resolver,count,245,2,189.37,ok
rcte,count,245,2,1.06,ok
ltree_resolver,count,245,3,196.458,ok
rcte,count,245,3,0.965,ok
closure,count,245,3,0.541,ok
closure,count,246,1,1.464,ok
ltree_resolver,count,246,1,177.465,ok
rcte,count,246,1,0.995,ok
ltree_resolver,count,246,2,180.268,ok
rcte,count,246,2,1.054,ok
closure,count,246,2,0.897,ok
rcte,count,246,3,0.685,ok
closure,count,246,3,0.723,ok
ltree_resolver,count,246,3,214.369,ok
ltree_resolver,count,247,1,210.761,ok
rcte,count,247,1,1.746,ok
closure,count,247,1,0.776,ok
rcte,count,247,2,0.626,ok
closure,count,247,2,0.604,ok
ltree_resolver,count,247,2,185.505,ok
closure,count,247,3,0.862,ok
ltree_resolver,count,247,3,184.931,ok
rcte,count,247,3,1.185,ok
rcte,count,248,1,1.811,ok
closure,count,248,1,1.104,ok
ltree_resolver,count,248,1,178.93,ok
closure,count,248,2,1.057,ok
ltree_resolver,count,248,2,180.127,ok
rcte,count,248,2,1.037,ok
ltree_resolver,count,248,3,182.784,ok
rcte,count,248,3,0.996,ok
closure,count,248,3,0.554,ok
closure,count,249,1,1.233,ok
ltree_resolver,count,249,1,180.092,ok
rcte,count,249,1,0.907,ok
ltree_resolver,count,249,2,174.698,ok
rcte,count,249,2,1.117,ok
closure,count,249,2,0.622,ok
rcte,count,249,3,0.554,ok
closure,count,249,3,0.65,ok
ltree_resolver,count,249,3,180.309,ok
ltree_resolver,count,250,1,177.485,ok
rcte,count,250,1,1.599,ok
closure,count,250,1,0.764,ok
rcte,count,250,2,0.569,ok
closure,count,250,2,0.442,ok
ltree_resolver,count,250,2,171.213,ok
closure,count,250,3,1.024,ok
ltree_resolver,count,250,3,172.983,ok
rcte,count,250,3,1.238,ok
rcte,count,251,1,3.033,ok
closure,count,251,1,1.877,ok
ltree_resolver,count,251,1,191.325,ok
closure,count,251,2,2.099,ok
ltree_resolver,count,251,2,187.514,ok
rcte,count,251,2,2.687,ok
ltree_resolver,count,251,3,207.096,ok
rcte,count,251,3,2.138,ok
closure,count,251,3,1.826,ok
closure,count,252,1,1.378,ok
ltree_resolver,count,252,1,183.594,ok
rcte,count,252,1,0.901,ok
ltree_resolver,count,252,2,176.095,ok
rcte,count,252,2,0.872,ok
closure,count,252,2,0.778,ok
rcte,count,252,3,0.62,ok
closure,count,252,3,0.442,ok
ltree_resolver,count,252,3,198.001,ok
ltree_resolver,count,253,1,192.482,ok
rcte,count,253,1,1.772,ok
closure,count,253,1,0.945,ok
rcte,count,253,2,0.574,ok
closure,count,253,2,0.566,ok
ltree_resolver,count,253,2,186.549,ok
closure,count,253,3,1.009,ok
ltree_resolver,count,253,3,183.905,ok
rcte,count,253,3,1.084,ok
closure_placeidx,page,1,1,1039.923,ok
closure_placeidx,page,1,2,1056.883,ok
closure_placeidx,page,1,3,1038.296,ok
closure_placeidx,page,2,1,1818.06,ok
closure_placeidx,page,2,2,1859.415,ok
closure_placeidx,page,2,3,1870.857,ok
closure_placeidx,page,3,1,1777.677,ok
closure_placeidx,page,3,2,1443.425,ok
closure_placeidx,page,3,3,1443.13,ok
closure_placeidx,page,4,1,1069.597,ok
closure_placeidx,page,4,2,1083.144,ok
closure_placeidx,page,4,3,1086.553,ok
closure_placeidx,page,5,1,1861.842,ok
closure_placeidx,page,5,2,1870.54,ok
closure_placeidx,page,5,3,1692.893,ok
closure_placeidx,page,6,1,1732.072,ok
closure_placeidx,page,6,2,1807.969,ok
closure_placeidx,page,6,3,1677.582,ok
closure_placeidx,page,7,1,1528.615,ok
closure_placeidx,page,7,2,1569.875,ok
closure_placeidx,page,7,3,1537.906,ok
closure_placeidx,page,8,1,1272.612,ok
closure_placeidx,page,8,2,1339.547,ok
closure_placeidx,page,8,3,1304.645,ok
closure_placeidx,page,9,1,2003.776,ok
closure_placeidx,page,9,2,2082.571,ok
closure_placeidx,page,9,3,1980.882,ok
closure_placeidx,page,10,1,998.081,ok
closure_placeidx,page,10,2,1022.788,ok
closure_placeidx,page,10,3,1109.161,ok
closure_placeidx,page,11,1,42.206,ok
closure_placeidx,page,11,2,27.821,ok
closure_placeidx,page,11,3,18.422,ok
closure_placeidx,page,12,1,45.365,ok
closure_placeidx,page,12,2,19.025,ok
closure_placeidx,page,12,3,16.331,ok
closure_placeidx,page,13,1,51.318,ok
closure_placeidx,page,13,2,28.085,ok
closure_placeidx,page,13,3,23.364,ok
closure_placeidx,page,14,1,129.865,ok
closure_placeidx,page,14,2,127.284,ok
closure_placeidx,page,14,3,116.169,ok
closure_placeidx,page,15,1,70.911,ok
closure_placeidx,page,15,2,34.011,ok
closure_placeidx,page,15,3,27.26,ok
closure_placeidx,page,16,1,47.1,ok
closure_placeidx,page,16,2,31.153,ok
closure_placeidx,page,16,3,30.622,ok
closure_placeidx,page,17,1,27.919,ok
closure_placeidx,page,17,2,14.98,ok
closure_placeidx,page,17,3,15.085,ok
closure_placeidx,page,18,1,301.865,ok
closure_placeidx,page,18,2,303.006,ok
closure_placeidx,page,18,3,290.085,ok
closure_placeidx,page,19,1,37.738,ok
closure_placeidx,page,19,2,21.571,ok
closure_placeidx,page,19,3,21.844,ok
closure_placeidx,page,20,1,382.759,ok
closure_placeidx,page,20,2,333.379,ok
closure_placeidx,page,20,3,365.562,ok
closure_placeidx,page,21,1,183.797,ok
closure_placeidx,page,21,2,157.091,ok
closure_placeidx,page,21,3,166.907,ok
closure_placeidx,page,22,1,65.135,ok
closure_placeidx,page,22,2,22.171,ok
closure_placeidx,page,22,3,22.465,ok
closure_placeidx,page,23,1,239.1,ok
closure_placeidx,page,23,2,235.037,ok
closure_placeidx,page,23,3,266.161,ok
closure_placeidx,page,24,1,67.721,ok
closure_placeidx,page,24,2,26.58,ok
closure_placeidx,page,24,3,27.561,ok
closure_placeidx,page,25,1,62.545,ok
closure_placeidx,page,25,2,33.312,ok
closure_placeidx,page,25,3,19.992,ok
closure_placeidx,page,26,1,19.652,ok
closure_placeidx,page,26,2,8.121,ok
closure_placeidx,page,26,3,8.132,ok
closure_placeidx,page,27,1,59.758,ok
closure_placeidx,page,27,2,36.993,ok
closure_placeidx,page,27,3,23.926,ok
closure_placeidx,page,28,1,144.629,ok
closure_placeidx,page,28,2,157.867,ok
closure_placeidx,page,28,3,156.272,ok
closure_placeidx,page,29,1,326.305,ok
closure_placeidx,page,29,2,340.84,ok
closure_placeidx,page,29,3,333.549,ok
closure_placeidx,page,30,1,143.742,ok
closure_placeidx,page,30,2,142.359,ok
closure_placeidx,page,30,3,140.789,ok
closure_placeidx,page,31,1,325.671,ok
closure_placeidx,page,31,2,331.73,ok
closure_placeidx,page,31,3,319.013,ok
closure_placeidx,page,32,1,304.396,ok
closure_placeidx,page,32,2,320.778,ok
closure_placeidx,page,32,3,334.599,ok
closure_placeidx,page,33,1,159.819,ok
closure_placeidx,page,33,2,150.651,ok
closure_placeidx,page,33,3,158.795,ok
closure_placeidx,page,34,1,200.942,ok
closure_placeidx,page,34,2,224.946,ok
closure_placeidx,page,34,3,213.287,ok
closure_placeidx,page,35,1,158.319,ok
closure_placeidx,page,35,2,145.885,ok
closure_placeidx,page,35,3,143.72,ok
closure_placeidx,page,36,1,99.274,ok
closure_placeidx,page,36,2,87.652,ok
closure_placeidx,page,36,3,96.876,ok
closure_placeidx,page,37,1,43.425,ok
closure_placeidx,page,37,2,9.144,ok
closure_placeidx,page,37,3,9.942,ok
closure_placeidx,page,38,1,319.644,ok
closure_placeidx,page,38,2,333.315,ok
closure_placeidx,page,38,3,317.013,ok
closure_placeidx,page,39,1,28.672,ok
closure_placeidx,page,39,2,13.362,ok
closure_placeidx,page,39,3,10.731,ok
closure_placeidx,page,40,1,34.291,ok
closure_placeidx,page,40,2,15.29,ok
closure_placeidx,page,40,3,14.383,ok
closure_placeidx,page,41,1,26.433,ok
closure_placeidx,page,41,2,24.902,ok
closure_placeidx,page,41,3,14.951,ok
closure_placeidx,page,42,1,207.247,ok
closure_placeidx,page,42,2,210.224,ok
closure_placeidx,page,42,3,206.302,ok
closure_placeidx,page,43,1,44.559,ok
closure_placeidx,page,43,2,18.554,ok
closure_placeidx,page,43,3,31.21,ok
closure_placeidx,page,44,1,18.644,ok
closure_placeidx,page,44,2,7.5,ok
closure_placeidx,page,44,3,7.068,ok
closure_placeidx,page,45,1,20.267,ok
closure_placeidx,page,45,2,10.128,ok
closure_placeidx,page,45,3,8.49,ok
closure_placeidx,page,46,1,151.607,ok
closure_placeidx,page,46,2,135.289,ok
closure_placeidx,page,46,3,126.906,ok
closure_placeidx,page,47,1,114.528,ok
closure_placeidx,page,47,2,115.561,ok
closure_placeidx,page,47,3,121.401,ok
closure_placeidx,page,48,1,23.664,ok
closure_placeidx,page,48,2,11.235,ok
closure_placeidx,page,48,3,10.299,ok
closure_placeidx,page,49,1,33.255,ok
closure_placeidx,page,49,2,15.07,ok
closure_placeidx,page,49,3,12.621,ok
closure_placeidx,page,50,1,42.8,ok
closure_placeidx,page,50,2,24.09,ok
closure_placeidx,page,50,3,16.353,ok
closure_placeidx,page,51,1,47.567,ok
closure_placeidx,page,51,2,40.078,ok
closure_placeidx,page,51,3,45.371,ok
closure_placeidx,page,52,1,22.486,ok
closure_placeidx,page,52,2,20.063,ok
closure_placeidx,page,52,3,28.275,ok
closure_placeidx,page,53,1,38.959,ok
closure_placeidx,page,53,2,41.693,ok
closure_placeidx,page,53,3,28.86,ok
closure_placeidx,page,54,1,23.355,ok
closure_placeidx,page,54,2,19.734,ok
closure_placeidx,page,54,3,19.056,ok
closure_placeidx,page,55,1,36.595,ok
closure_placeidx,page,55,2,35.769,ok
closure_placeidx,page,55,3,34.177,ok
closure_placeidx,page,56,1,128.717,ok
closure_placeidx,page,56,2,145.178,ok
closure_placeidx,page,56,3,141.806,ok
closure_placeidx,page,57,1,22.825,ok
closure_placeidx,page,57,2,20.413,ok
closure_placeidx,page,57,3,19.732,ok
closure_placeidx,page,59,1,18.97,ok
closure_placeidx,page,59,2,17.049,ok
closure_placeidx,page,59,3,16.429,ok
closure_placeidx,page,60,1,128.59,ok
closure_placeidx,page,60,2,121.875,ok
closure_placeidx,page,60,3,130.489,ok
closure_placeidx,page,61,1,35.722,ok
closure_placeidx,page,61,2,29.983,ok
closure_placeidx,page,61,3,30.029,ok
closure_placeidx,page,62,1,25.471,ok
closure_placeidx,page,62,2,22.831,ok
closure_placeidx,page,62,3,22.757,ok
closure_placeidx,page,63,1,29.019,ok
closure_placeidx,page,63,2,12.342,ok
closure_placeidx,page,63,3,12.334,ok
closure_placeidx,page,64,1,13.749,ok
closure_placeidx,page,64,2,12.289,ok
closure_placeidx,page,64,3,11.495,ok
closure_placeidx,page,65,1,10.267,ok
closure_placeidx,page,65,2,9.417,ok
closure_placeidx,page,65,3,9.248,ok
closure_placeidx,page,66,1,27.602,ok
closure_placeidx,page,66,2,15.089,ok
closure_placeidx,page,66,3,10.948,ok
closure_placeidx,page,67,1,8.524,ok
closure_placeidx,page,67,2,8.391,ok
closure_placeidx,page,67,3,9.029,ok
closure_placeidx,page,68,1,22.65,ok
closure_placeidx,page,68,2,18.192,ok
closure_placeidx,page,68,3,17.73,ok
closure_placeidx,page,69,1,24.279,ok
closure_placeidx,page,69,2,10.378,ok
closure_placeidx,page,69,3,10.177,ok
closure_placeidx,page,70,1,31.786,ok
closure_placeidx,page,70,2,25.657,ok
closure_placeidx,page,70,3,26.733,ok
closure_placeidx,page,71,1,16.345,ok
closure_placeidx,page,71,2,14.913,ok
closure_placeidx,page,71,3,16.632,ok
closure_placeidx,page,72,1,137.419,ok
closure_placeidx,page,72,2,95.547,ok
closure_placeidx,page,72,3,86.997,ok
closure_placeidx,page,73,1,12.318,ok
closure_placeidx,page,73,2,9.06,ok
closure_placeidx,page,73,3,9.311,ok
closure_placeidx,page,74,1,7.576,ok
closure_placeidx,page,74,2,6.786,ok
closure_placeidx,page,74,3,7.781,ok
closure_placeidx,page,75,1,7.322,ok
closure_placeidx,page,75,2,7.69,ok
closure_placeidx,page,75,3,7.182,ok
closure_placeidx,page,76,1,11.673,ok
closure_placeidx,page,76,2,9.327,ok
closure_placeidx,page,76,3,10.476,ok
closure_placeidx,page,77,1,21.289,ok
closure_placeidx,page,77,2,8.077,ok
closure_placeidx,page,77,3,8.015,ok
closure_placeidx,page,78,1,15.882,ok
closure_placeidx,page,78,2,12.951,ok
closure_placeidx,page,78,3,12.643,ok
closure_placeidx,page,79,1,7.195,ok
closure_placeidx,page,79,2,6.297,ok
closure_placeidx,page,79,3,6.991,ok
closure_placeidx,page,80,1,12.658,ok
closure_placeidx,page,80,2,10.955,ok
closure_placeidx,page,80,3,12.503,ok
closure_placeidx,page,81,1,93.417,ok
closure_placeidx,page,81,2,85.331,ok
closure_placeidx,page,81,3,84.092,ok
closure_placeidx,page,82,1,32.967,ok
closure_placeidx,page,82,2,21.385,ok
closure_placeidx,page,82,3,20.892,ok
closure_placeidx,page,83,1,11.783,ok
closure_placeidx,page,83,2,10.674,ok
closure_placeidx,page,83,3,8.633,ok
closure_placeidx,page,84,1,28.131,ok
closure_placeidx,page,84,2,10.093,ok
closure_placeidx,page,84,3,9.965,ok
closure_placeidx,page,85,1,63.092,ok
closure_placeidx,page,85,2,39.568,ok
closure_placeidx,page,85,3,25.592,ok
closure_placeidx,page,86,1,17.606,ok
closure_placeidx,page,86,2,15.134,ok
closure_placeidx,page,86,3,15.714,ok
closure_placeidx,page,87,1,10.282,ok
closure_placeidx,page,87,2,8.706,ok
closure_placeidx,page,87,3,7.75,ok
closure_placeidx,page,88,1,21.52,ok
closure_placeidx,page,88,2,9.179,ok
closure_placeidx,page,88,3,8.657,ok
closure_placeidx,page,89,1,25.528,ok
closure_placeidx,page,89,2,20.42,ok
closure_placeidx,page,89,3,22.338,ok
closure_placeidx,page,90,1,101.968,ok
closure_placeidx,page,90,2,105.951,ok
closure_placeidx,page,90,3,86.043,ok
closure_placeidx,page,91,1,25.381,ok
closure_placeidx,page,91,2,9.189,ok
closure_placeidx,page,91,3,9.283,ok
closure_placeidx,page,92,1,16.403,ok
closure_placeidx,page,92,2,13.042,ok
closure_placeidx,page,92,3,14.32,ok
closure_placeidx,page,93,1,41.705,ok
closure_placeidx,page,93,2,15.86,ok
closure_placeidx,page,93,3,16.042,ok
closure_placeidx,page,94,1,26.817,ok
closure_placeidx,page,94,2,22.348,ok
closure_placeidx,page,94,3,22.448,ok
closure_placeidx,page,95,1,33.422,ok
closure_placeidx,page,95,2,16.455,ok
closure_placeidx,page,95,3,15.003,ok
closure_placeidx,page,96,1,14.836,ok
closure_placeidx,page,96,2,6.807,ok
closure_placeidx,page,96,3,7.535,ok
closure_placeidx,page,97,1,21.598,ok
closure_placeidx,page,97,2,9.529,ok
closure_placeidx,page,97,3,9.829,ok
closure_placeidx,page,98,1,18.542,ok
closure_placeidx,page,98,2,9.656,ok
closure_placeidx,page,98,3,9.894,ok
closure_placeidx,page,99,1,10.78,ok
closure_placeidx,page,99,2,8.951,ok
closure_placeidx,page,99,3,8.693,ok
closure_placeidx,page,100,1,11.13,ok
closure_placeidx,page,100,2,9.699,ok
closure_placeidx,page,100,3,9.079,ok
closure_placeidx,page,101,1,24.182,ok
closure_placeidx,page,101,2,13.173,ok
closure_placeidx,page,101,3,11.982,ok
closure_placeidx,page,102,1,16.727,ok
closure_placeidx,page,102,2,12.431,ok
closure_placeidx,page,102,3,12.331,ok
closure_placeidx,page,103,1,3.029,ok
closure_placeidx,page,103,2,2.301,ok
closure_placeidx,page,103,3,2.282,ok
closure_placeidx,page,104,1,3.922,ok
closure_placeidx,page,104,2,3.397,ok
closure_placeidx,page,104,3,3.49,ok
closure_placeidx,page,105,1,4.349,ok
closure_placeidx,page,105,2,2.382,ok
closure_placeidx,page,105,3,6.914,ok
closure_placeidx,page,106,1,4.408,ok
closure_placeidx,page,106,2,3.869,ok
closure_placeidx,page,106,3,4.159,ok
closure_placeidx,page,107,1,5.998,ok
closure_placeidx,page,107,2,5.119,ok
closure_placeidx,page,107,3,5.514,ok
closure_placeidx,page,108,1,4.375,ok
closure_placeidx,page,108,2,4.379,ok
closure_placeidx,page,108,3,3.826,ok
closure_placeidx,page,109,1,13.359,ok
closure_placeidx,page,109,2,9.201,ok
closure_placeidx,page,109,3,9.027,ok
closure_placeidx,page,110,1,3.493,ok
closure_placeidx,page,110,2,12.386,ok
closure_placeidx,page,110,3,3.932,ok
closure_placeidx,page,111,1,4.947,ok
closure_placeidx,page,111,2,2.613,ok
closure_placeidx,page,111,3,2.715,ok
closure_placeidx,page,112,1,34.3,ok
closure_placeidx,page,112,2,14.755,ok
closure_placeidx,page,112,3,14.612,ok
closure_placeidx,page,113,1,19.483,ok
closure_placeidx,page,113,2,10.252,ok
closure_placeidx,page,113,3,9.387,ok
closure_placeidx,page,114,1,33.083,ok
closure_placeidx,page,114,2,13.291,ok
closure_placeidx,page,114,3,12.924,ok
closure_placeidx,page,115,1,15.114,ok
closure_placeidx,page,115,2,11.42,ok
closure_placeidx,page,115,3,9.078,ok
closure_placeidx,page,116,1,3.63,ok
closure_placeidx,page,116,2,3.242,ok
closure_placeidx,page,116,3,2.857,ok
closure_placeidx,page,117,1,25.955,ok
closure_placeidx,page,117,2,13.576,ok
closure_placeidx,page,117,3,13.635,ok
closure_placeidx,page,118,1,4.532,ok
closure_placeidx,page,118,2,3.734,ok
closure_placeidx,page,118,3,3.434,ok
closure_placeidx,page,119,1,27.572,ok
closure_placeidx,page,119,2,15.198,ok
closure_placeidx,page,119,3,14.95,ok
closure_placeidx,page,120,1,2.439,ok
closure_placeidx,page,120,2,1.893,ok
closure_placeidx,page,120,3,1.802,ok
closure_placeidx,page,121,1,28.624,ok
closure_placeidx,page,121,2,10.53,ok
closure_placeidx,page,121,3,8.814,ok
closure_placeidx,page,122,1,28.393,ok
closure_placeidx,page,122,2,15.694,ok
closure_placeidx,page,122,3,11.825,ok
closure_placeidx,page,123,1,7.599,ok
closure_placeidx,page,123,2,6.301,ok
closure_placeidx,page,123,3,6.163,ok
closure_placeidx,page,124,1,15.443,ok
closure_placeidx,page,124,2,8.091,ok
closure_placeidx,page,124,3,7.667,ok
closure_placeidx,page,125,1,25.3,ok
closure_placeidx,page,125,2,11.665,ok
closure_placeidx,page,125,3,11.859,ok
closure_placeidx,page,126,1,24.293,ok
closure_placeidx,page,126,2,8.789,ok
closure_placeidx,page,126,3,8.126,ok
closure_placeidx,page,127,1,18.828,ok
closure_placeidx,page,127,2,7.629,ok
closure_placeidx,page,127,3,6.878,ok
closure_placeidx,page,128,1,2.764,ok
closure_placeidx,page,128,2,2.453,ok
closure_placeidx,page,128,3,2.969,ok
closure_placeidx,page,129,1,25.285,ok
closure_placeidx,page,129,2,11.38,ok
closure_placeidx,page,129,3,10.92,ok
closure_placeidx,page,130,1,2.133,ok
closure_placeidx,page,130,2,1.772,ok
closure_placeidx,page,130,3,1.518,ok
closure_placeidx,page,131,1,50.68,ok
closure_placeidx,page,131,2,36.55,ok
closure_placeidx,page,131,3,27.333,ok
closure_placeidx,page,132,1,1.766,ok
closure_placeidx,page,132,2,1.295,ok
closure_placeidx,page,132,3,1.063,ok
closure_placeidx,page,133,1,16.316,ok
closure_placeidx,page,133,2,10.47,ok
closure_placeidx,page,133,3,6.928,ok
closure_placeidx,page,134,1,1.863,ok
closure_placeidx,page,134,2,1.797,ok
closure_placeidx,page,134,3,1.525,ok
closure_placeidx,page,135,1,64.073,ok
closure_placeidx,page,135,2,56.349,ok
closure_placeidx,page,135,3,56.624,ok
closure_placeidx,page,136,1,17.55,ok
closure_placeidx,page,136,2,8.475,ok
closure_placeidx,page,136,3,8.768,ok
closure_placeidx,page,137,1,6.084,ok
closure_placeidx,page,137,2,5.312,ok
closure_placeidx,page,137,3,4.924,ok
closure_placeidx,page,138,1,25.526,ok
closure_placeidx,page,138,2,14.429,ok
closure_placeidx,page,138,3,11.075,ok
closure_placeidx,page,139,1,2.389,ok
closure_placeidx,page,139,2,2.175,ok
closure_placeidx,page,139,3,2.216,ok
closure_placeidx,page,140,1,26.502,ok
closure_placeidx,page,140,2,10.217,ok
closure_placeidx,page,140,3,16.68,ok
closure_placeidx,page,141,1,2.079,ok
closure_placeidx,page,141,2,2.821,ok
closure_placeidx,page,141,3,1.515,ok
closure_placeidx,page,142,1,2.774,ok
closure_placeidx,page,142,2,2.881,ok
closure_placeidx,page,142,3,2.081,ok
closure_placeidx,page,143,1,31.799,ok
closure_placeidx,page,143,2,12.698,ok
closure_placeidx,page,143,3,11.242,ok
closure_placeidx,page,144,1,7.366,ok
closure_placeidx,page,144,2,6.422,ok
closure_placeidx,page,144,3,6.228,ok
closure_placeidx,page,145,1,17.508,ok
closure_placeidx,page,145,2,8.742,ok
closure_placeidx,page,145,3,7.066,ok
closure_placeidx,page,146,1,2.483,ok
closure_placeidx,page,146,2,2.009,ok
closure_placeidx,page,146,3,1.948,ok
closure_placeidx,page,147,1,19.232,ok
closure_placeidx,page,147,2,7.706,ok
closure_placeidx,page,147,3,7.163,ok
closure_placeidx,page,148,1,28.008,ok
closure_placeidx,page,148,2,13.673,ok
closure_placeidx,page,148,3,12.262,ok
closure_placeidx,page,149,1,14.041,ok
closure_placeidx,page,149,2,6.679,ok
closure_placeidx,page,149,3,6.571,ok
closure_placeidx,page,150,1,42.482,ok
closure_placeidx,page,150,2,21.828,ok
closure_placeidx,page,150,3,18.379,ok
closure_placeidx,page,151,1,69.875,ok
closure_placeidx,page,151,2,56.318,ok
closure_placeidx,page,151,3,67.932,ok
closure_placeidx,page,152,1,158.722,ok
closure_placeidx,page,152,2,130.388,ok
closure_placeidx,page,152,3,133.053,ok
closure_placeidx,page,153,1,2.766,ok
closure_placeidx,page,153,2,2.249,ok
closure_placeidx,page,153,3,1.933,ok
closure_placeidx,page,154,1,1.521,ok
closure_placeidx,page,154,2,1.417,ok
closure_placeidx,page,154,3,1.18,ok
closure_placeidx,page,155,1,1.381,ok
closure_placeidx,page,155,2,1.31,ok
closure_placeidx,page,155,3,0.97,ok
closure_placeidx,page,157,1,5.346,ok
closure_placeidx,page,157,2,4.611,ok
closure_placeidx,page,157,3,4.726,ok
closure_placeidx,page,158,1,1.473,ok
closure_placeidx,page,158,2,1.279,ok
closure_placeidx,page,158,3,1.201,ok
closure_placeidx,page,159,1,1.277,ok
closure_placeidx,page,159,2,0.952,ok
closure_placeidx,page,159,3,0.956,ok
closure_placeidx,page,160,1,1.492,ok
closure_placeidx,page,160,2,1.285,ok
closure_placeidx,page,160,3,1.109,ok
closure_placeidx,page,161,1,1.412,ok
closure_placeidx,page,161,2,1.124,ok
closure_placeidx,page,161,3,1.418,ok
closure_placeidx,page,163,1,10.743,ok
closure_placeidx,page,163,2,9.222,ok
closure_placeidx,page,163,3,9.255,ok
closure_placeidx,page,164,1,1.077,ok
closure_placeidx,page,164,2,0.687,ok
closure_placeidx,page,164,3,0.716,ok
closure_placeidx,page,165,1,2.336,ok
closure_placeidx,page,165,2,1.564,ok
closure_placeidx,page,165,3,1.676,ok
closure_placeidx,page,166,1,1.428,ok
closure_placeidx,page,166,2,1.136,ok
closure_placeidx,page,166,3,1.247,ok
closure_placeidx,page,167,1,2.285,ok
closure_placeidx,page,167,2,2.013,ok
closure_placeidx,page,167,3,1.812,ok
closure_placeidx,page,168,1,16.903,ok
closure_placeidx,page,168,2,7.211,ok
closure_placeidx,page,168,3,7.42,ok
closure_placeidx,page,169,1,0.964,ok
closure_placeidx,page,169,2,0.684,ok
closure_placeidx,page,169,3,0.827,ok
closure_placeidx,page,170,1,14.131,ok
closure_placeidx,page,170,2,6.117,ok
closure_placeidx,page,170,3,5.708,ok
closure_placeidx,page,171,1,6.192,ok
closure_placeidx,page,171,2,6.258,ok
closure_placeidx,page,171,3,5.964,ok
closure_placeidx,page,172,1,20.256,ok
closure_placeidx,page,172,2,8.449,ok
closure_placeidx,page,172,3,7.992,ok
closure_placeidx,page,173,1,33.616,ok
closure_placeidx,page,173,2,19.289,ok
closure_placeidx,page,173,3,14.153,ok
closure_placeidx,page,174,1,23.312,ok
closure_placeidx,page,174,2,16.439,ok
closure_placeidx,page,174,3,9.916,ok
closure_placeidx,page,175,1,1.345,ok
closure_placeidx,page,175,2,1.018,ok
closure_placeidx,page,175,3,0.887,ok
closure_placeidx,page,176,1,1.055,ok
closure_placeidx,page,176,2,0.656,ok
closure_placeidx,page,176,3,0.619,ok
closure_placeidx,page,177,1,1.001,ok
closure_placeidx,page,177,2,1.486,ok
closure_placeidx,page,177,3,1.501,ok
closure_placeidx,page,178,1,1.047,ok
closure_placeidx,page,178,2,1.157,ok
closure_placeidx,page,178,3,1.196,ok
closure_placeidx,page,179,1,4.342,ok
closure_placeidx,page,179,2,3.489,ok
closure_placeidx,page,179,3,3.87,ok
closure_placeidx,page,180,1,1.046,ok
closure_placeidx,page,180,2,0.856,ok
closure_placeidx,page,180,3,0.817,ok
closure_placeidx,page,181,1,3.282,ok
closure_placeidx,page,181,2,2.492,ok
closure_placeidx,page,181,3,2.756,ok
closure_placeidx,page,182,1,1.186,ok
closure_placeidx,page,182,2,0.938,ok
closure_placeidx,page,182,3,1.409,ok
closure_placeidx,page,183,1,0.972,ok
closure_placeidx,page,183,2,0.865,ok
closure_placeidx,page,183,3,0.84,ok
closure_placeidx,page,184,1,18.816,ok
closure_placeidx,page,184,2,8.113,ok
closure_placeidx,page,184,3,7.84,ok
closure_placeidx,page,185,1,0.943,ok
closure_placeidx,page,185,2,0.886,ok
closure_placeidx,page,185,3,0.712,ok
closure_placeidx,page,186,1,2.554,ok
closure_placeidx,page,186,2,2.007,ok
closure_placeidx,page,186,3,1.866,ok
closure_placeidx,page,187,1,16.396,ok
closure_placeidx,page,187,2,7.687,ok
closure_placeidx,page,187,3,7.234,ok
closure_placeidx,page,188,1,29.055,ok
closure_placeidx,page,188,2,12.734,ok
closure_placeidx,page,188,3,12.821,ok
closure_placeidx,page,189,1,1.274,ok
closure_placeidx,page,189,2,0.785,ok
closure_placeidx,page,189,3,0.718,ok
closure_placeidx,page,190,1,1.119,ok
closure_placeidx,page,190,2,1.014,ok
closure_placeidx,page,190,3,1.199,ok
closure_placeidx,page,191,1,1.06,ok
closure_placeidx,page,191,2,0.725,ok
closure_placeidx,page,191,3,0.677,ok
closure_placeidx,page,192,1,1.503,ok
closure_placeidx,page,192,2,1.375,ok
closure_placeidx,page,192,3,1.23,ok
closure_placeidx,page,193,1,0.838,ok
closure_placeidx,page,193,2,0.825,ok
closure_placeidx,page,193,3,0.855,ok
closure_placeidx,page,194,1,0.713,ok
closure_placeidx,page,194,2,1.101,ok
closure_placeidx,page,194,3,1.019,ok
closure_placeidx,page,195,1,37.563,ok
closure_placeidx,page,195,2,33.691,ok
closure_placeidx,page,195,3,34.056,ok
closure_placeidx,page,196,1,1.43,ok
closure_placeidx,page,196,2,1.028,ok
closure_placeidx,page,196,3,0.936,ok
closure_placeidx,page,197,1,1.037,ok
closure_placeidx,page,197,2,0.813,ok
closure_placeidx,page,197,3,0.64,ok
closure_placeidx,page,198,1,0.825,ok
closure_placeidx,page,198,2,0.868,ok
closure_placeidx,page,198,3,1.089,ok
closure_placeidx,page,199,1,32.891,ok
closure_placeidx,page,199,2,33.494,ok
closure_placeidx,page,199,3,35.413,ok
closure_placeidx,page,200,1,1.273,ok
closure_placeidx,page,200,2,0.7,ok
closure_placeidx,page,200,3,0.605,ok
closure_placeidx,page,201,1,17.228,ok
closure_placeidx,page,201,2,8.26,ok
closure_placeidx,page,201,3,7.113,ok
closure_placeidx,page,202,1,1.34,ok
closure_placeidx,page,202,2,1.077,ok
closure_placeidx,page,202,3,1.076,ok
closure_placeidx,page,203,1,1.002,ok
closure_placeidx,page,203,2,1.005,ok
closure_placeidx,page,203,3,0.865,ok
closure_placeidx,page,204,1,1.079,ok
closure_placeidx,page,204,2,0.842,ok
closure_placeidx,page,204,3,0.804,ok
closure_placeidx,page,205,1,1.157,ok
closure_placeidx,page,205,2,1.215,ok
closure_placeidx,page,205,3,1.045,ok
closure_placeidx,page,206,1,1.166,ok
closure_placeidx,page,206,2,0.933,ok
closure_placeidx,page,206,3,0.768,ok
closure_placeidx,page,207,1,1.118,ok
closure_placeidx,page,207,2,0.771,ok
closure_placeidx,page,207,3,0.82,ok
closure_placeidx,page,208,1,1.002,ok
closure_placeidx,page,208,2,0.957,ok
closure_placeidx,page,208,3,0.748,ok
closure_placeidx,page,209,1,1.014,ok
closure_placeidx,page,209,2,0.725,ok
closure_placeidx,page,209,3,0.729,ok
closure_placeidx,page,210,1,1.338,ok
closure_placeidx,page,210,2,1.075,ok
closure_placeidx,page,210,3,1.199,ok
closure_placeidx,page,211,1,1.526,ok
closure_placeidx,page,211,2,1.244,ok
closure_placeidx,page,211,3,1.066,ok
closure_placeidx,page,212,1,0.992,ok
closure_placeidx,page,212,2,0.655,ok
closure_placeidx,page,212,3,0.557,ok
closure_placeidx,page,213,1,0.888,ok
closure_placeidx,page,213,2,0.66,ok
closure_placeidx,page,213,3,0.482,ok
closure_placeidx,page,214,1,0.635,ok
closure_placeidx,page,214,2,0.55,ok
closure_placeidx,page,214,3,0.639,ok
closure_placeidx,page,215,1,0.52,ok
closure_placeidx,page,215,2,0.462,ok
closure_placeidx,page,215,3,0.406,ok
closure_placeidx,page,216,1,25.754,ok
closure_placeidx,page,216,2,12.863,ok
closure_placeidx,page,216,3,12.093,ok
closure_placeidx,page,217,1,15.706,ok
closure_placeidx,page,217,2,7.201,ok
closure_placeidx,page,217,3,6.799,ok
closure_placeidx,page,218,1,1.021,ok
closure_placeidx,page,218,2,0.754,ok
closure_placeidx,page,218,3,0.549,ok
closure_placeidx,page,219,1,0.681,ok
closure_placeidx,page,219,2,0.986,ok
closure_placeidx,page,219,3,0.693,ok
closure_placeidx,page,220,1,0.58,ok
closure_placeidx,page,220,2,0.717,ok
closure_placeidx,page,220,3,0.651,ok
closure_placeidx,page,221,1,1.117,ok
closure_placeidx,page,221,2,0.759,ok
closure_placeidx,page,221,3,0.695,ok
closure_placeidx,page,222,1,18.734,ok
closure_placeidx,page,222,2,8.526,ok
closure_placeidx,page,222,3,8.287,ok
closure_placeidx,page,223,1,1.517,ok
closure_placeidx,page,223,2,0.828,ok
closure_placeidx,page,223,3,0.621,ok
closure_placeidx,page,224,1,0.803,ok
closure_placeidx,page,224,2,0.742,ok
closure_placeidx,page,224,3,0.663,ok
closure_placeidx,page,225,1,0.854,ok
closure_placeidx,page,225,2,0.855,ok
closure_placeidx,page,225,3,1.123,ok
closure_placeidx,page,226,1,0.631,ok
closure_placeidx,page,226,2,0.535,ok
closure_placeidx,page,226,3,0.491,ok
closure_placeidx,page,227,1,0.631,ok
closure_placeidx,page,227,2,0.562,ok
closure_placeidx,page,227,3,0.587,ok
closure_placeidx,page,228,1,0.803,ok
closure_placeidx,page,228,2,0.538,ok
closure_placeidx,page,228,3,0.639,ok
closure_placeidx,page,229,1,0.85,ok
closure_placeidx,page,229,2,0.694,ok
closure_placeidx,page,229,3,0.663,ok
closure_placeidx,page,230,1,19.302,ok
closure_placeidx,page,230,2,9.412,ok
closure_placeidx,page,230,3,8.639,ok
closure_placeidx,page,231,1,0.947,ok
closure_placeidx,page,231,2,0.847,ok
closure_placeidx,page,231,3,0.649,ok
closure_placeidx,page,232,1,0.663,ok
closure_placeidx,page,232,2,0.708,ok
closure_placeidx,page,232,3,0.536,ok
closure_placeidx,page,233,1,0.796,ok
closure_placeidx,page,233,2,0.763,ok
closure_placeidx,page,233,3,0.616,ok
closure_placeidx,page,234,1,16.906,ok
closure_placeidx,page,234,2,7.582,ok
closure_placeidx,page,234,3,7.945,ok
closure_placeidx,page,235,1,0.836,ok
closure_placeidx,page,235,2,0.63,ok
closure_placeidx,page,235,3,0.596,ok
closure_placeidx,page,236,1,13.965,ok
closure_placeidx,page,236,2,7.014,ok
closure_placeidx,page,236,3,6.658,ok
closure_placeidx,page,237,1,35.637,ok
closure_placeidx,page,237,2,21.138,ok
closure_placeidx,page,237,3,16.218,ok
closure_placeidx,page,238,1,1.233,ok
closure_placeidx,page,238,2,1.306,ok
closure_placeidx,page,238,3,0.915,ok
closure_placeidx,page,239,1,17.221,ok
closure_placeidx,page,239,2,9.28,ok
closure_placeidx,page,239,3,9.011,ok
closure_placeidx,page,240,1,1.059,ok
closure_placeidx,page,240,2,1.059,ok
closure_placeidx,page,240,3,0.871,ok
closure_placeidx,page,241,1,20.777,ok
closure_placeidx,page,241,2,9.872,ok
closure_placeidx,page,241,3,12.141,ok
closure_placeidx,page,242,1,1.152,ok
closure_placeidx,page,242,2,0.982,ok
closure_placeidx,page,242,3,0.868,ok
closure_placeidx,page,243,1,0.868,ok
closure_placeidx,page,243,2,0.694,ok
closure_placeidx,page,243,3,0.564,ok
closure_placeidx,page,244,1,0.944,ok
closure_placeidx,page,244,2,0.797,ok
closure_placeidx,page,244,3,0.814,ok
closure_placeidx,page,245,1,0.899,ok
closure_placeidx,page,245,2,0.964,ok
closure_placeidx,page,245,3,0.898,ok
closure_placeidx,page,246,1,0.725,ok
closure_placeidx,page,246,2,0.842,ok
closure_placeidx,page,246,3,0.727,ok
closure_placeidx,page,247,1,0.878,ok
closure_placeidx,page,247,2,0.685,ok
closure_placeidx,page,247,3,0.491,ok
closure_placeidx,page,248,1,0.768,ok
closure_placeidx,page,248,2,1.003,ok
closure_placeidx,page,248,3,0.739,ok
closure_placeidx,page,249,1,0.632,ok
closure_placeidx,page,249,2,0.603,ok
closure_placeidx,page,249,3,0.488,ok
closure_placeidx,page,250,1,22.473,ok
closure_placeidx,page,250,2,10.003,ok
closure_placeidx,page,250,3,9.511,ok
closure_placeidx,page,251,1,3.931,ok
closure_placeidx,page,251,2,2.1,ok
closure_placeidx,page,251,3,2.013,ok
closure_placeidx,page,252,1,30.598,ok
closure_placeidx,page,252,2,17.856,ok
closure_placeidx,page,252,3,17.065,ok
closure_placeidx,page,253,1,1.36,ok
closure_placeidx,page,253,2,0.914,ok
closure_placeidx,page,253,3,0.959,ok
closure_placeidx,count,1,1,596.869,ok
closure_placeidx,count,1,2,512.741,ok
closure_placeidx,count,1,3,442.134,ok
closure_placeidx,count,2,1,833.171,ok
closure_placeidx,count,2,2,955.45,ok
closure_placeidx,count,2,3,972.237,ok
closure_placeidx,count,3,1,869.621,ok
closure_placeidx,count,3,2,817.689,ok
closure_placeidx,count,3,3,964.089,ok
closure_placeidx,count,4,1,504.284,ok
closure_placeidx,count,4,2,491.574,ok
closure_placeidx,count,4,3,564.709,ok
closure_placeidx,count,5,1,1020.331,ok
closure_placeidx,count,5,2,1044.994,ok
closure_placeidx,count,5,3,1040.32,ok
closure_placeidx,count,6,1,1019.391,ok
closure_placeidx,count,6,2,1048.654,ok
closure_placeidx,count,6,3,930.644,ok
closure_placeidx,count,7,1,899.05,ok
closure_placeidx,count,7,2,1114.575,ok
closure_placeidx,count,7,3,844.906,ok
closure_placeidx,count,8,1,844.469,ok
closure_placeidx,count,8,2,797.13,ok
closure_placeidx,count,8,3,737.436,ok
closure_placeidx,count,9,1,1021.407,ok
closure_placeidx,count,9,2,1081.645,ok
closure_placeidx,count,9,3,1045.661,ok
closure_placeidx,count,10,1,487.564,ok
closure_placeidx,count,10,2,502.839,ok
closure_placeidx,count,10,3,517.89,ok
closure_placeidx,count,11,1,30.673,ok
closure_placeidx,count,11,2,15.482,ok
closure_placeidx,count,11,3,14.1,ok
closure_placeidx,count,12,1,29.055,ok
closure_placeidx,count,12,2,13.78,ok
closure_placeidx,count,12,3,13.693,ok
closure_placeidx,count,13,1,45.147,ok
closure_placeidx,count,13,2,21.669,ok
closure_placeidx,count,13,3,19.828,ok
closure_placeidx,count,14,1,127.804,ok
closure_placeidx,count,14,2,123.231,ok
closure_placeidx,count,14,3,109.801,ok
closure_placeidx,count,15,1,59.442,ok
closure_placeidx,count,15,2,32.547,ok
closure_placeidx,count,15,3,24.211,ok
closure_placeidx,count,16,1,40.867,ok
closure_placeidx,count,16,2,29.979,ok
closure_placeidx,count,16,3,21.371,ok
closure_placeidx,count,17,1,24.499,ok
closure_placeidx,count,17,2,13.146,ok
closure_placeidx,count,17,3,13.011,ok
closure_placeidx,count,18,1,200.849,ok
closure_placeidx,count,18,2,183.592,ok
closure_placeidx,count,18,3,183.155,ok
closure_placeidx,count,19,1,26.488,ok
closure_placeidx,count,19,2,13.804,ok
closure_placeidx,count,19,3,12.612,ok
closure_placeidx,count,20,1,304.38,ok
closure_placeidx,count,20,2,297.082,ok
closure_placeidx,count,20,3,315.958,ok
closure_placeidx,count,21,1,162.003,ok
closure_placeidx,count,21,2,151.051,ok
closure_placeidx,count,21,3,148.492,ok
closure_placeidx,count,22,1,50.297,ok
closure_placeidx,count,22,2,18.849,ok
closure_placeidx,count,22,3,25.353,ok
closure_placeidx,count,23,1,231.969,ok
closure_placeidx,count,23,2,222.427,ok
closure_placeidx,count,23,3,226.838,ok
closure_placeidx,count,24,1,62.3,ok
closure_placeidx,count,24,2,26.498,ok
closure_placeidx,count,24,3,34.873,ok
closure_placeidx,count,25,1,50.175,ok
closure_placeidx,count,25,2,29.749,ok
closure_placeidx,count,25,3,18.701,ok
closure_placeidx,count,26,1,18.593,ok
closure_placeidx,count,26,2,9.427,ok
closure_placeidx,count,26,3,8.545,ok
closure_placeidx,count,27,1,63.252,ok
closure_placeidx,count,27,2,42.973,ok
closure_placeidx,count,27,3,26.086,ok
closure_placeidx,count,28,1,156.172,ok
closure_placeidx,count,28,2,138.998,ok
closure_placeidx,count,28,3,150.498,ok
closure_placeidx,count,29,1,330.082,ok
closure_placeidx,count,29,2,311.42,ok
closure_placeidx,count,29,3,311.948,ok
closure_placeidx,count,30,1,147.311,ok
closure_placeidx,count,30,2,146.115,ok
closure_placeidx,count,30,3,150.374,ok
closure_placeidx,count,31,1,361.042,ok
closure_placeidx,count,31,2,326.022,ok
closure_placeidx,count,31,3,328.896,ok
closure_placeidx,count,32,1,300.923,ok
closure_placeidx,count,32,2,308.533,ok
closure_placeidx,count,32,3,295.927,ok
closure_placeidx,count,33,1,156.457,ok
closure_placeidx,count,33,2,152.929,ok
closure_placeidx,count,33,3,149.859,ok
closure_placeidx,count,34,1,200.159,ok
closure_placeidx,count,34,2,196.917,ok
closure_placeidx,count,34,3,199.981,ok
closure_placeidx,count,35,1,151.402,ok
closure_placeidx,count,35,2,143.118,ok
closure_placeidx,count,35,3,141.441,ok
closure_placeidx,count,36,1,88.301,ok
closure_placeidx,count,36,2,80.876,ok
closure_placeidx,count,36,3,80.366,ok
closure_placeidx,count,37,1,18.547,ok
closure_placeidx,count,37,2,8.93,ok
closure_placeidx,count,37,3,8.812,ok
closure_placeidx,count,38,1,318.418,ok
closure_placeidx,count,38,2,345.396,ok
closure_placeidx,count,38,3,314.649,ok
closure_placeidx,count,39,1,26.979,ok
closure_placeidx,count,39,2,10.771,ok
closure_placeidx,count,39,3,10.7,ok
closure_placeidx,count,40,1,34.303,ok
closure_placeidx,count,40,2,16.535,ok
closure_placeidx,count,40,3,15.55,ok
closure_placeidx,count,41,1,26.726,ok
closure_placeidx,count,41,2,21.747,ok
closure_placeidx,count,41,3,14.021,ok
closure_placeidx,count,42,1,186.865,ok
closure_placeidx,count,42,2,181.349,ok
closure_placeidx,count,42,3,187.207,ok
closure_placeidx,count,43,1,43.725,ok
closure_placeidx,count,43,2,17.469,ok
closure_placeidx,count,43,3,16.655,ok
closure_placeidx,count,44,1,15.759,ok
closure_placeidx,count,44,2,6.776,ok
closure_placeidx,count,44,3,6.8,ok
closure_placeidx,count,45,1,18.121,ok
closure_placeidx,count,45,2,7.949,ok
closure_placeidx,count,45,3,8.098,ok
closure_placeidx,count,46,1,132.83,ok
closure_placeidx,count,46,2,144.321,ok
closure_placeidx,count,46,3,135.057,ok
closure_placeidx,count,47,1,139.104,ok
closure_placeidx,count,47,2,123.427,ok
closure_placeidx,count,47,3,111.233,ok
closure_placeidx,count,48,1,19.485,ok
closure_placeidx,count,48,2,8.433,ok
closure_placeidx,count,48,3,7.991,ok
closure_placeidx,count,49,1,28.25,ok
closure_placeidx,count,49,2,11.873,ok
closure_placeidx,count,49,3,11.989,ok
closure_placeidx,count,50,1,42.508,ok
closure_placeidx,count,50,2,23.055,ok
closure_placeidx,count,50,3,15.854,ok
closure_placeidx,count,51,1,24.79,ok
closure_placeidx,count,51,2,23.092,ok
closure_placeidx,count,51,3,21.775,ok
closure_placeidx,count,52,1,14.494,ok
closure_placeidx,count,52,2,13.398,ok
closure_placeidx,count,52,3,11.42,ok
closure_placeidx,count,53,1,19.852,ok
closure_placeidx,count,53,2,18.591,ok
closure_placeidx,count,53,3,27.247,ok
closure_placeidx,count,54,1,18.911,ok
closure_placeidx,count,54,2,12.108,ok
closure_placeidx,count,54,3,12.201,ok
closure_placeidx,count,55,1,23.803,ok
closure_placeidx,count,55,2,20.599,ok
closure_placeidx,count,55,3,21.973,ok
closure_placeidx,count,56,1,72.967,ok
closure_placeidx,count,56,2,67.028,ok
closure_placeidx,count,56,3,65.607,ok
closure_placeidx,count,57,1,15.349,ok
closure_placeidx,count,57,2,12.985,ok
closure_placeidx,count,57,3,13.125,ok
closure_placeidx,count,59,1,11.887,ok
closure_placeidx,count,59,2,10.435,ok
closure_placeidx,count,59,3,10.233,ok
closure_placeidx,count,60,1,61.484,ok
closure_placeidx,count,60,2,65.037,ok
closure_placeidx,count,60,3,58.421,ok
closure_placeidx,count,61,1,19.601,ok
closure_placeidx,count,61,2,17.579,ok
closure_placeidx,count,61,3,17.752,ok
closure_placeidx,count,62,1,24.744,ok
closure_placeidx,count,62,2,25.42,ok
closure_placeidx,count,62,3,23.939,ok
closure_placeidx,count,63,1,31.361,ok
closure_placeidx,count,63,2,12.047,ok
closure_placeidx,count,63,3,11.462,ok
closure_placeidx,count,64,1,10.355,ok
closure_placeidx,count,64,2,10.29,ok
closure_placeidx,count,64,3,9.564,ok
closure_placeidx,count,65,1,9.384,ok
closure_placeidx,count,65,2,7.919,ok
closure_placeidx,count,65,3,7.748,ok
closure_placeidx,count,66,1,25.189,ok
closure_placeidx,count,66,2,12.938,ok
closure_placeidx,count,66,3,11.236,ok
closure_placeidx,count,67,1,7.181,ok
closure_placeidx,count,67,2,6.993,ok
closure_placeidx,count,67,3,5.816,ok
closure_placeidx,count,68,1,15.996,ok
closure_placeidx,count,68,2,11.539,ok
closure_placeidx,count,68,3,11.9,ok
closure_placeidx,count,69,1,29.331,ok
closure_placeidx,count,69,2,13.75,ok
closure_placeidx,count,69,3,9.868,ok
closure_placeidx,count,70,1,28.101,ok
closure_placeidx,count,70,2,21.957,ok
closure_placeidx,count,70,3,21.886,ok
closure_placeidx,count,71,1,13.194,ok
closure_placeidx,count,71,2,10.638,ok
closure_placeidx,count,71,3,10.989,ok
closure_placeidx,count,72,1,115.98,ok
closure_placeidx,count,72,2,92.815,ok
closure_placeidx,count,72,3,84.589,ok
closure_placeidx,count,73,1,15.339,ok
closure_placeidx,count,73,2,9.666,ok
closure_placeidx,count,73,3,9.605,ok
closure_placeidx,count,74,1,7.492,ok
closure_placeidx,count,74,2,7.038,ok
closure_placeidx,count,74,3,6.933,ok
closure_placeidx,count,75,1,7.838,ok
closure_placeidx,count,75,2,6.279,ok
closure_placeidx,count,75,3,6.86,ok
closure_placeidx,count,76,1,12.111,ok
closure_placeidx,count,76,2,9.585,ok
closure_placeidx,count,76,3,9.499,ok
closure_placeidx,count,77,1,21.006,ok
closure_placeidx,count,77,2,8.751,ok
closure_placeidx,count,77,3,8.483,ok
closure_placeidx,count,78,1,14.81,ok
closure_placeidx,count,78,2,12.742,ok
closure_placeidx,count,78,3,12.953,ok
closure_placeidx,count,79,1,6.922,ok
closure_placeidx,count,79,2,6.412,ok
closure_placeidx,count,79,3,5.624,ok
closure_placeidx,count,80,1,11.079,ok
closure_placeidx,count,80,2,10.703,ok
closure_placeidx,count,80,3,12.268,ok
closure_placeidx,count,81,1,80.205,ok
closure_placeidx,count,81,2,88.831,ok
closure_placeidx,count,81,3,93.174,ok
closure_placeidx,count,82,1,34.356,ok
closure_placeidx,count,82,2,30.802,ok
closure_placeidx,count,82,3,22.891,ok
closure_placeidx,count,83,1,11.545,ok
closure_placeidx,count,83,2,9.299,ok
closure_placeidx,count,83,3,9.683,ok
closure_placeidx,count,84,1,26.925,ok
closure_placeidx,count,84,2,11.833,ok
closure_placeidx,count,84,3,11.013,ok
closure_placeidx,count,85,1,51.169,ok
closure_placeidx,count,85,2,35.548,ok
closure_placeidx,count,85,3,23.751,ok
closure_placeidx,count,86,1,18.115,ok
closure_placeidx,count,86,2,15.132,ok
closure_placeidx,count,86,3,17.134,ok
closure_placeidx,count,87,1,10.223,ok
closure_placeidx,count,87,2,11.7,ok
closure_placeidx,count,87,3,14.351,ok
closure_placeidx,count,88,1,22.413,ok
closure_placeidx,count,88,2,9.587,ok
closure_placeidx,count,88,3,8.897,ok
closure_placeidx,count,89,1,28.315,ok
closure_placeidx,count,89,2,31.224,ok
closure_placeidx,count,89,3,25.896,ok
closure_placeidx,count,90,1,120.193,ok
closure_placeidx,count,90,2,83.538,ok
closure_placeidx,count,90,3,80.871,ok
closure_placeidx,count,91,1,24.169,ok
closure_placeidx,count,91,2,10.05,ok
closure_placeidx,count,91,3,9.517,ok
closure_placeidx,count,92,1,18.048,ok
closure_placeidx,count,92,2,12.774,ok
closure_placeidx,count,92,3,19.338,ok
closure_placeidx,count,93,1,48.46,ok
closure_placeidx,count,93,2,19.262,ok
closure_placeidx,count,93,3,16.537,ok
closure_placeidx,count,94,1,26.102,ok
closure_placeidx,count,94,2,26.744,ok
closure_placeidx,count,94,3,24.19,ok
closure_placeidx,count,95,1,37.683,ok
closure_placeidx,count,95,2,18.245,ok
closure_placeidx,count,95,3,14.171,ok
closure_placeidx,count,96,1,15.697,ok
closure_placeidx,count,96,2,6.833,ok
closure_placeidx,count,96,3,6.622,ok
closure_placeidx,count,97,1,22.07,ok
closure_placeidx,count,97,2,9.808,ok
closure_placeidx,count,97,3,9.732,ok
closure_placeidx,count,98,1,22.018,ok
closure_placeidx,count,98,2,10.039,ok
closure_placeidx,count,98,3,9.034,ok
closure_placeidx,count,99,1,10.001,ok
closure_placeidx,count,99,2,10.412,ok
closure_placeidx,count,99,3,8.752,ok
closure_placeidx,count,100,1,11.384,ok
closure_placeidx,count,100,2,10.724,ok
closure_placeidx,count,100,3,11.103,ok
closure_placeidx,count,101,1,23.496,ok
closure_placeidx,count,101,2,12.416,ok
closure_placeidx,count,101,3,11.54,ok
closure_placeidx,count,102,1,7.49,ok
closure_placeidx,count,102,2,5.863,ok
closure_placeidx,count,102,3,6.129,ok
closure_placeidx,count,103,1,1.402,ok
closure_placeidx,count,103,2,1.202,ok
closure_placeidx,count,103,3,1.804,ok
closure_placeidx,count,104,1,1.987,ok
closure_placeidx,count,104,2,1.733,ok
closure_placeidx,count,104,3,1.661,ok
closure_placeidx,count,105,1,1.501,ok
closure_placeidx,count,105,2,1.498,ok
closure_placeidx,count,105,3,1.112,ok
closure_placeidx,count,106,1,2.167,ok
closure_placeidx,count,106,2,2.82,ok
closure_placeidx,count,106,3,2.018,ok
closure_placeidx,count,107,1,2.956,ok
closure_placeidx,count,107,2,2.487,ok
closure_placeidx,count,107,3,2.394,ok
closure_placeidx,count,108,1,1.919,ok
closure_placeidx,count,108,2,1.622,ok
closure_placeidx,count,108,3,1.715,ok
closure_placeidx,count,109,1,4.688,ok
closure_placeidx,count,109,2,4.014,ok
closure_placeidx,count,109,3,4.3,ok
closure_placeidx,count,110,1,1.701,ok
closure_placeidx,count,110,2,1.466,ok
closure_placeidx,count,110,3,1.48,ok
closure_placeidx,count,111,1,2.099,ok
closure_placeidx,count,111,2,2.162,ok
closure_placeidx,count,111,3,1.788,ok
closure_placeidx,count,112,1,32.661,ok
closure_placeidx,count,112,2,15.043,ok
closure_placeidx,count,112,3,17.054,ok
closure_placeidx,count,113,1,18.656,ok
closure_placeidx,count,113,2,7.385,ok
closure_placeidx,count,113,3,8.149,ok
closure_placeidx,count,114,1,31.483,ok
closure_placeidx,count,114,2,24.915,ok
closure_placeidx,count,114,3,21.011,ok
closure_placeidx,count,115,1,18.955,ok
closure_placeidx,count,115,2,7.215,ok
closure_placeidx,count,115,3,7.624,ok
closure_placeidx,count,116,1,2.331,ok
closure_placeidx,count,116,2,1.975,ok
closure_placeidx,count,116,3,1.706,ok
closure_placeidx,count,117,1,24.371,ok
closure_placeidx,count,117,2,15.47,ok
closure_placeidx,count,117,3,10.03,ok
closure_placeidx,count,118,1,2.835,ok
closure_placeidx,count,118,2,2.202,ok
closure_placeidx,count,118,3,2.371,ok
closure_placeidx,count,119,1,22.769,ok
closure_placeidx,count,119,2,12.829,ok
closure_placeidx,count,119,3,12.575,ok
closure_placeidx,count,120,1,2.224,ok
closure_placeidx,count,120,2,1.657,ok
closure_placeidx,count,120,3,1.398,ok
closure_placeidx,count,121,1,17.753,ok
closure_placeidx,count,121,2,8.101,ok
closure_placeidx,count,121,3,7.52,ok
closure_placeidx,count,122,1,24.094,ok
closure_placeidx,count,122,2,10.922,ok
closure_placeidx,count,122,3,11.482,ok
closure_placeidx,count,123,1,7.375,ok
closure_placeidx,count,123,2,6.312,ok
closure_placeidx,count,123,3,5.86,ok
closure_placeidx,count,124,1,14.567,ok
closure_placeidx,count,124,2,6.364,ok
closure_placeidx,count,124,3,6.969,ok
closure_placeidx,count,125,1,22.015,ok
closure_placeidx,count,125,2,35.424,ok
closure_placeidx,count,125,3,11.713,ok
closure_placeidx,count,126,1,19.352,ok
closure_placeidx,count,126,2,7.422,ok
closure_placeidx,count,126,3,8.127,ok
closure_placeidx,count,127,1,16.948,ok
closure_placeidx,count,127,2,6.845,ok
closure_placeidx,count,127,3,6.936,ok
closure_placeidx,count,128,1,2.823,ok
closure_placeidx,count,128,2,2.286,ok
closure_placeidx,count,128,3,2.419,ok
closure_placeidx,count,129,1,27.492,ok
closure_placeidx,count,129,2,12.515,ok
closure_placeidx,count,129,3,11.568,ok
closure_placeidx,count,130,1,2.292,ok
closure_placeidx,count,130,2,2.567,ok
closure_placeidx,count,130,3,1.769,ok
closure_placeidx,count,131,1,52.165,ok
closure_placeidx,count,131,2,33.203,ok
closure_placeidx,count,131,3,28.624,ok
closure_placeidx,count,132,1,1.982,ok
closure_placeidx,count,132,2,1.615,ok
closure_placeidx,count,132,3,1.505,ok
closure_placeidx,count,133,1,20.007,ok
closure_placeidx,count,133,2,6.574,ok
closure_placeidx,count,133,3,6.151,ok
closure_placeidx,count,134,1,1.791,ok
closure_placeidx,count,134,2,1.354,ok
closure_placeidx,count,134,3,1.275,ok
closure_placeidx,count,135,1,77.157,ok
closure_placeidx,count,135,2,60.515,ok
closure_placeidx,count,135,3,57.51,ok
closure_placeidx,count,136,1,16.533,ok
closure_placeidx,count,136,2,7.736,ok
closure_placeidx,count,136,3,6.865,ok
closure_placeidx,count,137,1,5.472,ok
closure_placeidx,count,137,2,5.154,ok
closure_placeidx,count,137,3,4.682,ok
closure_placeidx,count,138,1,25.135,ok
closure_placeidx,count,138,2,10.505,ok
closure_placeidx,count,138,3,10.114,ok
closure_placeidx,count,139,1,2.023,ok
closure_placeidx,count,139,2,1.531,ok
closure_placeidx,count,139,3,1.473,ok
closure_placeidx,count,140,1,28.212,ok
closure_placeidx,count,140,2,13.728,ok
closure_placeidx,count,140,3,12.846,ok
closure_placeidx,count,141,1,1.459,ok
closure_placeidx,count,141,2,1.132,ok
closure_placeidx,count,141,3,0.946,ok
closure_placeidx,count,142,1,2.257,ok
closure_placeidx,count,142,2,1.849,ok
closure_placeidx,count,142,3,1.739,ok
closure_placeidx,count,143,1,20.495,ok
closure_placeidx,count,143,2,8.917,ok
closure_placeidx,count,143,3,8.521,ok
closure_placeidx,count,144,1,5.089,ok
closure_placeidx,count,144,2,4.732,ok
closure_placeidx,count,144,3,4.005,ok
closure_placeidx,count,145,1,13.694,ok
closure_placeidx,count,145,2,6.144,ok
closure_placeidx,count,145,3,5.779,ok
closure_placeidx,count,146,1,1.743,ok
closure_placeidx,count,146,2,1.243,ok
closure_placeidx,count,146,3,1.266,ok
closure_placeidx,count,147,1,16.305,ok
closure_placeidx,count,147,2,7.228,ok
closure_placeidx,count,147,3,6.837,ok
closure_placeidx,count,148,1,29.239,ok
closure_placeidx,count,148,2,16.388,ok
closure_placeidx,count,148,3,12.124,ok
closure_placeidx,count,149,1,13.975,ok
closure_placeidx,count,149,2,7.176,ok
closure_placeidx,count,149,3,11.489,ok
closure_placeidx,count,150,1,42.151,ok
closure_placeidx,count,150,2,20.484,ok
closure_placeidx,count,150,3,18.711,ok
closure_placeidx,count,151,1,61.58,ok
closure_placeidx,count,151,2,51.014,ok
closure_placeidx,count,151,3,56.341,ok
closure_placeidx,count,152,1,81.078,ok
closure_placeidx,count,152,2,89.929,ok
closure_placeidx,count,152,3,86.826,ok
closure_placeidx,count,153,1,2.387,ok
closure_placeidx,count,153,2,2.095,ok
closure_placeidx,count,153,3,1.794,ok
closure_placeidx,count,154,1,1.362,ok
closure_placeidx,count,154,2,1.24,ok
closure_placeidx,count,154,3,1.023,ok
closure_placeidx,count,155,1,1.057,ok
closure_placeidx,count,155,2,0.903,ok
closure_placeidx,count,155,3,0.767,ok
closure_placeidx,count,157,1,4.763,ok
closure_placeidx,count,157,2,4.469,ok
closure_placeidx,count,157,3,4.449,ok
closure_placeidx,count,158,1,1.002,ok
closure_placeidx,count,158,2,0.881,ok
closure_placeidx,count,158,3,0.755,ok
closure_placeidx,count,159,1,0.694,ok
closure_placeidx,count,159,2,0.736,ok
closure_placeidx,count,159,3,0.7,ok
closure_placeidx,count,160,1,0.96,ok
closure_placeidx,count,160,2,0.849,ok
closure_placeidx,count,160,3,0.935,ok
closure_placeidx,count,161,1,1.287,ok
closure_placeidx,count,161,2,1.064,ok
closure_placeidx,count,161,3,0.919,ok
closure_placeidx,count,163,1,7.922,ok
closure_placeidx,count,163,2,8.181,ok
closure_placeidx,count,163,3,7.352,ok
closure_placeidx,count,164,1,0.847,ok
closure_placeidx,count,164,2,0.759,ok
closure_placeidx,count,164,3,0.579,ok
closure_placeidx,count,165,1,1.292,ok
closure_placeidx,count,165,2,1.211,ok
closure_placeidx,count,165,3,1.106,ok
closure_placeidx,count,166,1,0.756,ok
closure_placeidx,count,166,2,0.609,ok
closure_placeidx,count,166,3,0.537,ok
closure_placeidx,count,167,1,1.656,ok
closure_placeidx,count,167,2,1.566,ok
closure_placeidx,count,167,3,1.568,ok
closure_placeidx,count,168,1,16.21,ok
closure_placeidx,count,168,2,7.079,ok
closure_placeidx,count,168,3,6.645,ok
closure_placeidx,count,169,1,0.89,ok
closure_placeidx,count,169,2,0.671,ok
closure_placeidx,count,169,3,0.662,ok
closure_placeidx,count,170,1,13.655,ok
closure_placeidx,count,170,2,7.111,ok
closure_placeidx,count,170,3,5.917,ok
closure_placeidx,count,171,1,6.745,ok
closure_placeidx,count,171,2,6.43,ok
closure_placeidx,count,171,3,6.059,ok
closure_placeidx,count,172,1,19.014,ok
closure_placeidx,count,172,2,8.437,ok
closure_placeidx,count,172,3,8.481,ok
closure_placeidx,count,173,1,33.212,ok
closure_placeidx,count,173,2,20.652,ok
closure_placeidx,count,173,3,18.926,ok
closure_placeidx,count,174,1,23.026,ok
closure_placeidx,count,174,2,10.718,ok
closure_placeidx,count,174,3,10.349,ok
closure_placeidx,count,175,1,1.324,ok
closure_placeidx,count,175,2,0.924,ok
closure_placeidx,count,175,3,0.724,ok
closure_placeidx,count,176,1,0.746,ok
closure_placeidx,count,176,2,0.651,ok
closure_placeidx,count,176,3,0.726,ok
closure_placeidx,count,177,1,1.851,ok
closure_placeidx,count,177,2,1.102,ok
closure_placeidx,count,177,3,1.371,ok
closure_placeidx,count,178,1,0.838,ok
closure_placeidx,count,178,2,0.947,ok
closure_placeidx,count,178,3,0.75,ok
closure_placeidx,count,179,1,3.991,ok
closure_placeidx,count,179,2,3.848,ok
closure_placeidx,count,179,3,3.783,ok
closure_placeidx,count,180,1,1.242,ok
closure_placeidx,count,180,2,0.76,ok
closure_placeidx,count,180,3,0.706,ok
closure_placeidx,count,181,1,2.936,ok
closure_placeidx,count,181,2,2.529,ok
closure_placeidx,count,181,3,2.907,ok
closure_placeidx,count,182,1,0.792,ok
closure_placeidx,count,182,2,0.702,ok
closure_placeidx,count,182,3,0.949,ok
closure_placeidx,count,183,1,1.056,ok
closure_placeidx,count,183,2,0.706,ok
closure_placeidx,count,183,3,0.603,ok
closure_placeidx,count,184,1,20.2,ok
closure_placeidx,count,184,2,8.671,ok
closure_placeidx,count,184,3,8.209,ok
closure_placeidx,count,185,1,0.969,ok
closure_placeidx,count,185,2,0.893,ok
closure_placeidx,count,185,3,0.659,ok
closure_placeidx,count,186,1,2.197,ok
closure_placeidx,count,186,2,1.934,ok
closure_placeidx,count,186,3,2.388,ok
closure_placeidx,count,187,1,19.266,ok
closure_placeidx,count,187,2,8.074,ok
closure_placeidx,count,187,3,8.193,ok
closure_placeidx,count,188,1,30.128,ok
closure_placeidx,count,188,2,13.491,ok
closure_placeidx,count,188,3,13.322,ok
closure_placeidx,count,189,1,1.04,ok
closure_placeidx,count,189,2,0.68,ok
closure_placeidx,count,189,3,0.915,ok
closure_placeidx,count,190,1,1.192,ok
closure_placeidx,count,190,2,1.112,ok
closure_placeidx,count,190,3,1.17,ok
closure_placeidx,count,191,1,0.826,ok
closure_placeidx,count,191,2,0.821,ok
closure_placeidx,count,191,3,0.743,ok
closure_placeidx,count,192,1,1.519,ok
closure_placeidx,count,192,2,1.404,ok
closure_placeidx,count,192,3,1.353,ok
closure_placeidx,count,193,1,1.018,ok
closure_placeidx,count,193,2,0.768,ok
closure_placeidx,count,193,3,0.634,ok
closure_placeidx,count,194,1,0.547,ok
closure_placeidx,count,194,2,0.597,ok
closure_placeidx,count,194,3,0.509,ok
closure_placeidx,count,195,1,38.402,ok
closure_placeidx,count,195,2,33.221,ok
closure_placeidx,count,195,3,87.032,ok
closure_placeidx,count,196,1,1.26,ok
closure_placeidx,count,196,2,0.884,ok
closure_placeidx,count,196,3,0.945,ok
closure_placeidx,count,197,1,1.105,ok
closure_placeidx,count,197,2,0.653,ok
closure_placeidx,count,197,3,0.531,ok
closure_placeidx,count,198,1,0.841,ok
closure_placeidx,count,198,2,0.561,ok
closure_placeidx,count,198,3,0.487,ok
closure_placeidx,count,199,1,34.077,ok
closure_placeidx,count,199,2,32.715,ok
closure_placeidx,count,199,3,45.232,ok
closure_placeidx,count,200,1,1.051,ok
closure_placeidx,count,200,2,0.629,ok
closure_placeidx,count,200,3,0.478,ok
closure_placeidx,count,201,1,17.575,ok
closure_placeidx,count,201,2,7.822,ok
closure_placeidx,count,201,3,8.476,ok
closure_placeidx,count,202,1,1.974,ok
closure_placeidx,count,202,2,1.149,ok
closure_placeidx,count,202,3,0.976,ok
closure_placeidx,count,203,1,0.837,ok
closure_placeidx,count,203,2,0.708,ok
closure_placeidx,count,203,3,0.777,ok
closure_placeidx,count,204,1,0.512,ok
closure_placeidx,count,204,2,0.431,ok
closure_placeidx,count,204,3,0.368,ok
closure_placeidx,count,205,1,0.328,ok
closure_placeidx,count,205,2,0.297,ok
closure_placeidx,count,205,3,0.263,ok
closure_placeidx,count,206,1,0.287,ok
closure_placeidx,count,206,2,0.254,ok
closure_placeidx,count,206,3,0.378,ok
closure_placeidx,count,207,1,0.458,ok
closure_placeidx,count,207,2,0.615,ok
closure_placeidx,count,207,3,0.428,ok
closure_placeidx,count,208,1,0.715,ok
closure_placeidx,count,208,2,0.71,ok
closure_placeidx,count,208,3,0.638,ok
closure_placeidx,count,209,1,0.588,ok
closure_placeidx,count,209,2,0.631,ok
closure_placeidx,count,209,3,2.195,ok
closure_placeidx,count,210,1,0.801,ok
closure_placeidx,count,210,2,0.718,ok
closure_placeidx,count,210,3,0.635,ok
closure_placeidx,count,211,1,0.888,ok
closure_placeidx,count,211,2,0.757,ok
closure_placeidx,count,211,3,1.169,ok
closure_placeidx,count,212,1,0.693,ok
closure_placeidx,count,212,2,0.626,ok
closure_placeidx,count,212,3,0.684,ok
closure_placeidx,count,213,1,0.562,ok
closure_placeidx,count,213,2,0.536,ok
closure_placeidx,count,213,3,0.79,ok
closure_placeidx,count,214,1,0.746,ok
closure_placeidx,count,214,2,0.813,ok
closure_placeidx,count,214,3,0.628,ok
closure_placeidx,count,215,1,2.01,ok
closure_placeidx,count,215,2,0.677,ok
closure_placeidx,count,215,3,0.568,ok
closure_placeidx,count,216,1,26.274,ok
closure_placeidx,count,216,2,13.025,ok
closure_placeidx,count,216,3,69.871,ok
closure_placeidx,count,217,1,60.256,ok
closure_placeidx,count,217,2,10.382,ok
closure_placeidx,count,217,3,9.778,ok
closure_placeidx,count,218,1,0.916,ok
closure_placeidx,count,218,2,1.099,ok
closure_placeidx,count,218,3,0.741,ok
closure_placeidx,count,219,1,0.871,ok
closure_placeidx,count,219,2,0.883,ok
closure_placeidx,count,219,3,0.833,ok
closure_placeidx,count,220,1,0.899,ok
closure_placeidx,count,220,2,0.723,ok
closure_placeidx,count,220,3,0.521,ok
closure_placeidx,count,221,1,0.809,ok
closure_placeidx,count,221,2,1.44,ok
closure_placeidx,count,221,3,0.895,ok
closure_placeidx,count,222,1,26.264,ok
closure_placeidx,count,222,2,12.438,ok
closure_placeidx,count,222,3,11.5,ok
closure_placeidx,count,223,1,1.143,ok
closure_placeidx,count,223,2,0.796,ok
closure_placeidx,count,223,3,0.576,ok
closure_placeidx,count,224,1,0.69,ok
closure_placeidx,count,224,2,0.618,ok
closure_placeidx,count,224,3,0.65,ok
closure_placeidx,count,225,1,1.092,ok
closure_placeidx,count,225,2,0.86,ok
closure_placeidx,count,225,3,1.105,ok
closure_placeidx,count,226,1,0.739,ok
closure_placeidx,count,226,2,0.719,ok
closure_placeidx,count,226,3,0.774,ok
closure_placeidx,count,227,1,0.698,ok
closure_placeidx,count,227,2,0.801,ok
closure_placeidx,count,227,3,0.654,ok
closure_placeidx,count,228,1,0.596,ok
closure_placeidx,count,228,2,0.628,ok
closure_placeidx,count,228,3,0.749,ok
closure_placeidx,count,229,1,0.643,ok
closure_placeidx,count,229,2,0.435,ok
closure_placeidx,count,229,3,0.363,ok
closure_placeidx,count,230,1,24.817,ok
closure_placeidx,count,230,2,12.318,ok
closure_placeidx,count,230,3,11.789,ok
closure_placeidx,count,231,1,1.058,ok
closure_placeidx,count,231,2,1.022,ok
closure_placeidx,count,231,3,0.853,ok
closure_placeidx,count,232,1,0.608,ok
closure_placeidx,count,232,2,0.468,ok
closure_placeidx,count,232,3,0.405,ok
closure_placeidx,count,233,1,0.571,ok
closure_placeidx,count,233,2,0.595,ok
closure_placeidx,count,233,3,0.841,ok
closure_placeidx,count,234,1,22.737,ok
closure_placeidx,count,234,2,10.702,ok
closure_placeidx,count,234,3,10.594,ok
closure_placeidx,count,235,1,0.696,ok
closure_placeidx,count,235,2,0.454,ok
closure_placeidx,count,235,3,0.937,ok
closure_placeidx,count,236,1,16.662,ok
closure_placeidx,count,236,2,6.998,ok
closure_placeidx,count,236,3,6.783,ok
closure_placeidx,count,237,1,31.943,ok
closure_placeidx,count,237,2,17.52,ok
closure_placeidx,count,237,3,15.191,ok
closure_placeidx,count,238,1,0.928,ok
closure_placeidx,count,238,2,0.619,ok
closure_placeidx,count,238,3,0.728,ok
closure_placeidx,count,239,1,16.712,ok
closure_placeidx,count,239,2,8.451,ok
closure_placeidx,count,239,3,7.913,ok
closure_placeidx,count,240,1,0.978,ok
closure_placeidx,count,240,2,0.735,ok
closure_placeidx,count,240,3,0.674,ok
closure_placeidx,count,241,1,18.83,ok
closure_placeidx,count,241,2,8.986,ok
closure_placeidx,count,241,3,8.994,ok
closure_placeidx,count,242,1,0.842,ok
closure_placeidx,count,242,2,0.923,ok
closure_placeidx,count,242,3,0.84,ok
closure_placeidx,count,243,1,0.962,ok
closure_placeidx,count,243,2,0.551,ok
closure_placeidx,count,243,3,1.093,ok
closure_placeidx,count,244,1,0.758,ok
closure_placeidx,count,244,2,0.834,ok
closure_placeidx,count,244,3,0.837,ok
closure_placeidx,count,245,1,0.99,ok
closure_placeidx,count,245,2,0.963,ok
closure_placeidx,count,245,3,0.903,ok
closure_placeidx,count,246,1,0.686,ok
closure_placeidx,count,246,2,0.722,ok
closure_placeidx,count,246,3,0.866,ok
closure_placeidx,count,247,1,0.785,ok
closure_placeidx,count,247,2,0.742,ok
closure_placeidx,count,247,3,0.756,ok
closure_placeidx,count,248,1,0.804,ok
closure_placeidx,count,248,2,0.813,ok
closure_placeidx,count,248,3,0.773,ok
closure_placeidx,count,249,1,0.523,ok
closure_placeidx,count,249,2,0.551,ok
closure_placeidx,count,249,3,0.671,ok
closure_placeidx,count,250,1,24.018,ok
closure_placeidx,count,250,2,11.62,ok
closure_placeidx,count,250,3,10.921,ok
closure_placeidx,count,251,1,2.495,ok
closure_placeidx,count,251,2,2.122,ok
closure_placeidx,count,251,3,2.152,ok
closure_placeidx,count,252,1,33.135,ok
closure_placeidx,count,252,2,14.514,ok
closure_placeidx,count,252,3,13.956,ok
closure_placeidx,count,253,1,1.052,ok
closure_placeidx,count,253,2,0.853,ok
closure_placeidx,count,253,3,0.769,ok
